kepid,KOI,period,phase,tau,snr,snrd_pvalue,holczer
9022166,2175.01,26.847509624248207,21.628848324962465,0.2060627483761536,41.059267465204016,0.007815610112924,False
10797460,752.02,54.41818278795562,31.001658731318223,0.0906967319793664,24.497022227581777,0.2836463236679563,False
6851425,163.01,11.119864235297896,8.240731092475283,0.0668476462782845,103.5572298948518,0.0607606683562967,False
5561278,1621.01,20.310407717557307,5.974222047668765,0.1091189131020631,41.8627400307399,0.003355303208811,False
7761545,1472.01,85.3511216240439,29.49493628786988,0.1324297812119925,142.31175393264127,6.563063059683573e-08,True
5456651,835.01,11.763031341506183,2.372028685816278,0.0590493674635256,59.35336222424127,0.0767099602423757,False
10227020,730.01,14.787226037111749,0.9258819783783332,0.1311555221564657,50.16531981878758,0.0013047438824961,True
8612847,1264.01,14.131679566503854,10.74910957542596,0.0763249238187739,40.33829155681244,0.7508030017695787,False
8822216,581.02,151.86378413358395,11.800377922809588,0.1747487864692103,14.918404522643645,0.4645087488419512,False
2975770,1788.02,369.0581958044864,38.15763399242961,0.1165920635734542,15.145270527048243,0.5274635562893495,False
7373451,881.02,226.8894912963227,75.84852109179776,0.1416270343820777,36.30144481449673,4.329869796038111e-15,False
8611257,2931.01,99.25255507943464,17.021563215253153,0.1226859004839047,17.414193649230157,0.0572730428332894,False
11288051,241.02,30.95035721354195,22.33788109576451,0.0979366118572108,30.65431195691744,0.0022280235890441,False
10353968,618.01,9.070948670714628,1.4763001171399348,0.0547588888304227,65.66303629602086,0.2420583201456301,False
8120608,571.02,13.342950866499631,5.362688146424746,0.0556040893966739,44.34712606665429,0.1572179318258261,False
11656246,1532.01,18.114646181727917,15.978997967079636,0.1017201453335727,50.9202572442772,0.1724822306380614,False
6508221,416.01,18.207885323605627,17.914561307771688,0.0748838413753623,160.297174327008,0.5866688559131596,False
4644604,628.01,14.485809507872656,0.0350384306731145,0.0571019106147125,56.15380023317921,0.0904967993830674,False
7303287,1353.01,125.86474585432212,105.14697307372992,0.1693436060033294,308.9199173677869,4.902280803520398e-10,True
9390653,249.01,9.549235141183498,6.047928549596833,0.0317099568854741,113.43092794822276,0.164834747586013,False
3859079,1199.01,53.529104449469415,16.352090215786507,0.1140782049991077,35.082954553620546,0.5540830619968311,False
9141746,929.01,6.4916577773584505,4.869149395485861,0.0810416822442725,549.7825955869204,4.570291300265428e-05,False
10843590,431.02,46.90246169504432,22.78992656268245,0.0792740826048053,36.6545653998999,0.9038688517502078,False
9607164,587.01,14.03484956132206,12.022626756187238,0.0730061883662934,70.76561779315821,0.1767598291617366,False
11027624,1439.01,394.6229150051306,57.30391737438024,0.4790004046317272,117.80616659491632,0.8219997716090218,False
5640085,448.02,43.57497341008192,19.70285857602404,0.1109456983919687,55.00728333748052,0.0,True
8282846,4015.01,133.30270940461588,36.24766825579858,0.1509646934136202,21.36042822692336,0.8376703812272901,False
11017901,1800.01,7.79426714057322,1.1319858881138851,0.0166471600391651,345.29965634906057,0.2080072097378718,False
12735740,3663.01,282.5244626121762,242.53117980807252,0.2050091098439773,445.5915569995935,0.0411511870166244,False
5219234,1563.01,5.487083833206042,3.6788086238673112,0.055678743669484,58.38792926705288,0.122653637042327,False
5364071,248.01,7.203831221303503,2.7536949722864867,0.0516130683754575,105.95480966959371,4.7602356834097754e-08,True
7434875,884.01,9.43942437030853,7.9153362920315535,0.0577125631783203,160.47879603090075,8.448797217397441e-14,False
10130039,1909.01,12.757938973469948,0.6609466252987878,0.0848510971359735,42.57593347801043,0.0016964148195356,False
11176166,5875.01,9.878970667012894,7.945147509755505,0.0574470804372812,22.58921662513933,0.0609049087566629,False
9472000,2082.01,31.588747189057905,24.10338499481583,0.069759247020595,29.035389887788867,0.5411835879567115,False
9597345,711.03,124.52397473250316,122.6645195875442,0.1961104586052685,45.85890796195999,0.0002015248699706,False
8009350,1569.01,13.752038645123363,11.518265284822483,0.055040883802149,39.99271903528543,0.4913496446050575,False
5978559,2321.01,95.61127864241156,6.844597899176519,0.1521541503636709,22.208149125520546,0.3928432197395891,False
7456001,1517.01,40.06852647618192,20.296231615028976,0.1195301823493711,55.17545910599957,0.9888242312622874,False
4143755,281.01,19.55653381774533,9.833965351076513,0.1643537023057171,92.32270102135804,0.4883486314844721,False
1871056,1001.02,140.10676385629714,95.68009370637446,0.3796559271934387,20.012483204949543,0.9961071301902984,False
4472818,3878.01,70.967066918881,62.12860092425856,0.1401847552262235,37.67636941855179,0.6593105416053123,False
7503885,3417.01,91.07685375464352,43.53564715783352,0.1880296424716131,18.96177407758305,0.6866848423003474,False
7870390,898.03,20.09004845675302,16.46832825844758,0.0749831314052602,37.843250039018535,0.0282372328324513,False
5881813,2744.01,109.64503128301388,59.173982163315976,0.1257924241377148,26.435975942667586,0.8849883359216006,False
7021681,255.01,27.521861997243768,3.2672503792095715,0.080515762054433,91.21036527783134,9.247380639010315e-11,False
10934674,477.01,16.542919210154864,5.049976856460682,0.0785107457093425,43.32754911488335,7.935518702151256e-07,False
8644288,137.02,14.858852004395905,7.615111712915212,0.0693810311833476,375.1285569241578,0.0,True
8394721,152.02,27.40222776739138,2.1152961466442277,0.1398700045329537,68.3132189096125,3.4842693078518394e-06,True
8311864,7016.01,384.846131766701,194.4298336185787,0.204574392724114,10.3292502455501,0.6070214745122777,False
7131760,3407.01,92.43659538093516,32.0655581683058,0.109161898464258,16.855376624964784,3.1756745011435334e-08,False
4262581,2122.01,37.64675693995328,29.94908232443636,0.1289768380574677,31.27322045508873,0.959919792086719,False
8805348,695.01,29.907090599381828,24.846302654224097,0.0983648767091363,76.70169879521093,0.2525163496302416,False
7663691,891.01,10.00650332457498,5.429746300994216,0.100084600112329,76.01569039752948,0.1070579156709449,False
11673802,1894.01,5.287881766388214,4.24628414250741,0.1739020797670332,71.672271304992,0.0003397148778533,False
7289577,1974.01,109.44476932212088,66.46972772825806,0.0762765404624072,29.916490067982988,0.811665086656805,False
6442377,176.01,30.22895236117751,13.981946872046594,0.1318294010961766,65.65733373924301,0.513976844536521,False
10795103,3683.01,214.3102109152869,1.4814258095957162,0.319716236263705,320.38926104339515,3.156047876373691e-06,True
9904006,2135.01,55.18628991890126,5.032770197452395,0.1836625772126213,35.99912671709038,0.0063800060635678,False
9962455,2748.01,23.198502100523974,11.1155668524532,0.2014959145087236,32.62882628274227,0.4697663782872278,False
3641726,804.01,9.029276008908836,0.5448939902912989,0.063909975525831,59.08901829312772,0.1954356838984584,False
10577994,475.01,8.180856984222137,4.281996345977142,0.0551812732364118,53.78641359811503,0.3240949223232388,False
9757613,250.04,46.82745154965304,5.2337649050738895,0.0384822089893049,31.53875248279342,0.060017125656743,False
5871985,2703.01,213.2568738431394,136.62442407798005,0.1554094767781792,26.90555666591562,0.9787902224228732,False
5629353,6132.02,7.584592850445473,0.6000714232262976,0.0758787164249191,31.19630343560952,0.3744357715622586,False
9886361,2732.03,54.28092291180789,9.203896620168807,0.1104194568083161,19.400582873060618,0.2889018076859396,False
10189546,427.03,117.03988222024428,114.10667812299688,0.1369138326330526,16.471097917453584,0.2252662850953212,False
8672910,918.01,39.642956976336805,35.442055186468544,0.1221918400264857,441.8968193200575,4.363176486776865e-14,True
9451706,271.01,48.63009728329149,3.3781794821745,0.1431702955305352,54.54551447389768,3.837778983495354e-10,False
11512246,168.02,15.274360050360515,11.765709600291483,0.1250997832889109,37.61382484107,0.2367653861174007,False
11284772,4622.01,207.24780094582545,81.52115372587768,0.1226255750932472,12.426595066993192,0.917284108090505,False
12116489,547.01,25.302807561507556,5.942141255971915,0.0899780008148178,119.40156846342153,0.0050565371445134,False
3962243,1203.01,31.8838937400318,28.6974157092114,0.1087635574145706,31.1043905303333,0.6641529906610593,False
9643874,1457.01,8.027645309150447,7.772192907934827,0.0579819345539676,494.3669950877056,1.6024614714060803e-06,False
3832474,806.02,60.32488726880471,52.054077602819405,0.1225153780605741,320.90026999363755,0.0,True
12254792,1506.01,40.42838691724056,7.994576673161704,0.1313739217202838,37.69612044075345,0.7888251148784922,False
6191521,847.01,80.87202954852485,72.38211923815619,0.2157167097521735,114.30304833919855,0.9841432855534648,False
8242434,1726.01,44.963937065511885,24.020062841818557,0.1010546891253054,69.41037776459937,0.3162094518841664,False
8628758,1279.01,14.374528446414176,6.688751367528617,0.097784379366062,56.89762856175423,0.3812321959753102,False
10843590,431.01,18.870148454738985,9.45851644563126,0.0638522751103822,67.61389937346188,0.1424561195591209,False
4757437,497.01,13.19319734332239,4.516237135092358,0.1017829440646685,60.866401805601136,2.8521356859045888e-05,False
4742414,631.01,15.457995780894228,6.868442001086211,0.173050150648521,808.4234978723438,0.0,False
7512982,1480.01,20.381646025900917,10.803210919398838,0.0764127331637563,47.25814074491792,0.0073258074919162,False
6125481,659.01,23.20558345265931,2.84151508860804,0.0865166392917529,47.05016323262688,0.2020476355115257,False
10460984,474.01,10.945725460056009,1.4235889694669133,0.0607311795364293,58.7816492409112,0.17643965041553,False
9451706,271.02,29.39320079885303,0.3463423375822127,0.1433770087621662,70.09435644290164,0.0,True
11297236,1857.01,88.64361877069321,13.959337551609902,0.1551261838058711,44.63950552726532,0.7115209940481739,False
7303287,1353.03,330.0689763702373,209.47448986675136,0.087468300238658,9.059296218298956,0.2230121734134106,False
10271806,733.01,5.924971144359782,2.653787151240281,0.0532350624476061,77.95270427046398,2.4886140925772793e-09,False
5791986,413.02,24.674447450323875,15.260778084230536,0.0637237838770208,32.02088193674568,0.2848631541525857,False
11018648,759.02,91.7728416014577,62.32066390121175,0.125494118103363,20.516148155896403,0.9993326078444152,False
11298298,1802.01,5.248649016717208,4.004152763532266,0.0369646401500777,96.13801039044412,0.0,True
10925104,156.03,11.776078913101731,11.193630374469798,0.0585086446008071,146.2024811093202,0.0016127002798865,False
8644288,137.01,7.641531877595743,7.227781059453603,0.0685205972029,345.8810588450844,3.3306690738754696e-15,True
10360722,4051.01,163.69213645497965,107.2537382828282,0.1383199154985968,23.040502700070228,0.3471451655284199,False
3832474,806.01,143.20302866474614,22.732760138003755,0.1705889435721631,109.57762657594436,0.0,True
9715631,5706.01,425.48200436430966,17.528439767779137,0.3616624289712704,15.450162542837704,0.0163304131655566,False
7287995,877.01,5.954866859546859,3.715303804489291,0.0481696442762858,95.96832743156526,6.397084930664931e-06,False
6707835,666.01,22.248039322900485,20.376141148969865,0.0789685627922744,73.39579611695854,0.0363249851379061,False
11709124,435.03,33.040431687303055,29.70950676255796,0.0686863599286857,29.32234327485483,0.7019986746900251,False
10545066,337.01,19.782929447584028,6.642645640478927,0.1123517220602427,40.12010058271228,0.7147569676163946,False
10418224,428.01,6.8731393152191504,6.64063090744035,0.1358913999590303,580.5751181720839,0.0,False
6226908,4068.01,19.597200524610745,3.757178290953578,0.0843754803433475,38.30197064723664,0.0205402870629536,False
7277317,674.01,16.33881431081619,8.153351810824942,0.1877182958004434,222.3204210061253,0.9856023530030864,False
10214162,1724.01,17.42389277338311,5.512767379206416,0.0876284155783118,36.279575722944685,0.9020187795476722,False
9757613,250.02,17.251110943106355,1.123842015890307,0.0397130857066898,62.36180448956995,6.661338147750939e-16,True
10290666,332.01,5.45847821481447,2.4225925857737303,0.0825202349766111,86.97214580485537,0.1136607536270516,False
8099138,2338.01,66.18436669753716,10.105445203143915,0.0957283210168578,21.063229576645423,0.38176038036441,False
6504954,1790.01,130.3540216853804,12.547224520167596,0.1194798251012728,129.63464381554573,0.0069394200072395,True
9955598,1925.01,68.95805916247762,58.54313240839465,0.0633202420440229,27.961581888892717,0.4435461756396949,False
8686097,374.01,172.70213231008714,116.39384766534872,0.2313834734228676,77.21643745195747,0.5931618502949554,True
4633570,446.01,16.709137581290914,9.823206498260886,0.0516821253927404,46.53543535494531,0.0299468590563063,False
6948054,869.02,36.27567070010031,33.50316751183585,0.1052704960165803,38.7144373660778,0.0824263583571049,True
5786676,650.01,11.954700931367151,10.3629012829258,0.0432335212805995,92.11423511727936,0.3549976022053223,False
11074178,1889.01,14.305076639809204,3.551332723851024,0.0811426218121117,39.71264805333363,0.788197459684997,False
11074541,345.01,29.88480198498597,22.767632356453472,0.091590739549364,119.24942830935224,0.5460560174251679,True
7626506,150.01,8.408842405631978,2.4940011643453883,0.0705879611754867,149.46555789623497,0.1576619529494372,False
8056665,89.02,207.58343042023432,169.3348102763278,0.1417024458213598,57.084388035339714,0.0015434881326752,True
10122538,2926.05,75.72995304361821,72.44303004399248,0.0855037243752827,18.13456562441285,4.071584015274965e-06,False
6587002,612.03,122.079969445603,23.51430410182897,0.063862712645257,27.6003532984681,0.9959825255731158,False
3098810,1878.01,40.80942113946109,22.15180525440611,0.0548059915538833,41.84843677009602,0.1348975523406567,False
9892816,1955.01,15.170212780300792,1.15225710956792,0.0832268836690817,46.19114637987181,0.5931732390772231,False
4157325,1860.02,12.20940229586294,7.924207075089729,0.0825445073632978,43.36537713097164,0.000533524507522,False
4254466,2134.01,42.30052410151024,37.263941098694914,0.0892458682279254,25.235030865901823,0.4050878898158359,False
8210018,2762.01,132.99503984371174,126.88114787163626,0.1469532166050044,23.091743725524616,0.6688394325243349,False
8892303,2688.01,5.424732406914237,1.1161181841752312,0.0214199199896264,98.6896587470452,0.0709859518758986,False
9766437,949.01,12.532435639199614,1.6551576777975447,0.0799647534374003,69.13101219634453,0.1210033524129892,False
10854768,1309.01,10.117123018940406,5.932191995132023,0.0952398844392262,43.00884133693791,0.6417008821091224,False
6541920,157.04,46.68587498807487,0.1534515625115376,0.133512504053746,52.930060980622166,0.928799499456242,True
6606438,2860.01,103.42681449942695,74.68091361180527,0.1019829852110419,18.116510700417184,0.8923180952815111,False
8367644,1879.01,22.08540775705963,3.6907951380430255,0.0412692220606182,48.98724706858157,0.2208573387202416,False
9945370,2285.01,37.94551150597686,2.964097540722612,0.0832696240683739,26.12691401351556,0.6288864980491715,False
10187017,82.01,16.145613471345925,14.214773567050834,0.0734333653583882,150.4527002332547,0.9919501352700942,False
11669125,1535.01,70.69779077278744,68.02843413193379,0.1359861513457191,27.14773745869596,0.9544147419221596,False
7826659,2686.01,211.03223004390097,147.61166685313046,0.1344096098797063,58.28210326870458,0.0546933866748797,False
9391506,1410.01,15.749516344913715,2.9843060604869325,0.0941486696514336,47.30135340991175,0.1291480132402003,False
10453588,2484.01,68.88578816005823,39.76231601164145,0.12321319946824,17.118994038561052,0.744189544837907,False
8832512,1821.01,9.976787248179274,0.2546268617645184,0.0695668848523637,51.25992791278435,0.7257390088709288,False
12252424,153.01,8.925044955297118,1.324038263411268,0.0528221544316462,142.06455033271467,0.4246558743854264,False
5794379,842.02,36.06573093914624,31.006063587121957,0.0874031920337722,49.41328789213981,3.592397066487507e-07,False
9957627,592.01,39.7525583266506,4.205248588392005,0.1025840968043099,40.30722613219967,0.4841424429907979,True
2854181,2232.01,101.13223494308524,78.66751386617977,0.0885139820295954,27.605077349417293,0.830685539300176,False
3966801,494.01,25.695741340153784,5.88433081090524,0.0797559540563183,52.672983275303565,0.942407701310566,False
11337372,1650.02,100.8274706676636,65.64165576427244,0.162954391944207,37.76081162349109,0.8003205584936759,False
10004519,1572.01,9.80316926364427,1.7843542191521342,0.0893639659772401,61.53561707389839,0.028572231153408,False
8247638,907.04,99.64144635683476,67.17081552638247,0.090070614749066,24.138116275891413,0.5968706218529101,False
11752906,253.01,6.383129236945437,0.7930736832337807,0.03572169924531,79.09575210546306,0.0005380220152831,False
10384798,1997.01,38.505107472592286,26.791814111033407,0.1192465425939989,36.30310102570826,0.3121127715087355,False
9139084,323.01,5.835956831271375,2.648138063148773,0.0420005344259325,104.51054994651987,0.6108834638789686,False
6960913,1361.01,59.87774898228427,19.673239151695597,0.0967315194250389,43.861133551493296,0.426119688723978,False
8008067,316.01,15.771040368226314,6.078406084471621,0.1035253248555269,95.05860336795992,0.2276593732996629,False
4852528,500.01,7.053497210484893,2.640910925807596,0.0499577891465712,103.66772492380096,1.2413714500780768e-10,True
11709124,435.02,934.0778804179188,525.7534235237682,0.3323178075540873,104.732358964583,0.9491187114034288,False
9351316,2078.01,18.78417466646492,6.371188287426057,0.0615711435874156,31.16980593871853,0.1967486293703958,False
4349452,244.02,6.238507307935397,1.2585074389295672,0.0731221809068717,227.7116008658523,0.0017164286837167,True
10587105,339.03,35.86560112013,4.409422313707989,0.1434042033530679,30.839050833599263,0.4871071953724475,False
5695396,283.01,16.091902893455696,1.7833494719911265,0.0586090090212809,95.98938824317952,0.0,False
9950612,719.02,28.12237721724772,15.403161175877315,0.0876115923045688,27.508374750573086,0.9471278681064018,False
7102316,2028.03,142.5438760826135,33.117093705225635,0.1811882761391081,14.22266501414094,0.5801885141178132,False
10337517,1165.01,7.053905602945011,4.844993199867852,0.0321799397576576,58.73491812993467,0.8456019350113677,False
7955580,1711.01,55.673393822965046,5.035998303302729,0.0768933834883783,20.422429485377496,0.123588383006596,False
5791986,413.01,15.228883432434216,14.590203316672078,0.0510109534182672,65.61208499821726,0.0115862346053401,False
10933561,291.01,31.517664151195767,1.578368354862398,0.1556864561121303,61.93593140619184,0.1924394859757808,False
6941084,2348.01,85.73511391396913,39.46955080956672,0.154523093840019,17.941818528980793,0.8222015740390334,False
7815744,1710.01,14.204349592776696,11.221494576948478,0.0800729473075853,39.765466937472816,0.9998426817582656,False
8934103,4009.01,175.13820562169474,164.52472813858097,0.2191907889229941,18.71187444467084,0.0847307560985461,False
7211141,1355.01,51.92903746397691,20.42016881105874,0.1037149824428385,84.7376912183465,0.3060911997393194,True
6428700,853.01,8.203930042990306,5.363164709812013,0.056981510953137,52.98607016878725,0.6480815486223471,False
8711794,105.01,8.980978216682741,7.128680909574085,0.0373758786202748,201.0192778855724,0.128785807589201,False
6428794,4054.01,169.1329961798827,70.3002510921874,0.1738883022190833,16.761258268823216,0.5581478288461768,False
8240904,1070.02,107.7206759350185,1.799832020052217,0.1623123899242579,22.11113905477401,0.2151054379317154,False
9002278,701.04,267.280311113485,190.9281151824009,0.1584894702782908,14.577464891947926,0.0119499507667465,False
12406749,1476.01,56.358372181651504,52.559446515112654,0.1129962194456746,45.87296241142624,0.2653930966804423,True
9818462,1521.01,25.941968964393617,24.677667098535537,0.0831531988033183,27.717524823241316,0.5201101214624224,False
6786037,564.01,21.058108021540864,19.30205928098412,0.1533689473268123,54.94408896300073,0.0,True
7364176,373.01,135.18737278641103,59.42053052090228,0.1795852160854832,63.76502520752669,0.9566220204390086,False
10910878,757.02,41.19707257367402,33.490842842851734,0.0939164738805129,56.111781285698896,0.1326960528474908,True
10189546,427.02,42.94928716032121,22.226378805451564,0.1095356109441756,30.216086072904773,0.7021753616759041,False
5511081,1930.02,24.31093322684363,16.49977511192737,0.1803737323680248,47.732203194919485,6.329381463388017e-13,False
10015937,1720.01,59.65821995346185,57.98140400336489,0.0917690558150118,25.710952171417272,0.0615311333787294,True
9631762,588.01,10.355829400171912,2.7443155802806607,0.057827703012667,50.2824301104319,0.9340106788715432,False
7515679,3728.01,5.54606167899453,1.8716936402760191,0.0455827899147752,351.17591064459924,3.465772945476786e-05,False
8678594,1261.01,133.46032828760087,84.53076706963736,0.2231353672975628,107.6427728304466,0.015607316778632,False
10925104,156.01,8.041308321335014,3.485048780515246,0.0538290583366828,72.20507204106914,0.0831560202992992,False
11554435,63.01,9.434114376087484,0.6985612619987744,0.0544204010851721,635.1617577748802,0.0,False
9517393,2076.02,219.320243822201,189.21578607298332,0.2435735238117781,74.3759692129106,0.7631025465219088,False
5959753,226.01,8.308630101973607,6.594867749096603,0.0658491899137151,74.75525794764312,0.0127439703870148,True
11194032,348.01,28.511060850770104,27.34018172434636,0.0878916733333255,129.67037295988723,0.7259236196952068,False
10002866,723.02,28.08179145508237,7.239492437964746,0.0903677444686172,67.72068724028905,0.4662683507635032,False
11521793,352.01,27.082274275488466,6.129850632657283,0.0933533209808532,42.33919062238459,0.0742410405498128,False
10271806,733.02,11.349320354336928,2.804425536729759,0.0634600865225347,46.959131480692776,0.0382747374741276,False
3247268,1089.02,12.218242996757906,8.808589421775627,0.050749067048779,106.83311792070228,0.3260610218921101,False
10601284,749.01,5.349539736513273,2.8464006517627545,0.0609567426102438,62.78994165244752,0.0485567471966642,False
8552719,1792.01,88.40635213436738,55.73482585399059,0.2441455094876363,166.33338342631782,0.8115388267198204,True
11656721,541.01,13.646131485687548,7.898356015840785,0.0682511834917991,48.103465428998256,0.526998516639162,False
8292840,260.02,100.2824063018664,24.222319589595635,0.2210625381582326,68.9424100578879,0.0099368697646046,False
9775938,951.02,33.65261906888448,16.2917926891249,0.0803681214921386,42.44456531077695,0.835469068569305,False
10779233,1989.01,201.11891132568584,67.02656063092799,0.2087992555289811,18.902180424349694,0.7296978420132094,True
10004738,1598.01,56.47559936906598,12.29823070950304,0.1113506041614035,64.36048826855398,0.241764060993747,False
6693640,1245.01,13.719315546532345,9.233837981775778,0.1132743184662684,47.435305928723885,0.9884834227097324,False
6196457,285.01,13.748785512086398,3.743583064096984,0.1232348179985779,134.14884881315936,0.0326134769358715,False
10027247,2418.01,86.82817898646186,57.75469198410314,0.1267425874940101,16.179997303842597,0.0845161098165671,False
7529266,680.01,8.600121187068025,3.1289903833583383,0.1755859403792862,1007.6731638657226,0.0,False
6062088,658.02,5.370618359423152,3.131211389045241,0.0426052757017727,71.10778002313293,0.0166638099654939,False
2581316,3681.01,217.8311351841658,118.27930567035082,0.4096517998982094,643.562988405882,7.771561172376097e-16,False
5113822,638.01,23.641945195154378,17.440474369500734,0.1188169943687364,89.57785040696031,1.1102230246251563e-16,True
5768816,3288.01,47.98690534949258,29.14092737081289,0.0998183014466064,25.36918238433601,0.5897091949427633,False
8395660,116.02,43.84428001227927,31.395296209833877,0.1306377451650554,78.83885756487079,0.5259754262326066,False
9823457,954.01,8.115255728332272,2.433414956801315,0.0584256518604213,64.66321447170674,0.196657436535812,False
3939150,1215.01,17.324128529627387,4.235240939379612,0.1617041554594694,49.19107537328991,6.911695327183054e-09,True
9963524,720.03,18.36965658957571,0.3531646284079947,0.0447608542158985,57.81511030777711,2.1312131353035117e-06,True
10285631,331.01,18.68398812525203,12.925766312181487,0.1355080008262017,49.08057657095493,0.6306940208758716,False
4173026,2172.02,116.58257305498648,115.11722606994527,0.1199053321824729,19.64545089381125,0.6722766490193444,False
5383248,261.01,16.23841265607633,1.764533814680641,0.0781221016060989,153.7619013556227,0.1234767567426071,False
6616218,1692.01,5.960377833821126,5.7537469521689415,0.0557244904818332,165.09716402871126,4.083511306873788e-12,False
11250587,107.01,7.256934014020566,6.227137751822507,0.0991424966222865,149.42297189202253,0.1091095533557651,False
9654468,2417.01,47.70553499260417,36.7350530887328,0.1047646297646841,22.829473530355543,0.4919231731661938,False
2164169,1029.01,32.31212455438983,2.353696575154175,0.1152639306934997,33.86904572892713,0.944643526792764,False
6786037,564.02,127.90677975831204,114.94114181790027,0.2786616405316467,149.04256853679516,0.0,True
6029239,304.01,8.512003587585241,3.2978526621374504,0.0448005706508552,116.22058743555569,0.6088755691199152,False
6266741,508.02,16.665830597132693,15.357865194266433,0.0851425628101839,72.12783901920359,0.00089403304311,False
6291837,308.01,35.59696222064376,31.388498675383943,0.1218323794193198,93.1525858782548,0.0007417578675332,True
5629353,6132.01,33.31909432812773,9.38769938056319,0.1296880367274229,80.12787488541551,0.913357450043576,False
7445445,567.03,29.022225046725698,8.813217153458243,0.074981609713659,44.24971543611928,0.1849906673441141,False
6541920,157.01,13.024866384015692,6.664637516650419,0.0926966618968675,115.98510657559272,0.0,True
6849310,864.02,20.05037237598125,18.32328903968096,0.0914083190735309,41.54262290136915,0.3780481126865641,False
8164257,2073.01,49.50015322088056,7.531943632464132,0.1162281293196306,28.029267582886416,0.6170326516980973,False
4164994,1320.01,10.506779942106805,7.684227993496732,0.0703471269918531,410.4600442444392,0.0004433015319682,False
6587002,612.02,47.42757681094447,37.61548965341829,0.105202216060443,60.10139622971624,2.966479666355326e-07,False
6058816,3500.01,73.74998944686692,67.98207433620236,0.2735468284125751,28.267290396260854,0.0322725139926588,False
6863998,867.01,16.085121552267793,0.5151305003980676,0.0734184515203682,57.58277472047033,0.0624383967106905,False
8394721,152.04,81.06340893648267,8.026424561589153,0.0614647382770581,19.399809656244923,0.2691638179125535,True
10329469,2271.01,55.82219202409577,37.526896548487606,0.1125683639826635,25.80179308988296,0.7167583155859263,False
9662811,1854.01,43.03408671574953,17.150460506574525,0.1243535017962612,47.53605190810253,0.4017297081539792,True
10454632,1877.01,20.160281305609622,3.642769738662735,0.0745744127550906,39.3224744983762,0.6232633536389858,False
8367113,575.01,24.315642796186804,3.264955780001601,0.0830267630732031,45.68222147694669,0.8257419170439896,False
11773022,620.01,45.15508327167636,27.594392229019927,0.1128852082086935,195.87347410549503,0.0339900773166724,True
6678383,111.03,51.75509416591311,47.03823349128612,0.1486358676290955,100.35187759969244,0.8199581942432279,False
7458762,887.01,7.411099241783224,6.779291971164303,0.0498559295825505,51.385833090757295,0.9414456633212448,False
2854914,1113.02,83.4459899245928,27.168517635301946,0.1333216459242503,32.08201334612361,0.9069157669547914,False
11133306,276.01,41.74579435910103,6.367692883441586,0.0939768149963202,96.7380224591148,0.8421591688864749,False
11623629,365.01,81.73752102963525,9.400959255842537,0.1365000649196033,89.81375612884945,2.9180600554790104e-06,False
10005758,1783.01,134.47757375126136,37.77050241950546,0.0918043340117538,167.1205728091899,0.0115411810953578,True
8478994,245.01,39.79208374174292,14.917838792003788,0.091364105046251,109.77109009870703,0.9949153637658628,False
3323887,377.01,19.27335455067933,12.419869074635056,0.0830407717517295,155.26080793582892,0.0,True
6501635,560.01,23.675062068724483,0.4136279510004645,0.0891381837248898,47.91431688393253,0.0291053839395682,False
4760478,5084.01,287.378191981865,283.8069295718943,0.3696365458004739,50.71733867387277,0.1715320678426828,False
11852982,247.01,13.814976624613866,8.16853432948986,0.0434340736341462,54.074205453087714,0.8112107401501688,False
4644952,1805.02,31.78197020821398,3.3543000293605294,0.0796173370303381,38.34897238132051,0.0,False
3656121,386.01,31.15870289850061,11.233211241997063,0.104761132334751,81.67340748514938,0.0076251035343457,False
9946525,398.01,51.846677652748674,38.568568927987066,0.0860910988412971,218.93420740923196,1.702415985960215e-11,False
11030711,1429.01,205.9118327414097,121.22764155134102,0.1997960206111616,47.38652036930416,0.0664983507269122,True
6442340,664.01,13.13743940043369,10.275260318431586,0.0986044357116664,45.03488909113836,0.8919540616967556,False
4349452,244.01,12.72032326344393,7.106810293284362,0.0528932741431677,437.212607859922,0.0,True
8758204,2841.01,159.38932169912857,95.41217916899792,0.167435502340274,18.04582230070868,0.1777357687933419,False
6521045,41.01,12.81585765814032,2.407031412660961,0.1308953911685181,78.45883234059687,0.4277411816792242,False
8891684,5581.01,374.87649424630064,359.5511758918177,0.2084527407063279,14.616373714941751,0.7958057567732528,False
10094670,1984.01,22.0639674315372,17.406852820346874,0.0720910925737544,38.60591592901228,0.0485858091951408,False
11253827,2672.02,42.99217636334456,41.961036316620415,0.0947603822422384,91.12083547863496,0.0,True
11442793,351.07,124.91563761927311,123.18343449776054,0.2090182319807995,20.214984648885714,0.1519277066991965,False
4636578,2025.01,17.848468556588788,16.87785824958412,0.1154151336373845,42.11309726266068,0.0532174679034842,False
12470844,790.01,8.472342122059215,0.2880942257015483,0.0553163337397007,47.80888122609464,0.8023120750353009,False
5375194,1825.01,13.522469650448976,10.669093712321503,0.0802821170460556,55.37828996766809,0.918846151095589,False
8738735,693.01,28.779516193342097,4.231351251897099,0.161542129115097,30.445963159155408,0.1083580936837752,False
10002866,723.03,10.08877154420238,1.2156043804427714,0.0296626056649644,90.68101517885708,0.0241864323753757,False
11807274,262.02,9.376606203066542,7.035328498654356,0.0451036369899876,54.70893749843097,0.0309332935490518,True
5358241,829.03,38.557471174619785,32.337368723620415,0.1055550969197348,43.67570880066183,0.0136848732928943,True
6869184,1732.01,43.316682760599406,5.061015679664169,0.1028412028601174,24.357079371988,0.3531666039022509,False
8226050,1910.01,34.26842845425,15.538144281326048,0.0951846847901509,35.98471730198804,0.0009353989005448,False
7265298,2051.01,25.762581336230948,1.3987377414024802,0.1412228409454924,42.22865913645118,0.7990548830114927,False
9825625,955.01,7.038985923291194,1.9846078334589297,0.0797798430772925,58.94770232732218,0.2449480566013461,False
7515212,679.01,31.80462450929585,26.937488201908696,0.1686524333905705,59.62305934785428,0.4120169130793171,False
9458613,707.04,13.175455982453078,12.167852854138696,0.1362215988344386,48.96548813454778,0.0947074987951946,False
5164255,824.01,15.37559634178612,3.8480262999252073,0.0572883900787029,248.7667573191877,0.0,True
8490993,911.02,105.14779596767436,46.84665778024669,0.1458129066229812,14.26337121586095,0.3289494832182269,False
7347246,3014.01,86.11573551531932,40.828778734419984,0.12276541730951,19.48991943012628,0.6941463428553412,False
7755636,1921.01,16.00485158697187,14.71631115810984,0.1327374771321583,50.41958420131229,0.0027873509670761,False
8609450,1278.02,44.34706377272203,29.80451628994367,0.1296471837745871,41.69787044701709,0.2155252173990461,False
9520838,1866.01,105.30300735152844,75.6573292548874,0.1247908533785416,33.7542986914539,0.0121840972109654,False
6425957,663.02,20.30642940487249,11.506493212634354,0.0564056829251708,66.97243872301247,0.4832100040871792,False
3218908,1108.01,18.92530025383316,17.983071707073563,0.0775945255150862,43.24570767886616,0.1086957671790201,False
10460984,474.03,94.8837863096566,83.3280515013844,0.098100059789636,33.1831815131018,0.0,True
7549209,1518.01,27.50729623188035,20.32793668386718,0.1057646935426279,34.21583999609299,0.1337567765389472,False
5351250,408.02,12.560897805127286,10.16141813351007,0.0764121051220961,54.96003129546306,0.0115753360290385,False
11189311,3220.01,81.41579211168153,40.32288537517582,0.244021028046975,45.64490140470844,1.6166086594937568e-06,False
3446746,385.01,13.144929382532831,1.7265221168143907,0.0742185841212793,36.903164874046816,0.3056292788137021,False
6291653,850.01,10.52625361565775,2.904648321892448,0.0457635594657618,515.7667094518866,0.0112072299268669,False
12206313,2714.03,184.26095237910104,123.7164051264679,0.2338392010084894,14.79947334351466,2.8638591498264527e-10,False
9909735,1779.02,11.814950926410106,0.7372163496611648,0.0516485687260746,100.32471114126646,0.0267600389209246,False
8822366,1282.01,30.86386073619152,11.477037893278824,0.1691962272603067,45.75280378617797,0.6770063921803875,False
9205938,2162.01,108.59252240798082,42.23990447613453,0.1643957877531826,24.508689670066545,0.7420315932134656,False
5202905,1932.01,22.824318796661892,1.1131956445246804,0.1415943542819359,49.101558168763454,0.9998196522592074,False
10973814,1307.01,44.85194105424426,40.948753804743696,0.0697871255210756,38.26382732466373,2.166196800845732e-05,False
8355239,574.01,20.134819350427072,19.719775017899394,0.0732144132701586,66.65254300165311,0.7561524122462402,False
9225395,2107.01,81.31475269534002,44.4849691183524,0.1184114699013823,24.457873444676725,0.0122920837493515,False
7008211,2102.01,187.74596974383687,25.838251505135798,0.1185417051882415,19.79501466154673,0.9795537807186978,False
7603200,314.01,13.781029995893926,2.189312941366268,0.046386782911515,94.45134495406776,0.9925457679488988,True
6037581,1916.01,20.678733261177584,10.47218675825574,0.0946059826371613,33.325401922047234,0.1760336754744108,False
7050989,312.01,11.578833948725926,8.732979080032138,0.0579008820044701,68.13080143824142,0.3290970538531608,True
9589524,468.01,22.18423615637467,20.900393142109163,0.0613170194280635,87.60423853757703,0.9617323838762452,False
6429812,2408.01,94.28878533936654,34.99571591767817,0.0820823908847404,22.91291727948041,0.7240718085680053,False
8030148,155.01,5.660646283851803,5.555117080085849,0.0935844847999948,199.8644787002196,0.0947300759881821,False
4914423,108.02,179.6080383851564,174.79200532225343,0.2677325597695237,134.01009064468755,0.8724372969867991,True
6451936,511.01,8.005756646663361,6.967754241542231,0.0631289072996839,77.63166724677399,0.0980769948940419,False
8017703,518.01,13.981721582822464,8.51730097441486,0.0597009429084756,100.22910403314144,0.0035870375936073,False
9025971,3680.01,141.240994671078,124.69226477988671,0.1276832526086501,364.63592910273127,0.0011449533116014,False
10005758,1783.02,284.06756401901634,69.31305798629492,0.1460381436907296,58.98795121133964,0.7858956941879157,True
12154526,2004.01,56.188353817722216,25.840012731620156,0.1266960593607079,37.9191580924599,0.1988659831378357,False
6619815,3361.01,65.94040734331458,34.519762380374885,0.1577643863692202,19.278614159425874,0.6796206428260697,False
7810483,1943.01,29.921964819511714,25.468158807050063,0.0569693783351768,38.887543172158544,0.691335191915905,False
5351250,408.03,30.826467343803717,21.49169542678368,0.0977372916981207,31.05928382663861,0.0021202131060986,False
7115785,672.01,16.087780687709724,9.125676430524097,0.0604667245416996,56.93768593836057,0.9921195100653404,False
6587280,857.01,5.715401006590016,3.359320456205483,0.0513104624400518,70.81727918770633,0.1499623812617432,False
5094751,123.02,21.222533166501112,17.034148582178265,0.1333110396599552,97.6489559202212,0.0,False
5358241,829.01,18.649264116364293,5.959454386823666,0.0899038690459954,50.57088832984094,0.607075663023687,True
5120087,639.01,17.979722758732315,7.763454295249017,0.1143644991703537,63.67237578163729,0.6928840695763901,False
10253547,2153.01,59.98061430731889,44.63512963890089,0.1436699233625629,25.99994658071024,0.8341354652036824,False
6448890,1241.01,21.405190411970032,5.152789567609887,0.2127605250513521,40.94578718196368,0.5742590558219938,False
8240797,1809.01,13.093854313469963,10.891382703235529,0.0445397341446148,68.31949879097166,0.340131412024127,False
9347899,935.01,20.86014710649286,6.784369791307581,0.1047510965161481,116.90903117383074,0.3316127890126019,True
11176127,1430.03,77.47364169216308,52.73552566878266,0.0809136695528147,28.232525577873748,0.0038262100151864,False
7832356,1456.01,7.886598683649726,0.2283250519483621,0.1014894325545949,351.4075271727898,0.0100652047627374,False
11304958,764.01,41.43939997837556,35.980346908484535,0.2091753242994206,134.85970153273962,0.429946094234782,False
8540376,7892.01,10.691510523900696,5.515431660010619,0.0964956294393014,21.848359840172467,0.8543488911897585,False
5792202,841.02,31.330413098360403,21.916289754528982,0.091712956781054,129.6707290896884,3.1444735704155846e-11,True
4741126,1534.01,20.422112570365176,6.023454779362172,0.1277462884496168,33.50298281037203,0.1479493764913034,False
11086270,124.02,31.719721780541985,22.28023675643881,0.0981182590988638,55.69629825251846,0.6988272527152934,False
11391018,189.01,30.360307789418087,16.578953363539746,0.1091293812275116,1210.4797132670446,0.0,False
10019643,471.01,21.347276631237406,18.87497136704348,0.078170041022893,52.0553100669966,0.7120907608430445,False
6773862,1868.01,17.76069140563761,5.9954759207239015,0.033302374919462,47.09756003948744,0.9092188280230976,False
7908367,6166.01,12.206370613021024,4.643211758397396,0.049136772366494,29.407928663795506,0.4455880174083554,False
3118797,1950.01,66.41552765163169,34.98961582867801,0.1407178642991685,35.38398455205449,0.0238877890586474,False
3559935,492.01,29.91111342241204,3.3757775695177528,0.135405854386296,46.89156274364751,0.9132664946742524,False
9458613,707.02,41.02757034300779,0.0431911646217479,0.2007386681394861,61.49300066202833,0.4495804146869325,False
8738735,693.02,15.660510778848051,14.83628593358362,0.1435096091524428,59.24779123164645,0.3649292207504777,False
9710326,947.01,28.59899758829085,1.216652071815332,0.0732826843905101,45.07557709001836,0.6465828380361132,False
11126381,1863.01,33.78867897350479,22.140574849762125,0.111604660245914,42.6713104998153,0.92013040786059,False
10717241,430.01,12.376413860378554,10.763046265639476,0.0539299855926091,92.8190731945891,0.3595719367935072,False
6196457,285.03,49.356627790958655,13.753748235754598,0.2258563370331303,25.868521137801064,0.4739617626699519,False
12206313,2714.02,47.32408268886269,38.51635321049047,0.2466375287772829,91.80143054027492,2.449541314231141e-08,False
12366084,787.02,11.379330215550734,2.3373976958687943,0.0471703883266415,47.31310558938237,0.0004482731035803,False
7430034,1848.01,49.62160736708704,16.56514034776635,0.132254862589353,43.34280719910018,0.8060543619549965,True
9280239,3975.01,364.74422600268304,3.964958383525095,0.225980762788043,27.308433978812594,0.6713272076228193,False
5005121,2237.01,76.4214562646531,32.96803100015409,0.1526632693447334,24.276460117258765,0.0619242225617264,False
5966322,303.01,60.92804060597912,52.831164674395126,0.1287527650454076,79.1285969037471,0.8526434898474953,True
5812960,507.01,18.49227237338373,5.001058882517156,0.0699382383199483,63.73604393576001,0.7183557833563139,False
6020753,657.02,16.282414275347964,0.4385480552220899,0.0589399711720776,68.26955511152417,0.5457984828837532,False
11669239,542.01,41.88526881420496,5.294508281716229,0.1233288568796,46.43459469748303,0.2208592949230288,False
10878263,341.01,7.170691163280644,5.93158348739256,0.060130167135152,114.81469056946835,0.9734271614394188,True
4142847,2210.02,210.6305907537334,169.20929439083764,0.1650574636438305,19.77082185955473,0.2189457135495401,False
8494142,370.01,42.882315139088334,40.225353350770696,0.1984584197916208,82.48326880615767,0.5507371958971494,True
5709725,555.02,86.49411907074713,50.37539404469628,0.1472609981464932,39.48107045610263,0.0200793647550813,False
5351250,408.01,7.381953790215804,4.65000215486318,0.0627654617932979,105.80045748265964,0.0070278422201159,False
8505670,912.01,10.848410049700508,7.74752333540765,0.0598468875270785,74.13348753695855,0.999928444906546,False
9663113,179.01,20.74020274826009,11.28769176230811,0.2090867823624006,146.93540875320548,0.0015075095298018,False
7047922,1899.01,19.761633624814746,3.663564169086316,0.0725325777962987,40.13166560098712,0.5982172995828634,False
11656918,1945.01,62.138302727144406,29.637006077412103,0.0859577503282095,39.109594231035445,0.0140187816739345,False
7831264,171.01,5.968696237690813,5.646689639146597,0.0742553272381835,114.59267057033338,0.0535607357042883,False
7939330,1581.02,144.5496667561201,134.43696456924744,0.2974686726242621,23.457697694393666,0.0055429369600363,True
7629518,1495.01,15.594594862984122,6.051868514249805,0.1016186521509582,51.895376095473374,0.0526437305743053,False
6541920,157.02,22.687079916167107,16.940847702007556,0.1112462659114198,115.96551056153758,0.0029350150281327,False
9271752,1406.01,11.361074259271184,5.413758940596948,0.0841126689979603,55.827619993018345,0.2128170835679284,False
10010440,2309.01,53.59880053406927,15.919094637346694,0.1367046708754395,18.856906230412537,0.8514941922167122,False
3847138,444.01,11.722862900624737,10.638663020817562,0.0855185411505735,57.71429638228347,0.3933200054025656,False
9941859,528.01,9.576626042030515,6.864204301321534,0.067940414654906,87.27844270169561,0.0231705734506658,False
3656121,386.02,76.7323222623353,69.15809769304146,0.1276553944954303,39.33583920181886,0.0986117371601275,False
3662838,302.01,24.85452330326452,3.7520698777540735,0.1798749177491169,95.8686916053519,0.290834977477123,False
8022244,519.01,11.90346480802636,11.118918092297882,0.0871124788109603,48.663975423227896,0.722427540642818,False
8142787,4005.01,178.1399068274175,78.60463508306319,0.1992995459560137,21.861301666344637,0.0242354331665688,False
10724369,1302.01,55.6390627442082,0.3985168824827053,0.1425562495651329,47.53086012289314,0.1792221765181577,False
10134152,2056.01,39.3134343315326,23.42476342376782,0.1022536817206863,31.22618743762326,0.028972351883726,False
9950612,719.03,45.9026048091895,35.04807334739609,0.1052664978259668,43.39314515449508,0.0,False
5470739,1585.01,19.17886272347756,8.2328157030158,0.1049268653044432,33.828068189044295,0.7031559180072536,False
12058931,546.01,20.68411935067089,17.993723453776607,0.1300458552009737,62.05848955244452,0.1268735897646919,False
6221385,6145.02,32.657987443527105,21.713955795523336,0.1199434843997818,19.089211545554427,0.5373503453686082,False
4072526,1329.01,33.19953161928891,22.14881434780265,0.1013111352661946,40.572478727949054,0.2184734553695546,False
6766634,1375.01,321.21267211032205,75.41460280531605,0.0708705692621562,83.06443716878742,0.869578860143803,False
10004738,1598.02,92.87446969571484,14.41988666712636,0.1370086835385457,34.278305495497214,0.0667147237002367,False
9837661,2715.01,11.128253243150525,0.6912654355317946,0.049544014627547,89.35603646469065,0.1405867560371448,False
5686174,610.01,14.282244398759756,6.48706837784349,0.0537173328166305,50.88388103128565,0.0434484038064688,False
11754553,775.03,36.44515031938974,20.08985161958486,0.0791372970107343,29.695648586738614,0.0018726386104249,False
4247991,2311.03,104.35111175494876,58.59350164284543,0.0764538021129892,15.011689605960129,0.7566829907786492,False
5021899,821.01,21.81291428897523,4.245477329369097,0.0889366286110811,46.90978862337384,0.7261072541970309,False
6289257,307.01,19.67405238060042,16.382106697777747,0.0727361106218077,44.54203143070267,0.0687829239393278,False
10864656,1299.01,52.50060740912729,50.98348451167751,0.3012720686467113,67.78435876391168,0.0056974876935185,False
8491277,234.01,9.613713307306934,0.6731932918450118,0.0932909347921508,103.8597062162142,0.5008558612072296,False
8120608,571.04,22.407668088719955,22.28646766188017,0.0673968973185412,28.08321981550136,0.1776080960271652,False
11954842,1530.01,12.984883586769806,6.257162885566262,0.0703165701325331,45.19715115696907,0.1378653872429022,False
9578686,709.01,21.38514201351244,4.497746271313804,0.0811533946248026,68.2397312342715,4.309885781594858e-13,True
7841925,1499.01,14.16394433996482,9.076914110353684,0.0878388716354947,78.48293967644454,0.0089734469437713,False
8559644,139.01,224.77757335848943,21.559463459304208,0.2099410755134224,185.0992707955729,0.0,True
7269974,456.01,13.699367641544086,12.5694029699232,0.0881144738217524,119.32613832865812,0.0250173550967063,True
3733628,387.01,13.899577213451986,6.726081577821243,0.0694945205742183,86.4321250104375,0.9228294635847144,False
10718726,600.02,294.0497813538692,290.3513373004783,0.2884945272721611,18.29637730092297,0.4350484863597701,False
4563268,627.01,7.75189887338553,5.899939453436155,0.0721886430958772,81.79904070835092,1.6542323066914832e-14,False
8962094,700.01,30.864229186356507,21.53130314180304,0.0571288416066881,55.44974376715033,0.1239930973417298,True
11288051,241.01,13.82134749248947,0.2804228596433988,0.0725948967459738,91.13770657832004,0.5989147007807583,False
5792202,841.01,15.335229802966866,11.819478918908828,0.0719608385652106,96.95706669992036,0.0,True
7626506,150.02,28.574147942568967,12.319394653299884,0.1002658940675128,95.47633351570312,0.411826122475044,False
8883593,923.01,5.74344747415362,3.1820032355058467,0.0702708083049259,85.87602306784508,0.002346375319025,False
5514383,257.01,6.883378603708128,3.9391085262659455,0.0426127180126036,175.3902829025356,0.1944600943158728,False
6046540,200.01,7.340686844460396,2.832924030940714,0.0557462500713487,1000.6228042557286,0.0,False
5866724,85.01,5.859915386115226,5.640489791294239,0.0820450737065253,229.19689422194264,0.0,False
4138008,4742.01,112.30214531336986,98.92804504290096,0.120651287241591,13.574829230678388,0.4361251866568842,False
9347899,935.03,87.64708374256226,3.429781556021234,0.1763096622606158,35.573620835032045,0.1463626165775257,False
11122894,1426.01,38.868546276738144,0.9225616094773592,0.1259238112515587,68.4738774777055,0.0026620342857587,True
4249725,222.01,6.312480759510179,1.1420808370956366,0.0561325145997189,115.26959795053344,0.0001347255749091,False
10386922,289.02,296.6355655533127,283.1332061345603,0.323309086233995,147.96499798707055,0.4696279778839404,False
5796675,652.01,16.08058473666023,3.006056615327521,0.0572784868251311,179.744567790692,0.9682111359000508,True
11498128,2296.01,106.2473454237563,4.231902972759455,0.2789243909683682,25.037943462432786,0.1143882936076803,False
4455231,1332.03,56.63731112049073,9.674549256518576,0.1225731108466798,23.26251075778016,0.0184254570240922,False
2302548,988.02,24.570770254749657,4.361857704380719,0.0569837748010946,32.105030706402374,0.7340054875779092,False
10480915,2040.01,19.58551903398492,0.8528333581065316,0.0284745540050651,32.87164260106883,0.7566691879509384,False
6436029,2828.02,505.461373147775,105.6790936716984,0.1982656232577891,12.24891955579864,0.7612858521758623,False
4150804,3678.01,160.883637947938,156.96609639038715,0.2109974836286722,421.053121523597,0.0,True
10723750,209.01,50.79017023437499,4.120195452227293,0.2115211365198069,437.3754629996298,0.0,False
8039892,903.01,5.007296592413572,1.8629360180374452,0.0813732532756878,394.10682588087326,0.0456457117872874,False
10337258,333.01,13.285250108093752,9.471322416992985,0.1246823357398908,119.85411445434464,0.0,False
9101496,1915.02,67.84421591712562,17.988352180826798,0.2434291423029459,17.348821017053346,0.3782055277935268,False
10810838,174.01,56.353900185485976,13.324746581927483,0.0659862011801171,61.92434310960485,0.0392301464232101,False
6522242,855.01,41.408152741483086,22.86636016884212,0.0903433974811741,946.4830764360752,0.0,False
5009743,1609.01,41.69785773938699,38.06310824282632,0.1158338294642883,43.23479656921734,0.3595410822933236,False
10158729,2097.01,58.60161448428054,6.156679863675754,0.1127223693675623,22.49134567727288,0.1261390827883608,False
10982872,343.03,41.8083169286466,28.168423220324648,0.1617534722113842,23.028031316578502,0.6401358073583148,False
10395381,740.01,17.671694486867978,1.8430733842177025,0.0648258189036761,38.8279454300452,0.724065090750722,False
8222813,1069.01,8.704165528734757,5.160454277944583,0.0590454714798678,75.68892356705332,0.2190173390777031,False
11547513,295.01,5.317416631969905,3.4788450644915896,0.05905122736129,102.60626227981994,0.0003459772692246,False
11874577,2779.01,34.45841985588308,16.31281971277393,0.150557615474429,23.79931487242743,0.4318721106718669,False
7898352,1486.02,30.18366690227069,15.132783659635468,0.1192151270158362,35.702403613360616,0.4075498876297992,False
5456651,835.02,56.22763778372223,0.7811544471693612,0.0702433860250796,24.412623486875404,0.0734927551563687,False
4282872,1325.01,10.03535381502808,5.958754662175002,0.0677875047230045,167.36854022289737,0.7537368377905068,False
7825899,896.01,16.239402461460188,11.578473482685132,0.0805135152832655,113.63306304008574,1.5973887881326476e-06,False
8429314,2624.01,115.685844738402,10.273490733918518,0.0940974635582606,20.923081454108186,0.8793096660042665,False
2853093,1099.01,161.5271738275146,66.48876541201943,0.0723708604202041,59.662404192420205,0.1694826604210886,False
10460984,474.02,28.98678825533133,3.268933392780856,0.0694659385089569,32.42437391101365,1.989461207230203e-05,False
8636333,3349.01,82.17526374923246,65.68670290824842,0.1786878438057981,19.393302021585217,0.7422165479481768,False
5511081,1930.01,13.727051003446553,4.477789563548212,0.1507107522058342,62.22799049121068,0.1380781447157336,False
9583881,467.01,18.009242553195023,14.910101895448648,0.0968365905143154,246.2617578416875,1.9895196601282805e-13,False
7419318,313.01,18.73569374841991,0.8873526815116177,0.0600947499721805,63.21568519632488,0.7272915878933115,False
12644822,791.01,12.611846573699376,11.544700150908398,0.097453687404944,209.382876279118,0.2352113101178861,False
10528068,1162.01,158.68379538655148,42.44056124253233,0.2333951213315445,87.00819871370582,6.74775790798776e-11,True
10526549,746.01,9.273542064911547,4.651183596045103,0.0669185344856579,89.36513018128919,0.8913416417956262,True
8806123,523.01,49.41093390650134,17.315375229699505,0.0888334226325051,124.3440538000125,0.3410632336349222,True
8081187,1951.01,37.32276780569694,32.29506627717219,0.1449869524693054,40.27158874949596,0.2120482215227944,False
12459913,602.01,12.913808553747833,7.021030335782091,0.1044112272511345,43.063340182138376,0.0069482301335266,False
9415172,938.01,9.945991914036735,0.4051387117636094,0.0688951164001608,60.41063510846243,0.0806894461647287,False
9480310,1470.01,15.433930800403903,10.89638588642369,0.0821842135358253,73.68770131900625,0.1226560086514489,False
9836149,1958.01,17.815879240394292,2.970742630278294,0.0677678699028257,37.67935218151733,0.0164523090748561,False
9836959,1715.01,105.01405451097064,3.394705781132383,0.1321974475985894,34.24599409436716,0.264322161791097,False
9518318,1978.02,23.851539241723582,16.102109273891497,0.0467732177096271,29.84856184234055,0.3089281612457246,False
8625925,580.01,6.521182690823582,5.07123718390539,0.0564734524751944,76.22191862984398,0.7315507516648891,False
6707833,563.01,15.284626349400767,13.541064816858537,0.1208235593685496,39.534468978766505,0.2202830987353281,False
10189546,427.01,24.614685343349148,10.99970775312666,0.0530990893121873,59.55468267064981,0.24089198466006,False
9823457,954.02,36.924896122230365,5.784678957022751,0.0958675471693953,40.69112514215553,0.5843794027753602,False
10713616,1311.01,83.57791289340287,81.91798352222143,0.1459268751756314,49.6880215929372,0.1437949759204149,False
10404582,2147.01,37.8658593139723,2.8480370423515224,0.0983404472876032,25.682809249194086,0.0461817342943821,False
5689351,505.05,87.09118827460419,55.79511716927517,0.1324887920326904,29.84884296932669,0.8453769056835934,False
7102316,2028.01,57.248426843651664,14.924691938710811,0.1231896586009124,32.3025261895347,0.4280955637492406,False
11402995,173.01,10.06079019781405,7.4546775045210065,0.091685526141509,90.17839798932746,0.1316341909390759,False
9875711,956.01,8.360834829525396,2.3279660869196337,0.0538723974401833,125.15592490296538,0.010328438745871,False
7098355,454.01,29.007792322102063,10.032688038051292,0.0989400503135316,49.94760824522916,0.8436446798399131,False
5088536,282.01,27.508585001134904,6.546745862116703,0.1189518458689711,146.52979702508793,2.37727463440196e-05,True
5094751,123.01,6.48160097436469,2.43871124028703,0.0748297414413466,123.07314612433844,5.288735338560002e-09,False
6850504,70.03,77.611194285887,33.21541137841303,0.1462181153364807,67.68886591771884,0.6733612715374105,False
3114167,795.01,6.770275465653973,5.212298224606682,0.0394819695267945,52.710739102196,0.9093275470560168,False
7376983,1358.01,5.644887911208869,4.337988499038441,0.0454908002596246,67.20106046072078,0.8684302968815856,False
8547140,1266.01,11.419216594069391,6.156418345331569,0.0817827488225295,54.38491757945548,0.3676735399489037,False
9031209,3316.01,47.05673131826461,29.5454103044042,0.1048895174002052,30.26558213596096,0.9375899498706924,False
4914423,108.01,15.965268756189689,5.672595131870561,0.0916444421777686,136.228339869963,0.1675615001604269,False
4813563,1959.01,36.51560332910896,19.777423708537462,0.0717300507121405,34.61949204379834,0.0019712430145258,False
9334289,934.01,5.8266355740688,0.7122064449255041,0.0585428186643568,75.78706192707494,0.618816667119326,False
9479273,940.01,6.104823521719509,1.4321751885356604,0.0925621796030026,343.0491875085039,2.367046998963396e-06,False
2581554,3835.01,47.148303472979165,7.580022130314911,0.0620475201448456,64.4464758759637,0.3105004949273433,False
11442793,351.01,331.5996497594715,8.984729006765006,0.2762512954072308,199.1320271818285,0.5556405938683979,False
7286173,1862.01,56.43480491355455,19.897954532169127,0.0963244581175227,44.91951553343609,0.5775390714852144,False
10028792,1574.02,191.237926802588,154.71322288966505,0.3631696017860367,38.2089572001875,0.1464236422526643,False
6071903,306.01,24.307767985714246,9.21008801804702,0.0534410794010323,52.26075060532848,0.992795927631738,False
8505920,2094.02,198.6795603467448,139.15107266301857,0.1642558851119105,12.381682863644247,0.8097487718449364,False
5436502,834.05,50.44639968030811,46.9901403936932,0.1484459194776138,21.66324413338164,0.0004145444578411,False
11754553,775.01,16.384763516757747,8.448273501378024,0.0621890337463986,42.20505573345275,0.0,False
6185331,1727.01,49.76990753398927,28.47385044225357,0.1923350287608956,110.73252395889324,0.2218261959190717,False
7287995,877.02,12.039848979059707,1.552279888784149,0.0547658045717801,60.15641799366263,1.6364803370194636e-06,True
9597058,1819.01,12.057007060833543,2.819286432635575,0.0469771674123908,44.62926389865868,0.999575355283182,False
4815520,367.01,31.57853850953672,25.08758013307853,0.0427790895086439,306.12203576479067,0.3137723806382,False
6587796,3237.01,33.42015234497499,5.178064426471128,0.1052334499704438,34.7514549327364,0.8002071839597446,False
4370527,2166.01,61.61721731889476,47.57239056243336,0.0770763219033478,21.73174453924428,0.8699696192944626,False
6383785,239.01,5.640654230044039,1.4032022893741396,0.0565895649949631,157.98164015352657,0.0870744259950618,False
3326377,1830.01,13.227068558877244,10.691482582314327,0.0675948001506057,50.4686333202963,0.6447088428830724,False
6462863,94.02,10.42363592792844,6.497936349798159,0.1054926283069854,245.46197690556892,0.0089248123760299,False
6850504,70.01,10.85404488005486,7.095656220063051,0.0762342983210079,195.44329630800476,1.1602940830357509e-12,False
5088591,1801.01,14.53239608843468,9.211598048120909,0.0645090874084514,74.78415237853022,0.5694019875746446,False
4476123,814.01,22.366380932221382,21.580205220212257,0.1064006427607874,37.14330624653841,0.0155726171641736,False
6678383,111.01,11.427503527776029,5.64631984795494,0.0928938314489623,159.61691480107623,0.0,False
3239945,490.02,1071.2275013536714,288.7762947856816,0.2988832640828761,416.8205612828431,4.443889700667114e-12,False
8043638,460.01,17.587454330931866,9.389502988240212,0.0883718432334063,114.02009657614852,0.0154580286861953,False
5272878,826.01,6.365819242288287,1.4276482916604063,0.0604657033749764,79.33058810912792,0.4348269446855617,False
2165002,999.01,16.568017072326324,14.640140280668485,0.0842039367464154,44.74001799354211,0.0764596572244075,False
9022166,2175.02,72.38231212003315,58.96068046703136,0.1642999027432704,31.89488096096652,0.7489590996049246,False
9892816,1955.02,39.45695141375597,4.968387011350346,0.1642327972363662,32.0150245225051,0.4317299321283343,True
9406990,937.01,20.834192383241884,3.4042975464029324,0.0824799638832248,48.906087863768064,0.2222449889155053,False
5640085,448.01,10.139564380793924,6.378973381249043,0.0540468487069406,47.8840111837506,0.9968225524577382,False
4852528,500.02,9.521610219223051,7.885346513865193,0.0486387040212701,86.77714449565048,1.1102230246251563e-16,True
3835670,149.01,14.557254072970474,13.58218734549047,0.1572158401089771,180.46111305533117,0.0108593636812659,False
5609593,2834.01,136.20448934609067,64.96310743407807,0.1122921973138421,19.6554060098464,0.1875828031309734,False
7219825,238.01,17.232253218754146,3.579945027377359,0.0923235843524596,67.92271164384725,0.6130138456327328,False
9631995,22.01,7.891416171810687,1.470240898674417,0.0809157749353006,1908.5974255449844,0.0,False
8890783,464.01,58.361812937042565,6.680748118535703,0.1229332175029547,192.37794455948287,0.7238139330762954,True
5792202,841.04,269.2959630771367,154.11024347155023,0.211237736516905,15.009108124425492,0.1005060148738229,False
4478168,626.01,14.586436866722636,7.923611586390263,0.0810024715010125,63.25551979327351,0.1595203630436675,False
4833421,232.02,5.766148054174743,2.503952960218645,0.0783373181610828,61.37943535895729,0.0300040304560182,False
7366258,880.02,51.53895465583738,42.55508081628201,0.1299756499306145,148.06854155870258,0.0,True
11757451,4745.01,177.66798830228907,132.7287484793465,0.1804100003363382,9.38930722019085,0.6197192180323016,False
5866724,85.03,8.131182213995391,1.1903023907081345,0.087321740286338,70.73023242551338,0.3125751731545462,False
7941200,92.01,65.70436198870838,16.901078146592717,0.0663821953589002,76.44531389337634,0.340834888620633,False
5966154,655.01,25.672061532617438,20.212616712479942,0.1150098893953326,76.23576717237138,0.5254143362824848,False
10910878,757.01,16.06857021986235,9.97212873810438,0.0697965337775149,178.8161498167157,8.330073490991907e-07,False
7908367,6166.02,6.651055168107997,0.0897683980636506,0.0426923616050387,26.396940184319625,0.6803280148450701,False
5728139,206.01,5.334061985490468,0.4690571619179039,0.1226016041479082,679.7899752478177,0.0,False
5436502,834.01,23.653604643642225,16.20948057785708,0.1629756649956679,266.9135432141033,8.090440031094381e-05,True
3109930,1112.01,37.81008792372474,26.846023343439047,0.1780776799204391,32.3686128568628,0.4447108115564322,False
3448130,2043.01,78.54559505040318,12.557281754912198,0.1761623544354676,30.58686194672512,0.013879138698014,False
7375348,266.01,25.3088202048817,0.3485382717587918,0.1179091208407891,51.13557926963728,0.8765219921699176,False
7368664,614.01,12.874656913481852,12.760773365785273,0.0343856862293913,236.0083774246736,0.2949190860713447,False
8890783,464.02,5.350144824441879,0.0456921574556245,0.047070824626754,77.30908946404992,0.0182973129233862,False
8247638,907.01,16.514052026763487,11.575566244739164,0.0839221352146144,59.79627078173182,0.0146598426468022,False
8800954,1274.01,705.4500869953578,372.2248585453411,0.3122966830115497,83.66998809994122,0.0,False
3831053,388.01,6.149515391584541,1.1449712801441267,0.1142675646881607,89.85677404541693,0.1891437998263996,False
12365184,1474.01,69.72620467935994,5.823914803172152,0.0835296032720191,245.5012991794504,0.0,True
2302548,988.01,10.38117368464372,1.556366862402344,0.0554709786097485,58.06705337865596,5.5511151231257833e-14,False
11295426,246.01,5.398730784490377,4.73039885909783,0.0703925503484382,226.3248303038971,0.0,False
6541920,157.05,118.37806991108498,37.3961321589229,0.1940264339300063,65.77386314699817,0.0,False
10656823,598.01,8.307807243784985,6.428460683284236,0.0651404398378113,61.25880965112741,0.051726475545539,True
10873260,535.01,5.852944887016484,4.551427584498168,0.092658787830831,182.48721163913413,8.679723606519474e-12,False
8570333,2436.01,84.57297590727694,18.63883853785347,0.1167687603453748,19.276065077301947,0.8111299558490942,False
7102316,2028.02,37.05496289375888,30.43804546905884,0.0972617622094483,31.297589142657397,0.0,False
8630788,1258.01,36.33734374718986,28.885463307237327,0.1275700861287614,94.7440564873268,0.3005012469477633,False
5530112,4067.01,9.688507623082808,0.0604563570957656,0.040414149134128,23.572981867247584,0.0371685640888286,False
11802615,296.01,28.8622503246284,0.2197920793499772,0.1068687673972934,69.3426438088713,0.0049821535776711,False
5511081,1930.03,44.430227342990335,23.006316835594,0.2104508369322995,47.93684764443726,7.354031685946616e-06,False
9950612,719.01,9.034151902882176,3.3662262753063152,0.0305080354775726,100.08242414574951,0.0011142275460033,False
4049131,811.01,20.505789890509064,8.910274203485567,0.0815638886611372,58.27468788426826,0.2250932718163868,True
10583066,747.01,6.029277987950607,3.914869942357872,0.0315809951391046,71.01950977567722,0.356931741448465,False
7219825,238.03,362.9756467401105,124.98765606502724,0.2890613428360225,12.84612274086365,0.328129577277904,False
3541946,624.02,49.5673241647081,38.02661263345036,0.0749879144734468,34.80550309137505,0.1466672856249008,False
11709124,435.05,62.30238347529847,47.58677667083758,0.1484114990201707,42.07445626300317,0.6627389625002962,False
5438099,1567.04,44.84089977778823,7.474212276245409,0.1104171719070077,28.804074167735905,1.489454786274269e-05,False
9146018,584.02,21.223426124553463,17.636575254317485,0.0977760409430147,56.12446406462215,0.0417555326145868,False
10663396,2046.01,23.898888055618364,19.88689593630612,0.3273789262618796,53.150620273701634,0.5600101141898748,False
6267535,660.01,6.079695202897319,1.4065470293743907,0.14566450529095,86.64817105618435,0.0681641194233161,False
7269974,456.03,378.4273385668956,358.2782107174985,0.2543787416657099,8.489210696550312,0.7705752217154451,False
5978361,558.01,9.178554963037197,4.860197534630965,0.0442123011847788,55.85853756080037,0.8062461419384868,False
10513530,533.01,16.549603831918446,7.082052341466275,0.0813939978428071,52.56115135356512,0.3025106263781707,False
4636578,2025.02,26.13619875636145,0.1060530978814336,0.1343660564731376,32.98468240974908,0.0065977298362556,False
3247268,1089.01,86.67821679802876,44.08547428077125,0.1933729273554498,314.79517397641695,0.0002429954144871,False
6266741,508.01,7.9305536339775875,6.282037217653122,0.0727462408235685,108.44585116378931,4.009280396788384e-06,False
11337833,1651.01,51.30082344667623,22.015437914306517,0.1093600256302237,22.451682550120594,0.092640293736266,False
3548044,2194.02,67.9684086534027,32.045525206781065,0.1628031442118845,27.64649377175026,0.0080645120215112,False
11043167,1444.01,44.93045304518908,8.696026724221122,0.1320534447267242,33.947324903566646,0.6757941461459045,False
8233702,2140.01,41.6976123627384,2.73228275507464,0.1118414795964167,27.84975090864623,0.5974939627043075,False
4141376,280.01,11.872857732430692,0.9919037955295804,0.048109745572097,86.15835606387101,9.9253938401489e-14,False
9941859,528.03,20.552670068338266,13.517906033652304,0.0445705188442746,45.39339552916196,0.7679131633122009,False
6221385,6145.01,19.67253826542762,1.1333795502549648,0.0958867151714226,22.48558534243916,0.2998470295132829,False
10872983,756.01,11.094272008550115,1.4376975779239425,0.0917935937277794,87.65876140727856,2.4451640712186418e-08,False
12314973,279.01,28.454759384828296,27.712052723447268,0.1633646772801517,231.5086539735233,0.0086642123725668,False
8802693,2000.01,26.41037047850692,17.881944324703596,0.0618298090857447,29.318629267958148,0.9076100543018744,False
8950853,1412.01,37.81434664427722,14.124610545216989,0.1768075767353578,49.17700965315681,0.6802776731369916,False
8459663,4356.01,174.5080443155537,31.71517532893382,0.1397709285933522,12.23458335224292,0.7879474655553099,False
3326377,1830.02,198.70963453129207,25.00735636350131,0.172251203289677,42.53083855546736,0.5573093437137544,True
2439243,2280.01,26.02025569847512,10.29057935567292,0.0985646123652066,26.196839835385017,0.6160183158902166,False
4644952,1805.01,6.94132858454848,6.031583861073656,0.0365474309158573,85.29540968827142,0.9896409733461524,False
6946199,1359.01,37.100963239538586,18.081461337515627,0.1109402416413865,57.42995367572587,0.0020576617144346,False
11507101,773.01,38.37738032003666,2.9308314343640176,0.1126520852453493,37.39192732358546,0.1027352383712461,False
6880517,3305.01,65.64868505224636,19.34191566257434,0.1478589072758415,17.219048917667795,0.1189589445820652,False
3217264,401.02,160.01881895843908,119.7676984755617,0.0994873979768968,49.16435109369812,0.5780727277798571,False
8218379,1920.01,16.570936394471712,2.394275258605134,0.0591314516211758,38.27087972027796,0.9776674117776004,False
4833421,232.05,56.259014141455545,32.70109583491511,0.1671524649433807,22.117717732455414,0.5708275476707139,False
10358759,738.01,10.339288070896728,7.851072414820361,0.0634931606808151,65.5268352022855,2.7209169495279184e-07,True
8037145,520.01,12.759298695688962,0.5308227753456815,0.0726500805969079,62.86331222902512,0.8255358317360239,True
10937029,433.02,328.2393397547713,67.6902235808936,0.2051984185212921,253.9543608692336,0.032790341594925,False
9517393,2076.01,56.77689170741264,49.58337930437369,0.1339372492848079,31.281627810390034,0.4446958119540842,False
11860395,3445.01,82.30495647223603,27.5266382745653,0.2971801704018708,22.17181394699972,0.0005901811135682,False
8972058,159.01,8.99084867416383,7.208776078047588,0.0836643491649055,96.56751629551216,0.4405247662271896,False
11442793,351.03,59.736839344304194,27.44623560497447,0.16428409787585,32.778533439207536,0.4442453193256863,False
9787239,952.03,22.78073522703327,0.9079091505387424,0.0656638338826721,80.75883732042303,0.0,False
7950644,192.01,10.290955400511397,5.509357538589287,0.0819205482331014,1243.706625521672,0.0,False
10538176,1301.02,37.51408664663014,19.534838165342588,0.1070177614436117,30.66239168676748,0.8288407922462031,False
11361646,330.01,7.974159632594303,3.1447313666835983,0.1094975503676607,56.71568707319541,0.1724019306388837,False
8692861,172.01,13.722308348500343,6.329031574769344,0.1038769554731835,98.68970886285535,0.2873976785002929,False
9579641,115.01,5.412179228110152,1.7793198299859976,0.0579514845174696,180.088185840514,0.0,False
7938496,900.01,13.810146953184942,13.20210124318218,0.0584689157668023,52.63985667231395,0.1503070196073795,False
10875245,117.01,14.749092471236317,3.4891511956326937,0.1248079286936628,107.7613877798184,9.11139737839184e-05,False
9963524,720.01,5.69056785627741,2.702463102315216,0.0512484394233873,137.3115069393649,2.304461633739763e-07,False
5735762,148.02,9.673910432356829,4.800605766149568,0.0668948017156871,161.32242256497406,5.1904267217572915e-08,False
6021275,284.04,110.28628677121844,8.39474587179584,0.0889431581016281,15.923937452937162,0.0009668994071644,False
3103227,4091.01,225.581332858579,141.28797161441176,0.2210867579792536,15.755113171791708,0.3132252402084984,False
3548044,2194.01,34.762995205284184,30.227663529001187,0.0872269305616888,25.89235871896765,0.1100338817336678,False
3942670,392.01,33.415983299948614,6.412564682234325,0.1514443403076998,28.278451806207208,0.1576742188862154,False
9532052,2115.01,15.72580183803165,4.991541855959102,0.0778872143156118,30.50446315984278,0.4910782517473745,False
8394721,152.03,13.484480021142152,5.109184775317483,0.1027388764350745,80.3719832237632,6.229838867000126e-11,True
3541946,624.01,17.789969671116502,15.343421780593378,0.09028451761008,78.27591301260865,0.0434676683091002,False
3732035,3966.01,138.9427858398106,22.39764686489225,0.2153031000497392,24.654795207903145,0.0348715947688543,False
6037187,1061.01,41.80576286300346,11.30640325004687,0.1245259304061813,28.74952970368293,0.973978191839704,True
10788461,3925.01,9.207533609743198,2.370469571427244,0.060163293287852,47.32936159502772,0.0026953721121153,False
8609450,1278.01,24.805681400217903,13.559987722948192,0.125083243110913,43.40284490288906,0.6891930464541269,False
5364071,248.02,10.912720344036098,5.598706691019348,0.0449427853738128,61.445428117737535,6.926277329455387e-10,True
9347899,935.02,42.63398095127571,9.662061048052438,0.125272136380837,77.74705894244222,0.4405605434541022,True
11622600,1876.01,82.53384224762115,77.61427833179751,0.0969777450723021,42.70139563574426,0.6841335755346718,False
10063802,1888.01,120.01843656603934,13.642413602456212,0.2333164744441178,37.698838432175606,0.6024846166692923,False
6462863,94.01,22.342884712681816,1.230452691881735,0.1297797686680483,1305.2436297652805,0.0,False
11018648,759.01,32.62880064728271,29.954321512692456,0.1067739432054379,88.06988415378216,0.0003154474996813,True
9530945,708.01,17.40659686703875,4.680133568487163,0.1399296750587094,83.55100536467418,0.096703738727333,False
7050989,312.02,16.39917534818515,11.43042634840482,0.0719499634566677,58.16078687309067,0.5971219366014275,False
10577994,475.02,15.312888234095547,9.65638501026068,0.0617076716286204,48.92274240628975,2.4233120954342272e-08,False
6878240,2681.01,135.49726838574827,63.92791908115945,0.120073189008435,77.5185731187923,0.1006374507620028,True
2438264,440.01,15.90683842044861,14.603547413431448,0.081354847723244,69.09088368599254,0.0043909347814365,False
9965439,722.01,46.40612632920137,26.04947167694702,0.143039249717267,54.79876312504921,0.1438802838705447,False
4249725,222.02,12.79449188031992,12.048911836834025,0.0701632178692278,54.2706111010622,0.0219565397230012,False
5480640,2707.01,58.0335561268184,7.22821640047088,0.1129044109379189,36.7668503941737,0.2003130418825256,False
10987985,758.01,16.013013298571355,12.822830341330842,0.0635030946079834,35.60111638296318,0.533906128169672,False
11518142,3762.01,240.7980520872405,202.6269236527702,0.3116285865115817,153.85737751368725,0.1786046828304679,False
8505920,2094.01,42.427149995778464,24.650484372933484,0.0927252118886067,23.81695140560845,0.4778279489336765,True
5716932,2358.01,56.49305392007079,23.451114447824484,0.1731044683167077,35.31326877400566,0.0,False
11253827,2672.01,88.51574017659642,62.11806249441671,0.1372584979753427,154.0622569634036,0.0,True
3239671,2066.01,147.97304137627657,131.5747297497678,0.1376400129980174,26.2649534212173,0.0870719597129676,False
6468138,1826.01,134.25080419046168,62.16664278045915,0.1824929414459902,54.24539082005276,0.3564347631175284,False
9963524,720.02,10.041539304520049,5.571809210923601,0.0520396671012144,84.98912760862102,0.1859471656068881,False
9002278,701.03,122.38534180698343,18.898522876000293,0.1454678698177175,39.05583014397989,0.0292995058899383,False
8692861,172.02,242.46721694383825,19.34325540168948,0.2644998777236836,20.37012771788784,0.1611186793962512,False
8689373,921.01,10.281903960141,2.69915412689786,0.0698893617522296,60.66919689457214,0.2786144082385482,False
3440118,3876.01,19.577756121011525,11.17488819289632,0.0396264477243528,37.51100860454183,0.2518108070265984,False
9661979,2132.01,69.89546787027365,29.15557472132504,0.1003316505904051,24.638610363638996,0.8422050652893702,False
10363115,3908.01,59.36236920893183,4.246283081006413,0.2845133372664865,39.81436562452513,0.0016537301636602,False
3120355,2099.01,78.09963443980386,7.982669856474662,0.1705953250182894,22.012082999528875,0.1737729436280953,False
11875734,1828.01,99.74671030910896,76.88217472729887,0.1273839512355406,45.196560971458304,0.8566658280575452,False
11923270,781.01,11.5981686678391,2.4904009381227104,0.0480939252703581,75.35922148371853,0.2255978014601504,False
11566064,353.01,152.10494670965485,45.0175820019489,0.1241211198850681,102.05633754450412,0.4041630366812814,True
5794379,842.01,12.718050177301372,5.688364343486269,0.0627039958742699,54.99441503767434,0.1458463013638017,False
8022244,519.02,34.03493938328529,2.914245030996252,0.1355226102990861,39.08862323359306,9.901757229369146e-05,False
12020329,783.01,7.275007445118336,2.10734555151912,0.1464375763508507,254.35807676520724,9.852659050735292e-05,False
11086270,124.01,12.690987642882464,3.895883842005522,0.0775751732197741,58.82228347228235,0.8486931301719378,False
8806123,523.02,36.85668336587775,7.394039519336772,0.151182998956792,41.6003379557696,0.5711659849316397,False
5436502,834.02,13.233382702612566,8.816859602452444,0.1377825247033149,55.94573868488813,0.0012786747008567,False
2975770,1788.01,71.5250494595441,2.974767709140394,0.1153218406866295,108.63244410876857,2.7355442566712185e-07,False
7703955,1707.02,265.47072997296044,19.568965275088235,0.1496160963839653,17.51971340610556,0.2176343334350199,False
7703955,1707.01,96.11025429797648,56.18116339534266,0.1663556835256566,29.79808311733266,0.0257015025405903,True
12404086,788.01,26.394202203322603,18.148423171973175,0.0708479615242936,46.39546380410005,0.4221616574649943,False
4664847,816.01,7.748065724140263,5.233576000623196,0.0702294860810349,135.57062215144478,0.0271230979160136,False
8558011,577.01,39.676455875840944,8.792265526926178,0.1017716394976403,39.30588377901511,0.9657762605798242,False
8680979,1891.01,15.95537163089308,11.789063252690534,0.0806048034570828,35.91972239014698,0.878083476762148,False
8689373,921.02,18.11983500358219,14.863366647549096,0.0857008446518626,65.25056860933861,1.6211781761477084e-07,False
8826168,1850.01,11.550992563710194,3.395162231206556,0.0687721784409402,52.22483649118335,0.2416136995617186,False
9597345,711.01,44.69939714967598,43.30918528962332,0.1262186772728849,72.981088193493,0.1796861620466434,False
11259686,294.01,34.435787847871445,3.625964722665496,0.1186926501999695,63.142452908252274,0.7827421527943662,False
8158127,1015.01,9.428860019301425,8.592252778529344,0.0907649605767386,75.32204737789857,0.0083167556684671,False
1026957,958.01,21.76121643359265,2.4777221670674545,0.0257212442854616,98.36888085986052,0.1282687895699648,False
6365156,662.01,10.214157541152986,9.30732980135508,0.1189369605805277,77.50325487435263,0.6178971152021502,False
10028792,1574.01,114.7357697103108,33.64090954278526,0.226515648181089,237.05325126526787,0.2684674861222842,True
9729691,1751.01,8.689269531352496,2.14921379656993,0.0525320257871449,74.45764134664404,0.6796399815242021,False
4841374,633.01,161.4744443205264,39.09000178119757,0.2066351285012137,50.82311700704668,0.1409336293546861,False
12600735,548.01,21.30011797916667,15.593171560332724,0.0827007174841701,60.83314603519582,0.5004098549332232,False
11391957,765.01,8.353854233007235,6.704919038145624,0.046116825369379,51.60976067442007,0.94520616993413,False
10723750,209.02,18.79582912575293,14.309619044456491,0.1437878387538391,261.85718749939207,1.8062406015317833e-09,False
8480285,691.01,29.66620680692525,28.19059729909617,0.1713258416171914,90.83223495303224,0.6272860287680975,False
8686373,4066.01,126.55593430325796,14.18764685526897,0.1292080886998899,21.52391220164188,0.7419336298455865,True
4157325,1860.01,6.31939911183046,1.0106395432910782,0.0660190013690821,62.2181069895384,4.813597013209048e-07,False
9763348,1852.01,15.773706658131776,1.2196218827501042,0.1007802598557079,39.90160410603848,0.8526571804958192,False
9141355,5622.01,469.6319103415143,290.96248628591167,0.2684657530188213,16.41746064052052,0.6927509295797503,False
9573539,180.01,10.045523275236372,8.55363247199975,0.0654355473905376,94.73236710464946,0.3243358793986227,False
9458613,707.01,21.77558500913357,14.575039077190802,0.1606463949846409,111.44491436242546,0.0002127773460212,False
9411166,1922.03,105.6545755913018,98.58901023260351,0.1872524805214512,42.72782147950219,0.5653414541555466,False
6508221,416.02,88.25494220573879,22.267653748110263,0.0827720592635543,55.17819477996716,0.4605971188991944,False
8260902,2144.01,38.67150252948576,26.105735696147704,0.1096673405431983,25.29704249240553,0.8529932958258768,False
8742590,1281.01,49.47798260470036,10.311462609227403,0.050713583625945,20.76402918001555,0.7044109276898463,False
8344004,573.01,5.996507412795282,5.014257236560692,0.0665779973461976,79.87284182772139,0.0444656189947613,False
5613330,649.01,23.449533145328456,15.485321097728573,0.1770005495008273,56.70807752661012,0.0522761805359426,False
12121570,2290.01,91.50050261069669,34.15993270824211,0.0985562666634484,22.773635708917723,0.6960302443629072,False
7419318,313.02,8.436366676161784,0.2921427235164233,0.0663915145689372,58.11683012585511,0.9813615395273037,False
10340423,736.01,18.794082158125875,8.694411609808713,0.0657602126498346,40.712756814716805,0.1113120664056205,False
11974540,129.01,24.66908414967217,12.32500982250559,0.1332415380288733,557.819357507528,1.3326301728788792e-08,False
2987027,197.01,17.27623202250892,2.326469576987786,0.0753528306460475,798.3410433352232,0.0,False
11122894,1426.03,150.0216729126045,93.16592411233978,0.0661057511648065,103.8808844713962,1.34834365894676e-11,True
4947556,3936.01,141.60861714570694,69.73388831142353,0.154103221500332,31.00201046687218,0.4663669640942292,False
5972334,191.04,38.65198771797399,32.53136538098734,0.1155163137192528,31.623138360237355,0.1359258111193826,False
11192998,481.03,34.25941890870487,17.464034838359183,0.0978688041213398,58.71379949167628,0.2122869744193165,False
4178606,2728.01,42.35096828215861,11.088869586140634,0.1550395536632184,35.03992427549066,0.7194070123440723,False
5966154,655.02,151.88454792440044,55.87379563440937,0.2396147352560662,40.35725719241978,0.5370498700015134,False
4165473,550.01,13.023603758597996,7.940991470956802,0.0805488051375925,57.53743798216094,0.5509103588334259,False
8494142,370.02,22.95055937728432,8.042301957015905,0.0901466765716369,30.12357908545911,0.9384293858498952,False
6435936,854.01,56.05579615374772,13.598036753918125,0.0937250281748418,26.02363680151945,0.5191159901391826,False
6152974,216.01,20.17194830143885,9.696435174820492,0.060851765032083,204.88040834921125,0.0009791180146804,False
8583696,1275.01,50.28623628415011,36.12020184077306,0.1268214265969111,97.52725376340372,0.9879592877121336,False
8361905,689.01,15.8735626200608,12.639225319673656,0.0724464434826886,57.15613979160935,0.5438650196749437,False
5938970,4016.01,125.4126019160514,64.11463942274146,0.0441445212723522,17.184124312285405,0.7782858154637811,False
5438099,1567.03,17.32665030772149,8.107946682807546,0.0836859368024436,38.99817084642128,0.0001113200341625,False
8037145,520.03,25.7526729909828,4.925363766501057,0.0586720890774139,33.96046508772435,0.9659781846699402,True
8121310,317.01,22.20805247847109,8.221583280070437,0.149542601914504,67.02569388577429,0.0931178501390587,False
9605514,945.01,25.847511599685507,5.662981606265033,0.1208273291373219,29.03584850022376,0.5282400268811295,False
9896558,1718.02,153.34799368009067,59.02161095036799,0.2494866515432268,14.657308059456266,0.1359761404167779,False
10600955,2227.01,65.64826216626984,41.78245354590957,0.0979324736597926,22.5768239317017,0.716205191791463,False
10122538,2926.03,20.95686629020167,11.444436646995683,0.0686565481069168,28.687583030351696,0.2098741496403741,False
9512687,942.01,11.51512775920233,8.800321409965543,0.0403052477233608,57.2946917828254,0.0050655573924807,False
5792202,841.05,499.4761594464256,324.0527390460816,0.2239487090694343,10.19730682837857,0.843109310459087,False
6975129,1628.01,19.74728347705858,6.817281441064448,0.0686090892378504,54.42701235666069,0.0952208388626782,True
9897364,4189.01,64.27342069065796,0.301119422734388,0.2075909528129999,39.588907669925526,0.3364207183583743,False
7303253,878.01,23.58908532542138,18.717928391349854,0.0872507922235366,54.98753674382864,0.452899957902422,False
4270253,551.01,11.636986093125012,0.7848842895589482,0.0680485095442429,48.86816661548878,0.0271658643360298,False
3102384,273.01,10.573715935587682,1.658722316230189,0.0348221381708269,87.5627943713516,0.1186261565417844,False
10027323,1596.02,105.35782289183548,7.168028296655741,0.0736027567296292,25.760356813988665,0.2729533765189553,True
10662202,750.01,21.676891622079324,18.3468398625829,0.0641678771151404,30.723042347087087,0.3383490983448115,False
7102227,1360.01,36.77025962268311,32.78024786541364,0.0887062046323245,41.483299144134925,0.4476750589762523,False
9530945,708.02,7.693605586781234,6.522934315493657,0.103156977802627,58.76512705383826,0.0013721968420497,False
11810124,3344.03,208.54421663345485,99.4776536738246,0.2004789560584496,9.982613508956003,0.9429526874036134,False
10386922,289.01,26.62930241865557,18.19755652655127,0.1603812465218395,84.94787331839552,6.195881896431389e-08,True
9775938,951.01,13.197155667729197,0.4412912806563274,0.0687483317124734,115.17134833997775,2.3460122733354187e-12,False
8349582,122.01,11.523024285341538,11.42926494698955,0.0790061940082685,127.96414762326452,0.298634497706605,False
7678434,892.01,10.371651630048532,9.989634782020769,0.0604030305739586,60.99983659089824,0.2359228292009426,False
9570741,586.01,15.779734694858307,12.897256894679504,0.0830691693251396,40.07380132826383,0.0137394830942291,False
12470844,790.02,60.41855603003359,49.65281542501717,0.1018000428712594,17.752637585403292,0.0004403771426092,False
11449844,125.01,38.47862178894195,20.34014516020691,0.0926896042682173,875.0393197884571,0.0,False
1871056,1001.01,40.80627854349557,35.17810586171034,0.268513098108809,37.30574227987137,0.7557035589533313,False
3217264,401.01,29.19888623813066,24.728890386785736,0.1024528407451074,168.86591562467015,0.0019680156599954,False
10074466,1917.01,35.01176645015226,18.85878489754377,0.0518866211265625,35.75580892098924,0.4430562221724047,False
5812701,12.01,17.855154136449805,8.201465222239925,0.1416909926203835,922.0612194269152,0.0,True
8410415,2291.01,44.29913146018109,9.77027652051182,0.0870097380291284,27.688538719231385,0.6171045177919535,True
10973814,1307.02,20.342276334238324,6.182938876872111,0.0451847364221065,30.58023758190656,0.5682270804299746,False
3867615,2289.01,62.78403919669851,36.76820356643103,0.0977084287368172,23.646170994995693,0.3223655177310465,False
11100383,346.01,12.924867722903793,11.471386856290724,0.0526220583093552,82.72483927065973,0.6232698661302487,False
11401755,277.01,16.23165869560155,2.441368411727217,0.1688776201387853,158.7686474984295,0.0,True
5031857,1573.01,24.81104959055877,0.1793875124092875,0.0748534482136904,124.92981519466564,0.0,True
9146018,584.01,9.92667651547064,4.467559146655857,0.0769276203584587,91.55551537461216,0.0462576523637224,False
10676014,1797.01,16.781690046103325,8.281091717192563,0.0756694448328774,90.22994652732018,0.0053651620937217,False
8167996,1867.02,13.969451824405049,0.6577082457547203,0.0280443714448036,38.19193677954382,0.3449373974323599,False
10006581,1595.01,40.10960763215019,10.57022506086958,0.105781859143437,41.67182615868812,0.8562738634721342,False
9244508,2830.01,40.52863913703641,36.50851810411145,0.215284127281482,21.896290467372463,0.1086575046237201,False
11773022,620.03,85.31612432526808,78.48496040680648,0.0427783875537653,28.84084815020215,0.9622121924085718,True
8174625,1017.01,17.444842198704496,10.163627821641589,0.0857318912086638,52.61527379268684,6.296452248477635e-11,False
8866102,42.01,17.833638616261734,7.191728453808548,0.0931969747827173,107.60997878373874,0.4069025191856188,True
9009953,4014.01,234.2369788704064,79.30971834730879,0.2383664738332645,19.599466805160063,0.9789215535404237,True
9729691,1751.02,20.997313722650645,0.5504068142823695,0.0617687012538767,46.15498672606051,1.3943992516196602e-08,True
7366258,880.01,26.44431160192643,9.71796631223324,0.0799222513324836,87.97888701633588,0.0020620044885817,True
9964801,721.01,13.72458123223588,7.961389090075873,0.1403356178266637,53.84206828432005,0.6727081747268835,False
757450,889.01,8.88489069158292,2.9393137304340557,0.039146156865941,419.9475802217118,0.0,False
10964440,1310.01,19.129386182552768,7.9227007804124465,0.0761412013116734,38.35582531274746,0.9592768771125736,False
10790387,1288.01,117.9306185784358,88.19134449082617,0.1080768081967156,228.93995933018675,0.0082314467811588,False
10587105,339.02,12.834423100289555,6.81437709590537,0.0688387675377224,44.26750645908039,0.823774262183134,False
9782691,590.02,50.69806495455413,9.807145299395032,0.1210009022960512,35.55104621784398,0.4129450919743547,False
8056665,89.01,84.68734581953215,30.03201933234463,0.2063040264229728,77.45202631218056,0.0,True
8806072,1273.01,40.05867129270453,38.39745886310978,0.1068117468046568,52.38924487252612,0.9832658222844448,False
9651234,1938.01,96.9146829531406,55.57760912097733,0.1222649102061281,45.002378755402944,0.6553971999343003,True
12020218,1507.01,21.35871679740332,3.558082252979456,0.119579222510587,35.13611521533824,0.4070436492098206,False
9758089,1871.01,92.7292067084388,45.93027327700656,0.1281805400238241,33.83056322362381,0.5464528561531437,False
5621125,1814.01,14.800732553954289,12.279773984355558,0.1170305224178776,68.44177755706828,0.8378217550674174,True
10586004,275.02,82.20010594775164,6.0503094620698326,0.2170606008694156,37.62935963184204,0.4591276234770929,False
7977197,459.01,19.44632377032136,19.142956869894512,0.0692915418956832,87.19365282316171,2.7720060736813323e-06,False
3548044,2194.03,445.2167704482509,71.33345478243689,0.3367522940028069,10.508495790420854,0.6903346274411177,False
8978528,1874.01,18.68477726104941,4.633054676605878,0.0770574147991878,44.82851944543233,0.0008499510686936,False
4656049,629.01,40.699013502874685,0.3590192059477436,0.1378870945645797,38.390032610963374,0.9972920864498722,False
9839821,2012.02,180.91968807925767,102.8335046136288,0.1887742835489887,13.057056698379972,0.6300938067980447,False
9480535,3901.01,160.13023916279892,71.96150158757202,0.2626078353973361,32.703173845027855,0.992283455278077,False
5688910,2856.01,25.873003290933266,11.774908024918547,0.1029281440992621,32.616513309041046,0.9180591541432704,False
5184584,1564.01,53.44919007171475,17.689891836425666,0.1044382621898927,121.73912048309224,4.988320153387349e-06,False
3217264,401.03,55.32897062778073,54.80341358246329,0.1411155555483282,21.13446983602481,0.3871223111789743,False
7700622,315.01,35.579516453625175,32.966634770822765,0.1169294842775792,94.87236012030488,0.0,True
8105398,5475.01,224.1496445991968,220.4894063713526,0.2562427441611378,23.022398410185037,0.1336753094425234,False
3937814,4084.01,214.882205570055,81.89140293886351,0.2012610676492325,16.368246469622946,0.0057774702260686,False
8193178,572.01,10.64015776363093,5.70482405385152,0.1081083669219758,63.73946770294073,0.370935596364724,False
6776401,1847.01,26.85320063972853,11.797773784455886,0.0907764406890477,49.30530903708842,0.796512847395398,False
5860968,4384.01,122.35763867083014,2.8354456211708423,0.220810475079018,14.228196000564475,0.830305347726292,False
11499228,2109.01,19.791789542567265,17.79725563595335,0.0664561790399505,33.58313754002839,0.753848621459358,False
9002278,701.02,5.714871221324636,5.120415298669455,0.047946740716867,78.1098562679999,0.024601948799534,False
5371776,1557.02,9.653447784419676,3.3442619353675447,0.0582149422544995,80.3492440448901,0.4624235734722328,False
11015323,479.01,34.188692782767816,27.68798877678921,0.1076971302191187,80.98037470048138,0.0010886325958177,False
9884104,718.03,47.90339429355969,10.469046469884873,0.1160265596654682,31.434545971964,0.2208207739271879,False
6471021,372.01,125.62833668055691,7.185814676005514,0.1742167147447754,333.9002485888436,0.0,True
7429240,4450.01,196.4360597919465,42.17826865820332,0.1736434595619187,14.180661181211711,0.5467686259167237,False
9450647,110.01,9.940625429568998,4.735281269886705,0.0795957525284692,163.31098989636877,0.2345872507829768,False
6922710,2087.01,23.12737740446277,1.992876207821864,0.0993004839882918,31.286216015497565,0.8857660941255443,False
5183357,1669.01,61.03706089729904,43.66401452267899,0.1720117007880037,37.09019652383047,0.6789429996408334,False
7778437,131.01,5.014214684574084,1.661775431499486,0.0889738755878578,870.4192583152984,0.0,False
8022489,2674.01,197.5103547758436,151.84469123724284,0.2051412169056638,121.7785394089195,0.0046591398538997,False
6347299,661.01,14.400894944301593,0.271919242395357,0.0803061538652716,46.520589247107225,0.4146871914536453,False
8041216,237.01,8.508297634261742,3.273426308721884,0.070474368581174,93.88671403976198,0.9993942239161624,False
2441495,166.01,12.493350765265708,5.4291155369242174,0.0455101325514635,80.30190617565484,0.301855440911587,True
11192998,481.01,7.650211443154026,2.2089948852592265,0.0559226806596015,96.4335156546736,0.0023979698271214,False
7445445,567.01,10.68753893726242,6.355857373695777,0.0654989137235201,85.99037803214675,2.6535263377702734e-06,False
9030537,1892.01,62.561157117861065,46.89402028382062,0.1103779984368169,34.26604140787809,0.9716742203599876,False
3642289,301.01,6.002527944107385,3.153551564838323,0.0806232878910367,76.57763773931947,0.5689924782957303,False
11090765,538.01,21.217023179157977,18.91972965729609,0.1094390723861296,54.04523139827835,0.2179483034711242,False
5695524,1897.01,59.7707635465908,17.459357049892617,0.0910045945372819,37.201921004427454,0.2205238454953842,False
5972334,191.01,15.358715289913183,0.8727873515177887,0.0747234326362651,1018.209813213138,0.0,False
11187837,252.01,17.604536812392745,3.7771848479992047,0.0710892297757681,78.6378309303539,0.0036268646426355,False
3239945,490.03,7.406086668039197,2.561828111267034,0.0593567824795423,53.19828017893346,0.1812788054844709,False
7870032,1818.01,16.877177708584547,7.13698797425793,0.0762894721764396,46.37194700618464,0.0077224963295051,False
8689031,920.01,21.80441378650296,15.376507851117127,0.0670740656351801,55.10380190163866,0.8477999865925442,False
10984090,112.01,51.0790952915242,13.56137682233726,0.1295516542534464,122.71461017247978,0.0104244690147133,False
8008067,316.02,157.06458615963024,35.62727728061037,0.1634845371514118,34.4593457862112,0.0991600133524339,True
2442448,2812.01,76.61364490009075,22.280992594846587,0.1959827340807891,28.41207880333984,0.1353223641668353,False
11601584,1831.01,51.80966042763722,51.45995870128042,0.1279474382651747,60.187959506233824,0.7659429870829036,True
9605514,945.02,40.71546298336607,14.85068323549456,0.1410022448963293,32.737665991643304,0.8582627654303084,False
3745690,442.01,13.54054429041486,13.082927428901929,0.0921887148372107,55.39973149673097,0.0008430006427019,False
11754553,775.02,7.877392593877353,5.474838761999482,0.0442563074911837,65.64091318367966,0.0001535574625661,True
6774880,2062.01,34.35095722435904,2.679016466892986,0.0848217179899918,30.80271225407336,0.6870816362238996,False
9941859,528.02,96.67772669343098,8.671867962415115,0.1148643885667214,44.75661445485672,0.3634306428524868,True
5531694,647.01,5.169476977987582,3.247963619870321,0.0919539335825211,71.81866899300967,0.0011086342145018,False
7119481,566.01,25.85492962794157,22.80977791410023,0.0794709807916351,39.32138225135534,0.2985331040230311,False
11769890,1980.01,122.878908918732,33.95286989293601,0.1486485155816224,31.06057602768848,0.034148744687707,False
5113822,638.02,67.09308053818216,15.055908300880496,0.1397034028111362,62.62383233414555,0.7104986678115273,False
5124667,1822.01,150.8774304065423,86.15252503186822,0.1745142835136824,58.62868314466947,0.482613377476755,False
8017703,518.02,44.00025067986067,35.24830522649171,0.1041340438738618,43.86608611222736,0.2423905631308478,False
5299459,1576.01,10.415697367760902,1.118470041033519,0.0555463928389463,67.96768104033553,0.2371088214452629,True
9641481,2152.01,42.19150178018258,23.803960009329074,0.1451413574872682,26.228922070272592,0.2490028288556306,False
11960862,782.01,6.575288187927399,2.6698033967087182,0.0854544128828441,235.87209139243276,8.36610835042162e-06,False
9527915,165.01,13.221693981050516,8.05834474064754,0.0559812359120963,96.75866841876504,0.1879177492396314,True
8962094,700.04,68.16057289317665,66.49395302913503,0.1147465015946808,24.760465005145225,0.4265422663318809,False
3531558,118.01,24.99316162926625,18.14175555529152,0.1201612568474189,51.04592307605072,0.7890650154451339,False
6021275,284.01,18.010116529630643,4.850898651570102,0.062025110545649,52.84072585998528,0.0,False
11177707,1423.01,124.4190800257878,19.083308284689327,0.0733552197948515,45.44425170148576,0.4712915999961602,False
5689351,505.01,13.767045601897497,1.9982326181634875,0.0576664393135074,42.1104796205348,0.9935369317896516,False
6061119,846.01,27.807456919698097,27.39332590329873,0.0660049359739035,792.0266295133958,8.517144767239414e-10,False
10881457,3484.01,84.70371377458427,53.89714518975539,0.2109119255900088,18.14105781731057,0.3710165147604394,False
6665695,561.01,5.3788487944978405,0.4503042567960056,0.0547628459762652,60.87587006216781,0.7855055671486039,False
9761882,948.01,24.58703262730248,17.60651878239164,0.0802750379095798,39.624485236665706,0.4079800688975681,False
6541920,157.03,31.99535615684233,22.64971900670441,0.0833198352830824,125.22914445259076,9.223821706427769e-11,True
9266431,704.01,18.39622006275812,16.834676672386173,0.0530696646165949,54.91336507701492,0.957517403173927,False
9002278,701.01,18.163987005230496,12.971996994258149,0.059209606221945,98.45965373593252,0.0318117766284213,False
5444548,409.01,13.249265717132571,8.261256241312163,0.0906018538027852,88.74388304987413,0.4014292376574413,False
9839821,2012.01,34.853638629653325,32.53220699340252,0.1090790298669803,29.841490799295837,0.6533870762589702,False
8107225,235.01,5.632503096502289,2.305512389413524,0.0438607277955686,79.82602912811113,0.4872939485061253,False
3939150,1215.02,33.006248228998246,24.847269018727157,0.1460287929157284,35.346695210928985,0.5587512017241862,False
11122894,1426.02,74.92840608419276,68.40693206278564,0.0920452399149218,153.96679020884585,0.0,True
8591693,2123.01,29.45567643595956,22.65845033169312,0.0694164461117312,28.52116411726748,0.4116769515723937,False
10358759,738.02,13.286918709420949,0.7405189548185791,0.0816377974984092,49.30144306887036,4.624001181741111e-05,True
8565266,578.01,6.412487139351604,6.304820830899539,0.1054295027896546,187.59756251138091,0.0154801800712865,False
5794570,2675.01,5.44830506923671,1.053778509692265,0.0456540682346763,101.11261828937964,1.3005374843721998e-07,False
8636434,3946.01,308.54450033785963,175.52897066158502,0.3774255069826417,32.976873197995175,0.7048352396089594,False
10122538,2926.04,37.63290491072216,25.569088903236636,0.0908653652456624,22.93921949167579,0.0909646501097648,False
6678383,111.02,23.66825676869171,12.17405080686105,0.1166029705955991,104.27145005490114,0.4733318543444436,False
10964440,1310.02,144.68212512579257,124.83995562577267,0.183972296962296,13.37129857997861,0.8215658733819138,False
8822216,581.01,6.996894004005244,2.4204842135395186,0.0551772501663865,95.69557093328616,0.9994842260571036,False
12066335,784.01,19.27141498023757,16.718034280584323,0.0572773185407357,34.40132359874702,0.8963931378523818,True
6106282,4087.01,101.1096754389886,84.0136806157058,0.1613757941286115,19.347321179363934,0.9119280467163992,False
8156120,318.01,38.58424710937226,15.706269150912869,0.2093715052721695,103.27955145823844,0.0,True
9881662,327.02,91.35091895046808,69.06207954984511,0.1777060757462037,19.98137944864973,0.7835085756207658,False
9884104,718.02,22.71433477281432,15.784210804124248,0.1183166837303884,65.79167264704215,0.0554201161022859,False
11773022,620.02,130.17635215360326,80.52296616153482,0.1598511936889028,229.4145831424837,0.0,True
12061222,484.01,17.20513080227304,9.136913341249295,0.0745760273854501,73.4061569981452,0.1884605314880568,False
7447200,676.01,7.972491457120592,0.207619235036062,0.0575075239723561,337.7479907450153,0.0,True
6032497,845.01,16.329706302063762,13.122292656201022,0.1204620438679192,75.76460372987765,0.1295985528661577,False
11415243,4036.01,168.81097039460667,79.92995546010725,0.1303003119754757,17.567368859600688,0.2676542089783851,False
10965008,536.01,81.1693814242427,47.07757677375397,0.1551994664469549,55.0501676034388,0.7112433444567692,True
9758089,1871.02,32.37597805575819,18.90438441760224,0.0827548031666211,30.169018742951888,0.6600601451108771,False
10213902,1723.01,59.62217517307031,6.624055174429776,0.1286227791340621,34.062264564442934,0.5113107345011196,False
9896558,1718.01,67.66877317107296,66.68141575026553,0.1924043088771258,39.96990332775192,0.4217667340913553,False
5461440,504.01,40.606730423781634,27.138467632032107,0.1150627353519451,39.78737913297629,0.6545558000791236,False
6932987,1366.01,19.25395912695563,14.018171635113973,0.0940282641657968,48.35421524830737,0.6830770863120466,False
10166274,1078.03,28.464510378806544,26.527378911552034,0.0542925996750762,34.6640859723113,0.57772882054669,False
8611781,2185.01,76.95695229372214,60.821995504783786,0.1921323853289559,21.125365878075613,0.6165141677630179,False
4545187,223.02,41.00798744114337,15.519832577745284,0.0818967536157726,44.60876570149863,0.3661481687920025,False
7373451,881.01,21.02241575056244,13.09611775347522,0.0824182461398438,61.06230932992938,0.0110400201882583,False
11037335,1435.01,40.71485702228321,15.05410215503745,0.1727393380732761,54.62473376209987,0.0067066675951582,False
9458613,707.03,31.7848323627078,4.353709691237972,0.1782097418417705,54.58489864925091,0.078414080583156,False
10864531,2080.01,83.48821767924024,57.02642389940045,0.1263888351420241,20.16318719098329,0.378542182216022,False
3645438,4385.02,386.3683288272212,100.47472787119212,0.2223781040920823,13.451942278188232,0.834581597533122,False
5084171,4202.01,153.978892853785,149.7050088501,0.1831050546028436,17.196717193502842,0.8096893243349916,False
8414716,910.01,5.392009022852211,2.4698759242162254,0.0601252911386328,88.10447188984027,0.3463827156522315,False
8804283,1276.01,22.790085400308644,7.173647692774333,0.1033333366159975,49.96627019427759,0.3775828525875535,False
9656252,2044.01,16.923366028585157,4.033937757859011,0.0838403171391055,40.06378868201232,0.9580756856024978,False
6462863,94.03,54.31980543689908,29.729251809408243,0.1688629966899777,282.94141902491856,0.0,True
3342970,800.02,7.212009529763402,5.245387320641997,0.0815284263225511,53.76068975235224,0.243114195273043,False
3747817,4103.01,184.77187561005528,85.84480561550066,0.1948422893681039,19.284243598490622,0.0113860857699532,False
8082001,1570.01,6.338536009740867,2.4515093047718466,0.0634366314842338,64.68256093486264,0.6708314199258727,False
12404305,486.01,22.18323022547353,15.800312362677705,0.1039836225096626,73.01275020707233,0.2124796999300499,False
6021275,284.02,6.414899778880025,4.194872859918845,0.067334406587638,65.23542788099172,0.0032548466646109,False
9787239,952.01,5.901256180595556,4.486794981190006,0.0443846172759342,67.2747973279274,2.4124165431960165e-07,True
7603200,314.02,23.08884511888485,4.291877491046819,0.0388201026515368,53.54546399632548,0.9839710376020184,True
9072190,1933.01,49.1009380108186,4.960011583063296,0.1266951893141182,40.610536732414985,0.2531571096790617,False
7585481,890.01,8.098854102281749,4.61708232977845,0.0815696124407582,453.64700203714295,0.0,False
4633570,446.02,28.551420356147,25.414018246723177,0.0830564993784074,38.95140856061402,0.1584528255629567,False
7207061,2113.01,15.94240407933071,1.1843143046175293,0.0711538950837418,36.27036011457857,9.992007221626409e-16,False
2444412,103.01,14.910878826037465,5.887806819703245,0.0694603511111743,107.38364512578148,1.7475305380543205e-06,True
6364582,3456.02,486.12946885760215,256.3964412514197,0.2012430593229745,7.723192716169803,0.7364966356031977,False
5735762,148.03,42.896043591970106,25.525123772551574,0.1145993230380434,53.00558181986058,0.0632967834374458,False
2854914,1113.01,25.934040111263187,18.24759180983356,0.0948929732653,42.52442252727037,0.0638913480110617,False
8802165,694.01,17.42109015580622,0.4697187950864349,0.0992524738474502,94.0695133609155,0.2129069275581342,False
4833421,232.04,37.995048727719706,31.47914074859184,0.1446723816081629,30.090969664074183,0.0252842600041459,False
4939346,1873.01,71.3110540234426,33.94226676687389,0.1765174294109508,42.92231653595169,0.7266468586241046,True
11360571,2069.01,77.25464031030664,27.81090916558599,0.1973426466743137,27.737190516734664,0.4817201868358033,False
3833007,443.01,16.217680461500972,16.09436361439513,0.0998855568558946,84.76525637442114,0.3167444489670715,False
9071593,2257.01,32.563402962041295,31.94773717538981,0.1096916644299767,25.672413286124637,0.0043833745201142,False
5128673,2698.01,87.97216305189818,36.78538378638756,0.2948003283810794,49.20271532071319,0.5518957767664343,False
12156174,3260.01,56.67438689222678,28.93739905193505,0.1102501923113208,35.178023068045306,0.0020260606160176,False
9650808,1970.02,125.60164039259143,83.92159117766407,0.1454122131058013,23.687291197219647,0.0274947380461525,False
8394721,152.01,52.09060875796446,27.233107127512117,0.1715686163609786,192.2720086958763,1.0581398113274076e-07,True
10965588,2177.01,62.89159869321658,7.614241664752992,0.1378241276902722,21.928692435836567,0.5576004311567778,False
7288306,3443.01,96.16909439427305,38.74539730637508,0.1527142319596991,17.432035540166424,0.6049177959102578,False
9650808,1970.01,21.96392944380374,1.523330668503534,0.0561732253151778,30.98288045632911,0.2428770499476173,False
10657406,1837.01,34.173097257234225,6.276419947129072,0.092503679060288,41.75688738019503,1.9692096778767265e-06,False
7951018,1553.01,52.75856069264579,24.79400885782528,0.1283301073773596,258.4925436442484,0.0433860021574625,False
2693736,1976.01,12.12396637078351,3.44279301346462,0.0672174928618317,42.04811306404865,0.602200343226321,False
6432345,2757.01,234.63457505011195,41.13543468728487,0.1414124261373548,20.38243075080033,0.6532028352985444,False
10586208,1308.01,23.58433610906018,14.445480352028117,0.111688070852877,51.90296185324622,0.0039345437777257,False
10055126,1608.03,232.03516834822727,130.75727577610164,0.2418739852160756,13.14168527918151,0.3680094147793158,False
4155328,1335.01,127.83312478710668,34.07239310148519,0.2173845786620179,58.06852392849832,0.7703385804267029,True
4544907,2024.01,46.87755345064645,6.1529421912628,0.1917801005607722,35.836417808786045,0.4392819750349859,False
9873254,717.01,14.707443474408189,11.130140593226177,0.0648528478594391,39.59752332433021,0.2528628793587596,False
12418724,1516.01,20.553229950309724,8.048743504158272,0.1045236074300009,42.764154554198775,0.0747797769022448,False
11442793,351.02,210.5947708988113,15.57620227572291,0.2396038872170016,143.19267837077192,0.0,False
9845898,2423.01,45.12608137504994,33.907840685761784,0.135094896722775,21.774152612553937,0.6124254048532223,False
11015108,344.01,39.30929385892284,11.485342304099524,0.1164601860252245,100.70868483263816,0.0582132246446417,False
7046804,205.01,11.720076978350086,10.661528188884578,0.0547595887323812,799.0243575237998,0.0,False
2571238,84.01,9.286936479385025,6.167267311315992,0.068845954556889,238.42023285670243,0.4368824639530064,True
6937692,513.01,35.18092185172347,3.4054636201826827,0.1468136296421242,63.36479299738672,0.1549191387008566,False
6946199,1359.02,104.82007909918894,22.431918758155955,0.0713161101542804,80.47375651232437,0.3038204736014167,False
12834874,487.01,7.658767906278001,3.233559206244247,0.0621158260691159,61.41413308436757,0.749942315430808,False
7670943,269.01,18.01152969506553,10.518992608110452,0.1319536142558203,48.3449164616946,0.7519896527280633,False
10843431,7378.02,56.39434219769476,21.233919946589666,0.083607718834989,11.502662497423696,0.8533894098553082,False
8352537,420.01,6.010358537965717,0.4998258012606487,0.0436642163609153,288.6596248001845,0.0017027827039611,False
11614617,1990.01,24.75760518815332,10.55644245911646,0.1324820023716507,39.439352070027205,0.0876144279693319,False
9388479,936.01,9.467778912123237,9.03242537363187,0.0487488538350974,120.7604066672815,0.0083998555283608,False
4035640,1881.01,28.267132668221027,9.41415943624738,0.0923903907983912,37.2353882668083,0.9995386247474124,False
6685609,665.01,5.868048579567285,2.838836348810976,0.080761778977359,83.71010969898738,6.280674326175628e-07,False
10676824,599.01,6.4544069623611575,2.9760199295280696,0.0536935484692658,58.57848489250979,0.0036765353352432,False
4833421,232.01,12.465971307604097,2.4895689479381327,0.1000382558658707,278.4327806563286,1.2797320980695304e-09,False
11442793,351.04,91.94019399523394,2.7809750474476256,0.1855685858345188,26.371428709741497,0.9096931089079012,False
8804397,1853.01,60.08504626618406,21.745754385236303,0.1377871493271377,47.772245016363385,0.8259684922621,False
8257205,1986.01,148.4598754015767,19.87345541493971,0.1046027962703264,30.793586717031243,0.6297093409126003,False
8292840,260.01,10.495643661361855,10.268690100432204,0.098778335668931,69.80688443581757,4.912332762785353e-10,False
6305192,219.01,8.025088846683179,0.9563957826216204,0.1048795288279523,451.2517504282482,8.928921624296039e-08,False
6584273,3287.01,51.1110092627015,12.24965123117462,0.1536380627733883,29.87286716860108,3.3306690738754696e-16,False
9205938,2162.02,199.668183458032,0.0949432028864103,0.1836742297848287,13.93866693583504,0.7738904584146271,False
5864975,1787.01,98.7178071632351,0.0718121314439416,0.1231053404060906,162.90191443109128,0.4468544150271718,False
9592705,288.01,10.275273074232189,5.356990643220164,0.1299811505729781,75.82486791920873,0.0148024537915246,False
10586004,275.01,15.791881202947904,8.903685182592232,0.1514687285460163,67.51974954769658,0.2092090136576039,False
10599206,476.01,18.42787866078617,10.071372964215527,0.0579421044851421,36.6407763715884,0.866523172235988,False
6342333,2065.01,80.23185387672108,30.8808238503308,0.0824916560811949,31.096459086324028,0.0036080017738593,False
6049190,1685.01,70.46801845875889,57.643543069719165,0.1349921543154394,44.84134410578781,0.7512745931637822,True
6932987,1366.02,54.15579509538562,40.85231719290515,0.076037103809013,28.025348532209264,0.0839248433672332,False
6677841,1236.01,35.732779422557485,19.655175547536025,0.1524274721010193,44.5975073251141,4.440892098500626e-15,True
6587105,2721.01,33.87861264537317,28.702973689798245,0.1114981077548262,34.337145637913935,0.8003757943033174,False
5438757,1601.02,62.9224226271522,20.18121195053446,0.216453107107871,31.01167513311701,0.055475329344546,False
10187017,82.02,10.311686992813987,3.230002773838216,0.0653747294375878,59.1179843336536,2.192946572998622e-05,False
6196457,285.02,26.723041173252724,0.6752912216367544,0.1757164514364901,50.34077005569257,0.5061541056869022,False
10600261,597.03,52.81452614417952,33.39321356656294,0.1480635985611875,27.002100844653818,0.1328032551941003,False
7747425,1952.04,42.472693368715184,14.777358233291274,0.1494032491577983,21.572088416517364,0.4957693155020725,False
5526717,1677.01,52.06870968388533,46.64303302901897,0.0612383507685977,27.449602461438,0.2699406032924329,False
6383821,1238.01,27.07229615973561,7.599451776895912,0.1420642789396991,43.87657109145162,0.1559257316864811,False
4455231,1332.01,19.30572815006106,1.484747305874764,0.0864915016007649,38.8907610626052,0.0923613383452712,False
7115785,672.02,41.74917436420949,22.334264378935043,0.1137738958582121,73.36957177928227,0.1940761064216345,True
8017703,518.03,247.35322136043263,232.64679501025205,0.1751646653765238,45.262589239303296,0.6241525916770222,False
8292840,260.03,21.86954877009486,19.756036678240555,0.1111614137062082,49.2253053703272,0.0413503779001985,False
11853878,1833.02,7.684300972420244,1.8472052023058985,0.0236717827645101,61.18527914232943,0.4598039098254773,False
5340644,503.01,8.222384559461796,0.3315892958629202,0.054675894641737,84.62844326899308,0.0010107422504412,False
12400538,1503.01,150.24041336441215,6.778481770690913,0.2160433308689658,70.50485693394856,0.0707609863726196,True
3634051,6103.01,453.5378546998761,239.52347317458657,0.3377337685391174,35.86919082190965,0.5623027616659494,False
11512246,168.01,10.742359732571003,2.006558306454438,0.125434106517927,89.36792608562291,0.1689875089983513,True
10990886,478.01,11.023430497763805,6.532136713181663,0.0282609777842455,92.66424718372498,0.4708281302965102,False
5774349,557.01,15.65558658339745,7.959645682598326,0.0795857736718515,58.16363788213565,0.7271333497419946,False
9478990,423.01,21.087109745914184,8.084542483771399,0.113587660948442,551.5592158895386,2.220446049250313e-15,False
8630788,1258.03,148.27123174250505,6.492815595714354,0.0726427749378896,22.47753734053116,0.270330853127487,False
9455325,1813.01,9.767815623013842,7.927348040273613,0.0394630217632085,57.71338366872272,0.9664610988082778,False
11904151,72.02,45.29406758847746,18.13806263330545,0.1397947939680874,110.53864257369057,0.3826513422765343,False
10593626,87.01,289.8618195124478,13.160255577004884,0.1444765862687371,30.154736445978624,0.934213449200758,False
3964109,393.01,21.41615695998304,1.9053220911881736,0.1443796611944558,47.12091080940333,0.0049385254373096,False
9973109,2018.01,27.49548579422132,1.7734507879236407,0.0972055644308415,28.079993540548948,0.5474353046006806,False
10122255,1086.01,27.665135048019085,13.359693279410092,0.135848192739794,38.87198953122878,0.0033034591064809,True
9634821,2037.01,73.75766629855543,52.59659425941342,0.0543656507869689,35.16613585094271,0.0057570135971042,False
9757613,250.01,12.282953938939327,2.0362301487229626,0.0548637670681405,118.57652127331872,0.0003099127979685,True
6436029,2828.01,59.49657299665439,32.540960076485895,0.1077897758745541,19.704745131894644,0.9016723467929996,False
6349881,4121.01,198.08849099117725,188.2157482877305,0.1584604104254505,17.463179805894402,0.1718219424192668,False
10616679,429.01,8.600067016537738,6.616379811783094,0.0804318509343104,208.1135903078516,0.1202268011528538,False
12356617,375.01,988.8785394945093,118.68316130980726,0.1156644128710615,134.95049701110798,0.035316537832009,False
4139816,812.03,46.184279585256434,33.72180000583558,0.0932528852130343,25.935307380334745,0.0042125035591059,False
9351316,2078.02,161.51484334616717,44.98808219892097,0.1237023996827281,23.22032189898887,0.0213877344888153,False
7445445,567.02,20.30295686444535,4.684238754733362,0.0888862460818216,48.16839797102753,0.3810093121878333,False
10554999,534.01,6.400132826081939,4.108910575189024,0.0369769945847539,66.49542496756325,1.4648277990580991e-06,False
8845205,463.01,18.47755329221636,16.801161466156998,0.0365627974808063,61.965135095292986,0.9165194181593574,False
8247638,907.02,30.132804125374133,28.7381045527417,0.0976889138725945,45.67187791083783,0.768943822963392,False
8395660,116.01,13.570722969874016,2.169262026573184,0.0650114201250586,98.81476421608836,0.0,False
7898352,1486.01,127.28207908172348,32.375327703675104,0.1194178685405971,128.14497253580734,0.4389953352164935,False
10858832,432.01,5.263393399858801,0.7314104052404906,0.0407333931577508,122.06679858053802,0.4421730334372555,False
9349482,2020.01,110.96398531144014,55.53120478862825,0.2524320883358232,37.71738186418283,0.2323467002276344,False
9886255,1846.01,105.9562974847018,50.53789962926676,0.1401070821607201,40.4557250265456,0.1439265821186734,False
9026749,2564.01,66.55759058895856,49.81071967879191,0.2155047274555948,20.763649328601414,0.4634030371823195,False
10709622,2108.01,51.32809430193337,46.16253277954227,0.1886630919511201,31.96334945564363,0.0598687882148425,False
7939330,1581.01,29.541873806890067,6.07753045457498,0.2410062726109024,38.47245242022925,0.7215284320071382,True
11754430,3403.01,39.81801343426189,6.308887013353034,0.2189423096951865,41.85068138838313,0.0,False
10155434,473.01,12.70635614182539,10.998522564973843,0.051438102462968,61.03359204931071,0.0103494493276632,True
5526527,1838.01,16.73645126299755,11.620049618579475,0.0381398974551277,41.9722524308384,1.2164372309442228e-07,True
12314973,279.02,15.41304595629164,0.9888165972577968,0.1353493064948388,59.23549945986874,2.825197561939774e-05,False
6541920,157.06,10.30396179081736,6.99130709620404,0.0871224182439754,51.737648873445394,0.5422218348846932,False
5438099,1567.01,7.240193056833364,2.612936120858877,0.0583500299034574,54.69311752008447,0.0018771675060642,False
7366258,880.03,5.902221902502184,5.271513429517545,0.0580340357974274,58.10690882079149,0.0565004211493662,False
6276477,849.01,10.355297064123087,8.358358959746438,0.0645760225771632,51.03294828079166,0.2304339932731149,False
11760231,1841.01,49.607375510180304,17.87556064588212,0.0587478526761064,44.97477799277161,0.6597677346070936,False
5299459,1576.02,13.084180327412367,1.1193181696623984,0.0612439563879987,48.58012169984946,5.7658745777899873e-08,True
5020319,635.01,16.719797870748152,6.450126082458304,0.0675099209076252,60.098138141672216,0.8223372624682577,False
6381846,509.02,11.463431445386703,5.872387189649164,0.0528280632420047,42.090962713382886,0.9951621333504768,False
11037818,5856.01,259.340259707534,34.17183243225921,0.325259306315338,11.712528244454717,0.0636531169734208,False
9527334,49.01,8.313750658254953,2.9106244325738677,0.0607595005521908,81.439736855169,0.3671541837567844,False
12266636,1522.01,33.38538030966957,17.417756704972025,0.1004004196871972,34.67781869499587,0.3382500603565619,False
7870390,898.01,9.770403315637909,5.11915074187588,0.0501472971299783,61.53582304030492,0.2645226263044118,False
9455677,4076.01,124.82711233389996,77.27981775892512,0.1319710291805649,17.054756614670946,0.7895512954348607,False
11709124,435.01,20.549718869271796,6.335046878815239,0.1086473038099156,120.40574845535316,0.3805541222170581,False
6587002,612.01,20.73980799720538,0.2269699427133115,0.0624287744107007,54.67793242362085,0.1101927967722673,False
5631630,2010.01,25.96180244884549,7.4571170353887934,0.1289137531309577,41.20543148694275,0.3344687649905781,False
10600261,597.01,17.307846912225166,10.81759281030189,0.1039478381399254,50.19875676346108,0.104525624598195,False
5770074,1928.01,63.03781210448915,48.58059229555838,0.1497229732827147,48.79718608215429,0.0218322026392356,False
4913852,818.01,8.114341797496381,4.255259519002121,0.0449403318575544,48.32737256509763,0.9990923671243824,False
8866137,2074.01,33.4177885495456,24.071636088174014,0.0832779776711491,31.278463385910893,0.3353773549829153,False
4139816,812.02,20.06027963120208,15.953488789161716,0.0662290381625855,39.48721966429854,0.174812423948335,False
7825899,896.02,6.308177808626315,4.685822977602628,0.0606588721209872,87.38458029228796,0.0543659484571663,False
12403119,1478.01,76.13600006845385,67.96402313469194,0.1595779574006802,292.31293172990786,0.2685327893093721,True
9663113,179.02,572.3837595560555,174.99208460421698,0.4697881207297651,54.00229301910096,0.8158997573670053,False
3561464,3398.02,35.79933049192692,24.418771750572823,0.172128255819917,27.168557339300826,0.0141770418183582,False
8125580,1014.01,17.31710460087341,10.845577273071571,0.0628891029173318,44.61176612904487,0.0,False
7109675,872.01,33.601105435142955,21.566034120033883,0.0899109558620535,190.8696752309548,0.0,True
