,kepid,logB,SNR,period,epoch,transit_duration,err_period,err_epoch,err_tau,radius,radiusp,radiusm,num_available_transits,radius_star,mass,teff,mass_err_high,mass_err_low,E_Teff,e_Teff,logg,E_logg,e_logg,feh,E_FeH,e_FeH,radius_err_high,radius_err_low,insol,hz,strict_hz,pvalue
0,7362237,85.11259264413565,14.791933941967727,95.71106014548448,191.36476718176908,0.2334911325604816,0.0007452034146078,0.0045541609938798,0.0027125324209665,1.816,0.113,0.098,3,1.131,1.105,6066.2,0.057,-0.069,108.9,-108.7,4.374,0.028,-0.037,0.011,0.129,-0.133,0.024,-0.024,8.712170023061937,False,False,0.26595744680851063
1,7684808,82.1346124216604,14.576856580769787,95.7209134397951,159.82397260024956,0.4885403318975774,0.0008825584209622,0.0044150453290871,0.0042682288759097,1.9,0.126,0.099,4,1.467,1.051,5764.4,0.102,-0.079,111.9,-112.1,4.124,0.048,-0.048,0.034,0.165,-0.164,0.045,-0.043,12.361834872509176,False,False,0.005742993206345937
2,8109544,75.57394062697976,14.279294373476224,141.34456057503303,390.4012332887488,0.1429281449602498,0.0012320023439301,0.0066584472018556,0.0027358768486431,2.645,0.149,0.159,3,1.401,1.125,6016.6,0.07,-0.083,117.8,-117.8,4.193,0.036,-0.04,-0.035,0.133,-0.13,0.028,-0.03,7.610993831018887,False,False,0.03171275741888982
3,10876097,60.44520874128693,13.185687170635402,120.89148123073711,325.3032437088664,0.1122214118856028,0.0007648441101323,0.0034078475071878,0.0032101258800445,4.323,0.357,0.353,3,0.727,0.745,4793.7,0.041,-0.04,92.1,-86.3,4.585,0.03,-0.035,-0.041,0.133,-0.135,0.032,-0.032,1.3403907431312048,True,False,0.041330446304695824
4,6608492,58.69866630693328,12.87649960347576,164.29098479347013,347.2093882782822,0.3906032021165578,0.0016691291979885,0.003294680884066,0.0031512534512182,4.259,0.478,0.433,3,1.714,1.047,5582.8,0.079,-0.077,113.2,-108.5,3.976,0.071,-0.067,0.024,0.157,-0.169,0.156,-0.146,7.441587304782078,False,False,0.015605742424851965
5,9718313,55.2223804686721,12.62844628707303,63.51993598539941,189.62894363157267,0.2398251185879904,0.0004146454742649,0.0065760471190387,0.005589257194012,4.04,0.369,0.346,7,1.805,1.101,5687.0,0.078,-0.075,118.8,-114.0,3.958,0.057,-0.054,0.025,0.153,-0.17,0.116,-0.11,30.15748518494433,False,False,0.01567700243658979
6,8263901,52.7244040170161,12.505368533643786,67.65801781809051,575.2831980598611,0.1295957877763578,0.0005591672192323,0.0015586583359108,0.0014801684101591,4.29,0.379,0.353,4,0.898,0.883,5423.1,0.06,-0.062,120.8,-115.5,4.472,0.051,-0.062,-0.007,0.141,-0.153,0.054,-0.047,6.520892439003547,False,False,0.010211748819560655
7,6151933,47.946730510459545,12.033127867267073,98.05485669513868,315.58128593016414,0.5155739561339168,0.0003578779138332,0.0036771415217475,0.0029247166770476,2.54,0.18,0.163,4,1.503,1.29,6410.1,0.067,-0.071,152.1,-144.8,4.187,0.043,-0.04,0.006,0.165,-0.189,0.064,-0.065,16.926845062467024,False,False,0.054195340858410136
8,8035000,47.82650194843313,12.4996124614788,189.2782683932781,170.53011047978896,0.7743359609489016,0.0032672777164238,0.0058071380677307,0.0055948873572365,1.951,0.151,0.115,4,0.674,0.648,4143.7,0.015,-0.014,64.3,-87.9,4.589,0.019,-0.015,0.269,0.115,-0.109,0.017,-0.018,0.387698834122184,True,True,0.003340813843018804
9,3219572,43.43377742995944,11.709832054231512,55.389616170170086,197.77475130740686,0.0724104405214178,0.0001850078208857,0.0022431618901318,0.0022312261893933,3.138,0.239,0.247,6,0.673,0.689,4488.0,0.03,-0.028,81.6,-78.4,4.618,0.021,-0.024,-0.021,0.12,-0.116,0.02,-0.02,2.6265310015412133,False,False,0.006158742695009863
10,7190163,42.49432389424635,11.450597443090048,490.6806317508999,265.96902034813775,0.5002206234669881,0.0028507921985058,0.0035798544664432,0.0019830581299343,2.507,0.187,0.158,3,0.886,0.909,5557.2,0.049,-0.059,100.0,-96.7,4.499,0.033,-0.046,-0.059,0.13,-0.152,0.034,-0.031,0.4868940861625118,True,True,0.0002675778574135999
11,8735877,40.63303279689274,11.053548889765809,87.23624502783437,330.51577482386097,0.3897850442702752,0.0009958187107162,0.0069459766908423,0.0061400529872885,2.154,0.163,0.14,5,1.39,1.071,5850.0,0.085,-0.083,107.5,-104.5,4.178,0.044,-0.05,0.026,0.136,-0.163,0.054,-0.053,13.226241813177532,False,False,0.2839506172839506
12,9941271,37.73156090004175,11.350818817389456,147.70574682244018,319.60420033988,0.1021883116739568,0.0004980940813941,0.0004675513891005,0.0004650585934661,4.307,0.361,0.364,3,0.683,0.697,4496.2,0.037,-0.035,89.6,-86.0,4.609,0.028,-0.03,0.015,0.134,-0.137,0.031,-0.031,0.7343925126674248,True,True,0.11827956989247312
13,6595491,35.61752059487739,10.77418480995692,375.1062385709479,676.7311263006343,0.7276801300255236,0.0055581131884319,0.0064657112086481,0.0052304246410757,5.438,0.48,0.42,3,1.776,1.116,5756.1,0.089,-0.077,118.2,-114.1,3.977,0.062,-0.053,0.03,0.158,-0.171,0.106,-0.099,2.8404242863909324,False,False,0.0037409054991899052
14,9771223,33.96441209880794,10.634291850615869,369.3254389553233,499.10090011954117,0.624811891478527,0.0070531688447055,0.0081626504166081,0.0054987824676737,3.389,0.251,0.222,3,1.229,1.056,5911.4,0.075,-0.079,115.6,-110.2,4.276,0.047,-0.049,0.019,0.141,-0.167,0.049,-0.047,1.5945006645571396,True,False,0.005986487809663157
15,11512566,33.74698144882091,10.712810792463465,331.4175351455906,184.389541516318,0.6006345045585282,0.0062508303928478,0.0048403976715983,0.0043236483753164,3.039,0.232,0.202,3,1.41,1.003,5740.5,0.084,-0.069,113.2,-112.5,4.137,0.05,-0.048,-0.028,0.159,-0.157,0.056,-0.054,2.220106731173749,False,False,0.0023933512490247064
16,6685575,33.66603516728382,11.111716603496534,149.82648544924615,246.80029417594085,0.0557388769683596,0.0009623607919825,0.0036155975964844,0.0026830165359333,5.355,0.36,0.367,4,1.049,0.983,5765.1,0.071,-0.075,110.4,-107.9,4.384,0.048,-0.052,-0.0,0.146,-0.163,0.041,-0.039,3.6603128148316646,False,False,0.03360432978927411
17,2709368,33.60444625705417,10.895885795963858,372.2867553378571,661.007540915055,1.4577814442516905,0.014216837672429,0.0127437392955116,0.0129497891274879,3.432,0.264,0.233,3,1.311,1.025,5783.2,0.084,-0.079,116.1,-114.4,4.208,0.05,-0.053,0.028,0.162,-0.169,0.058,-0.056,1.674602280614809,True,False,2.785979252417286e-22
18,10208229,33.46698811566779,10.581834340470165,367.2175179006263,145.44129406997897,0.6316566545212072,0.0062918542036986,0.0107079061719982,0.0053087445969007,3.118,0.23,0.203,3,1.374,1.123,6033.8,0.069,-0.081,117.6,-116.2,4.207,0.041,-0.045,-0.036,0.13,-0.133,0.052,-0.053,2.0870910745776543,False,False,0.038408222680790347
19,7821336,32.82399336607945,10.574162910088392,355.3334149678104,323.90081096590313,0.3354798394335172,0.0046641236465348,0.0078877812251767,0.0056001666532045,2.115,0.177,0.14,4,0.694,0.708,4522.9,0.031,-0.029,78.2,-74.9,4.603,0.023,-0.023,0.036,0.115,-0.111,0.018,-0.018,0.2372623471345779,False,False,0.0236212452573011
20,11143381,30.576773502201164,10.482616231433733,134.8469497217712,284.79522397757586,0.175248532939397,0.0015802311060415,0.0082548254804587,0.0044260234768703,3.186,0.269,0.26,6,1.214,1.028,5841.0,0.077,-0.078,115.1,-111.7,4.275,0.052,-0.054,0.028,0.134,-0.175,0.06,-0.057,5.797440072060796,False,False,0.0011375942076710516
21,7751259,30.41043754105624,10.595198961836008,370.274200531811,681.4588890393254,0.928303501662715,0.0073911216844017,0.0109103144910482,0.0065873782479977,3.917,0.376,0.334,3,1.091,0.969,5709.2,0.073,-0.072,107.1,-102.5,4.338,0.069,-0.068,0.015,0.147,-0.161,0.078,-0.071,1.1641582951683365,True,False,0.11330650927329745
22,10597084,29.46466943609392,10.24862415092297,376.1933572754189,513.6053103102684,0.6456582048546162,0.0079217198527653,0.0108427644060571,0.0067843159195272,3.327,0.291,0.235,3,0.832,0.786,4887.1,0.027,-0.024,95.1,-87.2,4.486,0.026,-0.029,0.144,0.114,-0.112,0.036,-0.029,0.4055698713135875,True,True,0.0705432915307112
23,12460187,29.206094676660456,10.422958543321393,213.77523466472823,278.6445759561269,0.5336829969740048,0.0007740866357238,0.0029637778965188,0.0018969465909975,1.457,0.1,0.086,3,1.127,1.122,5939.3,0.051,-0.066,99.8,-101.7,4.382,0.028,-0.035,0.166,0.121,-0.137,0.023,-0.022,2.696125723100437,False,False,0.08466268605493353
24,10395553,29.19921562912424,10.552959888265915,139.65329398202414,157.02463765787678,0.0611960682951902,0.0010921548444187,0.0055132698206135,0.0024066566927936,2.172,0.131,0.138,3,0.821,0.725,5654.8,0.041,-0.029,96.1,-89.8,4.466,0.032,-0.023,-0.757,0.125,-0.12,0.015,-0.016,2.77551150158623,False,False,0.053625020851782085
25,8565682,28.72156487167443,9.76721393077901,372.0700963833276,660.9101712173048,0.9946497363233016,0.0131951982644323,0.0647114548424971,0.0628661461873588,4.937,0.462,0.415,3,1.571,1.165,5971.6,0.088,-0.098,112.7,-118.4,4.103,0.053,-0.061,0.022,0.137,-0.158,0.103,-0.094,2.5308831489915447,False,False,0.010945963449855909
26,8612197,28.615820542719035,10.476909686176318,369.5911976267776,543.7941769942508,0.6815868925287548,0.0026563254522542,0.0055659370695635,0.0051928572045947,2.878,0.236,0.198,3,0.8,0.827,5222.3,0.044,-0.054,96.4,-91.0,4.547,0.032,-0.043,-0.085,0.141,-0.146,0.031,-0.03,0.4810911709298994,True,True,0.003626106051906906
27,4542936,28.44312907575693,10.203613223507446,186.2201070869559,229.98865886425284,0.1131941780533274,0.0013167000444917,0.0051112737972203,0.0031233093308031,3.46,0.271,0.276,4,0.815,0.799,4975.1,0.045,-0.036,92.2,-85.4,4.514,0.038,-0.031,0.08,0.129,-0.123,0.025,-0.024,1.049334876974391,True,False,0.010771190928710704
28,6843533,28.334366667061925,9.979484408642165,231.68259908006183,167.02697680546254,0.3366288402415698,0.0033550249607584,0.0165557398663892,0.0060749589115959,2.641,0.228,0.2,4,0.909,0.925,5619.2,0.054,-0.061,105.3,-101.2,4.484,0.038,-0.051,-0.057,0.133,-0.156,0.044,-0.04,1.4429424714136976,True,False,7.506045207225181e-06
29,5282995,28.252014264497213,10.152075076183086,80.13357356633554,394.759673479423,0.1733885336806226,0.0007567044776043,0.0061579858536858,0.0036181857400478,2.551,0.231,0.211,7,0.969,0.961,5722.3,0.062,-0.068,110.7,-106.6,4.443,0.045,-0.058,-0.035,0.141,-0.154,0.056,-0.048,7.105676345611186,False,False,0.0010582564507192278
30,7820866,27.324002706349184,9.994665002385611,371.616037821966,306.014913240626,0.8038787470246322,0.0057154518169137,0.01280686453783,0.0065097672666012,4.542,0.412,0.364,4,1.819,1.128,5759.2,0.085,-0.077,119.7,-114.6,3.961,0.061,-0.052,0.029,0.153,-0.172,0.109,-0.102,3.0042194713824206,False,False,0.01197598188950328
31,2983219,27.105347589359354,9.920633906427764,361.2523114027047,168.7820918639506,1.129115976343978,0.0060269908737714,0.0124056192477443,0.0039230232365773,4.225,0.597,0.533,3,2.541,1.588,6399.2,0.124,-0.139,122.1,-115.3,3.811,0.082,-0.081,0.069,0.11,-0.118,0.323,-0.287,7.547981636269572,False,False,0.1595744680851064
32,9463290,27.031914533890287,10.160091279262042,375.2040636734495,493.55527870118794,0.8739988821395486,0.0102624410281423,0.0140200494627718,0.0074640015996008,3.628,0.39,0.352,3,1.338,1.099,5955.1,0.082,-0.086,117.8,-111.2,4.213,0.07,-0.07,0.021,0.13,-0.171,0.114,-0.106,1.88629003046858,False,False,0.007258683660164297
33,3951989,26.58216663644395,10.122748367136497,116.71809321589583,190.34046690569886,0.141442497578119,0.0008809344109242,0.0083146376846894,0.0016745151433052,1.592,0.12,0.12,7,0.816,0.834,5201.2,0.044,-0.055,98.1,-90.9,4.533,0.031,-0.038,-0.034,0.13,-0.138,0.017,-0.017,2.2732066399694437,False,False,0.04332505308296355
34,6463034,26.24520975375196,9.963316304651492,201.91966691591767,173.58399714288572,0.3391121426027566,0.0027337603003912,0.0107544685206095,0.0059585342575483,2.369,0.268,0.235,4,1.017,0.965,5717.9,0.072,-0.073,131.4,-125.4,4.397,0.07,-0.083,-0.015,0.148,-0.162,0.094,-0.079,2.2967673576328465,False,False,0.11702127659574468
35,9946764,26.14350251253569,9.95929927425756,367.2982495323088,482.773546119739,0.4741304127493976,0.0040629342652997,0.0061438056803588,0.0040388772331939,4.229,0.331,0.293,3,1.257,0.892,5387.7,0.056,-0.044,101.9,-87.3,4.186,0.04,-0.036,0.073,0.127,-0.155,0.038,-0.037,1.2902209466352024,True,False,4.6761040264423846e-07
36,8741066,25.429594767263502,9.79343151803106,369.4653597201779,547.493378147198,0.5436092450336568,0.0070444665712641,0.0081414345657833,0.0045265987557176,5.307,0.598,0.53,3,1.377,0.953,5535.2,0.072,-0.068,112.7,-106.8,4.128,0.072,-0.072,0.032,0.164,-0.165,0.115,-0.106,1.6679278027559985,True,False,0.0005361281034937214
37,8106714,25.263910910302627,9.826691315685364,369.4955798175956,602.3182032882556,1.0086826564368618,0.0069904059377587,0.0078152272462394,0.0067668277126547,5.653,0.665,0.582,3,1.641,1.066,5695.7,0.094,-0.083,123.3,-119.2,4.021,0.08,-0.072,0.033,0.169,-0.171,0.157,-0.138,2.4723979494867736,False,False,0.022034460199455697
38,6195863,25.10323961059617,9.852452952815206,375.3050878811159,300.8024947468307,0.9577679121057922,0.0066767931045533,0.0044863151083856,0.0038407313043696,3.96,0.343,0.3,4,1.616,1.09,5787.2,0.116,-0.079,116.1,-109.9,4.053,0.061,-0.055,0.036,0.17,-0.166,0.084,-0.078,2.4197489426191066,False,False,0.050529432166803126
39,8361463,24.884538555242187,9.777302923102807,142.16008231410177,259.9187574983799,0.3519716932522364,0.0013032450958872,0.007174912327316,0.0043412140954381,1.665,0.132,0.11,5,0.927,0.854,5292.3,0.061,-0.046,100.8,-88.3,4.43,0.045,-0.037,0.054,0.141,-0.143,0.027,-0.027,2.387535711133988,False,False,0.03629179785230219
40,7030578,24.49932005236392,9.639153254398266,83.47422183441046,186.58138305870273,0.1743121290826368,0.0007697356162965,0.0071611683174916,0.0040367676206862,1.295,0.089,0.086,7,1.068,1.148,7017.4,0.019,-0.019,139.7,-134.4,4.439,0.013,-0.014,-0.728,0.143,-0.152,0.02,-0.02,16.257135931422834,False,False,0.07444953699328667
41,8807565,24.402623878968505,9.897500330540405,377.4068878703644,543.4919273209075,0.6732422261018802,0.0035104430194995,0.0063109967199033,0.0052541478704342,2.901,0.239,0.21,3,0.988,0.999,5873.9,0.055,-0.066,105.3,-102.1,4.445,0.036,-0.048,-0.072,0.136,-0.156,0.046,-0.043,1.0101100938012908,True,True,0.01823342961578558
42,7751209,23.9655650358584,9.720812977743323,372.24608207790624,306.82250770263965,1.1653974802272966,0.0056885448776007,0.0085777849286567,0.00462822713068,3.827,0.293,0.254,4,2.002,1.221,5855.3,0.135,-0.069,118.3,-115.4,3.918,0.055,-0.037,0.074,0.162,-0.156,0.061,-0.06,3.637743196682999,False,False,0.000223438508262123
43,9463359,23.92913528276128,9.868170188305069,210.24806681104928,151.5106834235401,0.5267162184764864,0.0008495691527696,0.0055837838499664,0.004869142424623,2.545,0.197,0.177,3,1.059,1.066,6081.1,0.052,-0.066,110.7,-106.6,4.413,0.031,-0.042,-0.087,0.137,-0.156,0.044,-0.042,2.779893628916014,False,False,0.25555555555555554
44,10341037,23.00102517845892,9.865731562096382,361.2864117487056,508.9578633990232,1.6534748838146025,0.0086780011044539,0.0064804847808129,0.0061685960388034,7.936,1.102,0.982,3,2.299,0.986,5428.3,0.105,-0.092,122.8,-115.2,3.697,0.077,-0.077,-0.524,0.152,-0.153,0.282,-0.252,4.3644428145334135,False,False,0.055048295126604835
45,8153347,22.9892341503069,9.846108291344086,66.25197380584588,191.23811103425174,0.0929220017329152,0.0004393377995815,0.0042626216547887,0.0023933845663923,3.027,0.273,0.263,11,1.084,1.044,5954.8,0.067,-0.074,110.5,-107.0,4.38,0.051,-0.061,-0.027,0.143,-0.161,0.067,-0.061,12.753006154515544,False,False,0.13636363636363635
46,6437215,22.645802634212146,9.43588037920303,370.68549532936606,261.3070514920747,0.3169932795326944,0.006851374155489,0.0131148392521896,0.0076635366333794,2.662,0.224,0.198,4,0.821,0.824,5140.7,0.048,-0.049,98.2,-90.1,4.522,0.038,-0.04,-0.002,0.133,-0.136,0.026,-0.026,0.4747779373723155,True,True,0.0008065355106604117
47,6753396,22.61038253295922,9.665186295371493,66.8636718038061,261.78803228121336,0.3301264465990458,0.0003863600618869,0.0037873793258768,0.0035820279517408,0.811,0.055,0.049,10,1.135,1.056,5884.1,0.071,-0.071,106.4,-105.0,4.349,0.037,-0.039,0.062,0.142,-0.134,0.021,-0.021,12.908491587418707,False,False,0.23170731707317074
48,11855348,22.212830258958288,9.363656416674049,493.1168146467944,600.7376820543273,0.5109465616222244,0.0120022547239911,0.0132532649636575,0.0113940345236094,2.185,0.171,0.148,3,0.845,0.873,5400.5,0.045,-0.059,95.4,-94.2,4.523,0.03,-0.044,-0.058,0.129,-0.151,0.027,-0.025,0.4032227976772143,True,True,0.00011064117497034438
49,9467362,21.908433625292787,9.583799887329295,371.6734413878612,309.0951876832331,1.2461236769213808,0.0023445373389973,0.0049930671457535,0.0024815799534234,4.659,0.396,0.33,4,2.339,1.156,5247.7,0.081,-0.1,112.9,-106.6,3.76,0.039,-0.05,-0.043,0.159,-0.168,0.085,-0.084,3.3322397297169304,False,False,9.774588669326657e-07
50,6515386,21.891076614540225,9.659955941306704,371.5274727341917,677.2355142375427,1.219413567292737,0.0078901827096457,0.0079972849128062,0.0067650570002609,6.582,0.85,0.752,3,1.72,0.974,5321.0,0.08,-0.078,111.5,-106.3,3.942,0.075,-0.073,0.011,0.161,-0.18,0.183,-0.165,2.189747657182707,False,False,0.017863799210457304
51,5952164,21.871174835823204,9.450515677115378,369.345816843184,309.8941168455856,0.397372433421348,0.0031383334914166,0.00418631604663,0.0038541450933564,2.682,0.213,0.186,3,0.735,0.775,5174.8,0.039,-0.047,94.1,-88.4,4.593,0.023,-0.032,-0.258,0.132,-0.163,0.025,-0.024,0.4087009471689196,True,True,0.05588646868558039
52,6358977,21.42883307579574,9.33737581481714,366.1647288929912,522.6103495106825,1.6935839728623938,0.0111849651974994,0.0082554310120568,0.0065793616513178,10.562,1.696,1.488,3,3.299,1.092,4884.0,0.21,-0.187,89.5,-84.0,3.426,0.119,-0.127,-0.018,0.149,-0.128,0.472,-0.413,5.410983661625385,False,False,0.0008100132523497874
53,7446389,21.37958240744789,9.33783036653339,363.430522627988,404.0975960310157,0.6397644140454294,0.0046607651574608,0.0109856644323053,0.0034364140489398,5.09,0.477,0.438,4,2.043,1.359,6148.7,0.097,-0.122,117.7,-115.6,3.942,0.051,-0.059,0.051,0.142,-0.167,0.126,-0.118,4.490695730836186,False,False,0.009035559827844807
54,6862140,21.256050152197112,9.72264955380821,379.67815131152486,324.05853117423146,0.1424968741270818,0.0020716340702081,0.001212466182744,0.0011887942530083,7.334,0.591,0.582,4,1.025,1.027,5953.9,0.057,-0.068,110.0,-105.8,4.425,0.037,-0.049,-0.067,0.136,-0.159,0.05,-0.046,1.1178776719036627,True,True,0.04901308386086983
55,3650823,21.11924237145209,9.454705925069442,188.4092124885553,280.1787274390648,0.1700882217289208,0.0019553881384311,0.0066641412788378,0.004873104340168,1.91,0.161,0.154,4,0.699,0.713,4550.5,0.03,-0.028,75.1,-71.5,4.6,0.022,-0.021,0.036,0.108,-0.105,0.013,-0.013,0.5717101573079648,True,True,0.08977321863262253
56,8308875,20.823987159951063,9.438253399975286,341.024973178428,599.9474340388572,1.0453302086473157,0.006137549259078,0.0095940398057769,0.0055760926023142,13.971,2.255,1.981,3,3.548,1.269,4993.4,0.181,-0.222,96.9,-87.2,3.42,0.115,-0.125,-0.08,0.152,-0.162,0.499,-0.436,6.890955768064265,False,False,9.594485035666905e-05
57,8751006,20.81836509354348,9.863327619373088,377.1614022857309,140.799248663553,1.4718243494711858,0.0040598346331093,0.010742257455297,0.0047331156541378,3.772,0.32,0.287,3,1.449,1.057,5787.6,0.099,-0.082,114.3,-115.3,4.136,0.053,-0.058,0.033,0.164,-0.165,0.076,-0.072,1.975604417747488,False,False,0.02486487234867589
58,10341727,20.77730457956008,9.616943518755892,374.48094876652783,505.4239498330027,0.8672388993018778,0.0087787805007738,0.0139025036044107,0.0074321223567728,1.799,0.129,0.115,3,0.771,0.729,5427.6,0.043,-0.034,93.5,-84.1,4.522,0.036,-0.029,-0.576,0.127,-0.12,0.019,-0.019,0.5566736224213504,True,True,0.005397141925806091
59,3854343,20.61255602976317,9.186749741482952,401.007083867032,276.4639359143039,0.5659719464233006,0.0098261329671628,0.0155472818075745,0.0087010815872955,4.14,0.357,0.322,3,1.405,1.081,5790.1,0.083,-0.079,106.5,-104.7,4.172,0.046,-0.05,0.094,0.131,-0.127,0.062,-0.061,1.6863607187329577,True,False,0.007539367546677927
60,7888353,20.512368308501443,9.09426409829208,371.2382924566894,260.53831702399214,0.5688647574142898,0.0049304190905499,0.0077697504052954,0.0070103145900859,1.885,0.145,0.13,4,1.12,1.01,5829.7,0.075,-0.076,112.7,-109.5,4.339,0.046,-0.047,0.002,0.158,-0.152,0.035,-0.034,1.2748431330259005,True,False,0.003983766361607681
61,10188415,20.214184638454,10.251225625035344,57.10821501641573,160.8352302800539,2.508877067708561,0.0003833119364033,0.0059829449152962,0.0032005975598282,3.163,0.237,0.195,24,2.995,1.014,4972.8,0.179,-0.151,90.8,-80.8,3.489,0.078,-0.077,-0.179,0.136,-0.147,0.068,-0.071,58.14978798201647,False,False,0.0010133224200814849
62,11650859,20.08716563597156,9.052146417189888,185.3536644564876,230.1294413210395,0.314661229280648,0.0037948891716356,0.0158600410043286,0.0066468789131845,2.386,0.203,0.172,3,0.75,0.771,4922.6,0.039,-0.042,90.0,-83.3,4.573,0.028,-0.033,-0.052,0.125,-0.125,0.023,-0.024,0.8746861165740207,True,True,0.0856110635319403
63,10534811,20.01289064612036,9.26014431832161,372.0217255705165,132.60278611869666,0.4850914929307182,0.0037906513759325,0.0064810802500264,0.0052533552750849,2.393,0.2,0.168,4,0.851,0.823,5125.4,0.052,-0.042,94.4,-85.8,4.489,0.043,-0.036,0.053,0.135,-0.133,0.028,-0.027,0.5026074637244786,True,True,2.4786371943646953e-05
64,11147515,20.01105753550712,9.755844978335668,187.9962430290391,387.0894233745086,0.0620066161444282,0.0008138287446998,0.0044771504673369,0.0014366628008747,5.05,0.375,0.379,3,0.867,0.931,5425.4,0.042,-0.042,92.4,-89.4,4.53,0.024,-0.032,0.096,0.126,-0.126,0.036,-0.033,1.4971676606366178,True,False,0.005853606619615488
65,10011524,19.93006430409593,9.235171073961498,366.29505626347583,523.9049631072354,0.8081357931436112,0.008173381654438,0.0128558162898002,0.0074064384170216,3.433,0.319,0.292,3,1.11,1.071,6190.3,0.062,-0.065,118.2,-115.8,4.371,0.049,-0.06,-0.181,0.137,-0.138,0.074,-0.066,1.5708968048099914,True,False,0.013351858905145503
66,10095399,19.86184902129499,9.177350092180571,337.8556759031745,599.8634717480613,0.446653370926317,0.0083658918801677,0.011582318008575,0.0118095865532208,5.645,0.583,0.531,3,1.618,1.081,5758.6,0.112,-0.082,139.0,-136.0,4.045,0.071,-0.065,0.033,0.169,-0.167,0.112,-0.102,2.7756730257824382,False,False,0.07329100295599589
67,5449006,19.8447252440514,9.354811003583489,52.06796679167957,178.4453504904081,0.2159476115669626,0.000141512108221,0.0044616729410457,0.0042849728462625,2.839,0.24,0.227,12,1.711,1.22,6003.4,0.082,-0.109,106.6,-112.4,4.053,0.04,-0.056,0.029,0.137,-0.159,0.071,-0.068,40.60416436209529,False,False,0.010430207229411162
68,8129610,19.673672860962657,9.284250109661349,231.5419388838194,484.3535325213521,0.5058943317320393,0.0015614581404328,0.0051755843560215,0.0038381750411408,2.393,0.179,0.161,3,1.291,1.142,5910.9,0.07,-0.073,124.3,-113.5,4.27,0.037,-0.041,0.172,0.154,-0.142,0.04,-0.04,3.09635328429996,False,False,0.05132025428360499
69,8514467,19.65162425938419,9.498005528873897,369.4594663059492,177.20004336998653,0.5508796043814564,0.0049032179396803,0.0044894279758803,0.0041133573189079,2.135,0.178,0.147,4,0.771,0.8,5093.5,0.039,-0.049,100.5,-92.6,4.565,0.026,-0.035,-0.091,0.128,-0.135,0.021,-0.021,0.4127798190911797,True,True,0.010692462661143206
70,9654190,19.420675716928187,9.64877820870273,90.4675052194806,332.89778572815214,0.0408764846253404,0.0005250769571923,0.0059488254715263,0.0024691848101365,5.247,0.457,0.44,7,0.843,0.853,5308.2,0.057,-0.06,137.4,-128.1,4.514,0.042,-0.054,-0.036,0.141,-0.151,0.051,-0.044,3.660506965120713,False,False,0.19540229885057472
71,11284551,19.399918397303715,9.58219174174726,439.17762240746,489.18695627772684,0.9495782252078078,0.0042705077468479,0.0095043319114645,0.0089137494798792,2.583,0.227,0.198,3,0.912,0.898,5478.0,0.059,-0.063,98.5,-98.1,4.466,0.048,-0.058,-0.006,0.138,-0.155,0.047,-0.042,0.5719746569436809,True,True,0.005583242273427826
72,8943248,19.3978344850865,9.179793162809093,183.6357777470123,177.11976855250953,0.6989250460225134,0.0035672512178642,0.014107425377633,0.0083826237867631,5.727,0.547,0.479,7,2.63,1.119,5016.4,0.153,-0.178,119.9,-108.5,3.64,0.057,-0.075,-0.038,0.157,-0.163,0.141,-0.109,9.290402236834977,False,False,0.04358336966961227
73,4770008,19.37489503418241,9.328255076738762,385.5958042333853,355.8011864449159,0.6240769259373932,0.0034829091589786,0.0061837582744772,0.0036847959076716,5.143,0.4,0.363,4,1.307,1.197,6273.9,0.07,-0.08,138.5,-135.2,4.279,0.04,-0.048,-0.022,0.161,-0.168,0.056,-0.05,1.9787134919874765,False,False,0.0003617498703706671
74,7832730,19.04589417889873,9.323233027775329,368.4568904916422,233.43861631253677,0.2333348419374972,0.0016560111273266,0.0040332482120815,0.0038266743900431,3.323,0.245,0.248,3,1.421,1.237,6368.8,0.055,-0.065,130.8,-130.8,4.22,0.035,-0.037,-0.079,0.154,-0.173,0.041,-0.044,2.582996469492487,False,False,0.00035288707921965923
75,8557311,18.77213466673282,9.2905414133845,114.2800329690405,208.18855679322147,0.1445792296696,0.0011474193856498,0.0060098620963715,0.0042520928074172,1.988,0.165,0.16,6,0.832,0.863,5367.8,0.042,-0.058,94.5,-93.4,4.532,0.029,-0.042,-0.072,0.132,-0.148,0.024,-0.023,2.693397424029843,False,False,0.3225806451612903
76,10975610,18.71592778442712,9.248827167170688,221.8803215327207,292.1151916923229,0.5103104888679566,0.0013156797314956,0.0040147782903043,0.0018913202957285,2.539,0.201,0.186,4,1.754,0.886,5716.7,0.053,-0.05,127.3,-123.2,3.893,0.04,-0.039,-0.617,0.154,-0.155,0.061,-0.059,6.273340179331662,False,False,0.07812169245934857
77,9532488,18.661060411324137,9.050603178818095,205.07454425286952,353.87458959363795,0.5166396618517888,0.003131001641468,0.0062150449977278,0.0059317521374168,2.256,0.176,0.165,3,1.233,1.23,6522.1,0.049,-0.058,127.5,-121.8,4.343,0.028,-0.034,-0.098,0.138,-0.167,0.05,-0.051,4.685361296210952,False,False,0.1566265060240964
78,11548750,18.628512067758948,9.245185700961027,362.31421329677767,326.28666531700856,1.1028511512220323,0.0094575888895471,0.0116003259830576,0.0052462013477231,3.988,0.402,0.363,4,1.665,1.169,5936.9,0.104,-0.094,107.0,-111.2,4.058,0.06,-0.072,0.031,0.138,-0.159,0.123,-0.113,2.865502021652316,False,False,0.007406124417511152
79,10230684,18.469312269419863,9.259419088415855,150.1966760537744,262.67638741457324,0.7046758050726526,0.0019268128427205,0.0094122977968097,0.0067368985466611,2.241,0.16,0.148,5,1.85,1.386,6617.4,0.067,-0.061,148.4,-137.5,4.042,0.032,-0.034,-0.108,0.165,-0.147,0.053,-0.053,15.617495834903533,False,False,0.0024703966640401438
80,9455075,18.203705796500827,9.43819285858769,368.0070869692502,182.6085512738022,0.8620380274892298,0.0026380850639386,0.0068947956931802,0.0038868936004441,1.852,0.125,0.116,3,1.157,1.027,6344.6,0.067,-0.066,127.3,-125.5,4.321,0.038,-0.039,-0.454,0.14,-0.157,0.024,-0.024,1.9005721320457991,False,False,0.006667045275533044
81,7817287,18.079014745899773,9.058723721722773,379.910034455054,633.7885597761973,0.8415905370090626,0.0036969494024901,0.0042176529561727,0.0039418082168658,3.296,0.313,0.28,3,1.36,1.041,5795.2,0.089,-0.081,111.9,-111.8,4.182,0.057,-0.06,0.026,0.17,-0.17,0.083,-0.079,1.758362072444127,True,False,0.010297783138324438
82,5871653,17.92011702406989,9.027588267773968,558.4821272044827,309.71412696780715,0.471783405035349,0.0071210130345106,0.0084617709365022,0.0080639607353336,2.451,0.188,0.176,3,1.224,0.896,5841.6,0.067,-0.057,118.8,-111.7,4.212,0.043,-0.041,-0.317,0.125,-0.169,0.033,-0.032,0.9620341807150604,True,True,0.0025280751781111602
83,6195628,17.883871426672926,8.990616633295302,370.7732756141635,261.4052799460823,0.4494076784924212,0.0086456987080677,0.0174116895160247,0.0014617011081159,3.076,0.276,0.239,3,0.89,0.87,5360.4,0.058,-0.058,100.4,-93.9,4.474,0.049,-0.054,0.006,0.141,-0.151,0.042,-0.038,0.6383416397047471,True,True,0.5168539325842697
84,6201205,17.882452950131167,9.13345061448616,360.4608278764451,522.0577318328751,0.5632504746995002,0.0050297307931417,0.0084435955333759,0.0046196698257386,4.469,1.076,0.858,3,1.159,0.93,5525.5,0.079,-0.07,108.0,-102.8,4.243,0.16,-0.17,0.026,0.154,-0.167,0.281,-0.201,1.3004226076122016,True,False,0.06191298223994087
85,3971191,17.834481273913955,9.28720773120165,379.94166675643856,387.78772915619805,0.8416199103477042,0.0035721305398784,0.0057552814864845,0.0047005569575787,3.096,0.249,0.222,4,1.07,0.957,5679.5,0.074,-0.071,109.3,-105.2,4.354,0.051,-0.051,0.018,0.148,-0.161,0.043,-0.041,1.0568827182249434,True,True,0.018799857586595064
86,10938339,17.720681229249177,9.317881807111634,255.6055865088459,249.04785951411532,0.1259023478576596,0.0022039798670254,0.0060189543769349,0.003152361543381,3.575,0.286,0.292,5,0.877,0.867,5344.7,0.057,-0.059,110.1,-104.6,4.486,0.042,-0.047,0.001,0.138,-0.149,0.03,-0.028,1.006178785306803,True,True,0.008147275129707952
87,10490381,17.681397098673738,9.159700641755707,375.97545005760094,178.30293472788395,0.3914474663613294,0.0046312625294905,0.0056264316398144,0.005519312052439,2.413,0.195,0.178,4,1.114,0.939,5613.3,0.073,-0.069,120.6,-116.0,4.313,0.045,-0.045,0.029,0.145,-0.167,0.031,-0.029,1.117899192873581,True,False,0.06341728461698633
88,10663501,17.541970267313282,9.438345839806916,362.26586457054185,514.5491881667989,1.0625006705664477,0.0037736821190196,0.0034526028426975,0.0026312505794076,4.546,0.471,0.422,3,1.3,1.044,5832.1,0.084,-0.082,114.0,-110.1,4.218,0.066,-0.066,0.025,0.138,-0.167,0.098,-0.093,1.7687735796137758,True,False,0.03887980653162282
89,12553967,17.366794537270085,8.91985974634518,117.84212212498778,239.70745977524786,0.2380483377255882,0.0016619797131554,0.0119442551661133,0.0045081279346684,1.597,0.127,0.112,5,0.841,0.879,5449.7,0.04,-0.057,95.3,-94.2,4.531,0.025,-0.039,-0.087,0.125,-0.149,0.02,-0.02,2.7679947034842525,False,False,0.05013567993459888
90,11076566,17.100252533464086,9.322630579306438,664.774195248307,231.44578138750398,0.1526499333185968,0.0047607880022091,0.0075919386937324,0.0043465721831483,3.781,0.297,0.3,3,1.056,0.938,5619.1,0.072,-0.068,105.4,-102.0,4.356,0.052,-0.051,0.025,0.144,-0.166,0.043,-0.041,0.4751642806018673,True,True,8.437342205185595e-05
91,3965930,17.032600030102742,9.068176062293604,223.50873376917536,260.8155618098649,0.3883077468629116,0.0023220064621721,0.0013268053597996,0.0013143301177001,3.679,0.315,0.292,5,1.585,1.209,6057.8,0.071,-0.101,126.8,-109.3,4.112,0.042,-0.047,-0.006,0.156,-0.159,0.074,-0.064,5.239333035908394,False,False,0.00013173956553478038
92,5700279,16.837882558076366,9.168323370824732,392.14441115768346,680.0166775915399,1.1358170730986803,0.0068733787167363,0.0091987742807225,0.0050893297911048,6.759,0.792,0.709,3,1.817,1.229,5997.7,0.11,-0.1,111.5,-113.5,3.999,0.075,-0.078,0.033,0.145,-0.17,0.172,-0.156,3.117117655535369,False,False,0.00863186837713471
93,8747619,16.80550631831393,8.910855019986153,378.37151762881257,586.1723442905617,0.4793744558409936,0.005623557707696,0.0060153098481491,0.0055758347025432,2.744,0.225,0.198,3,0.841,0.869,5400.0,0.046,-0.058,99.4,-99.4,4.526,0.032,-0.045,-0.071,0.135,-0.153,0.031,-0.029,0.5685378757814806,True,True,0.24096385542168675
94,10749899,16.75997117466734,8.89100906728992,403.2284774117329,473.80289495562147,0.5607163152088502,0.0078712150340701,0.012230148848477,0.0057173210832163,3.0,0.257,0.235,3,1.026,1.052,6130.8,0.054,-0.062,115.7,-110.2,4.434,0.032,-0.04,-0.157,0.14,-0.171,0.053,-0.05,1.1457132776396792,True,True,0.0067479273400249335
95,8283900,16.729423623112172,8.755456661136249,293.7136728180027,350.6393524946553,0.2144790404048604,0.0805777186981829,0.2128407007912643,0.0299804525498215,2.235,0.326,0.264,3,0.653,0.664,4333.3,0.049,-0.048,110.0,-103.6,4.626,0.039,-0.039,0.015,0.161,-0.168,0.045,-0.05,0.2408713173081859,False,False,0.0007279877109124743
96,11496405,16.671406577106236,8.86987383135222,380.9870887141658,436.34426481135284,0.5728062682701947,0.008796010529184,0.0145797272665454,0.0077021644594799,1.506,0.11,0.101,3,1.13,0.861,5839.6,0.062,-0.052,116.0,-110.0,4.264,0.041,-0.04,-0.404,0.153,-0.147,0.026,-0.025,1.3997839231815756,True,False,0.0021942430106656843
97,8776048,16.667751623053142,8.723081944559908,261.5294674562567,185.7000824523752,0.274429736189078,0.0025434672867631,0.0099447611439467,0.0063509031941746,1.762,0.159,0.138,6,0.624,0.633,4246.5,0.027,-0.023,86.7,-68.8,4.648,0.024,-0.029,-0.042,0.123,-0.12,0.025,-0.025,0.2416421104946201,False,False,0.00022951825056867015
98,10747847,16.649972915572835,9.18087908158224,390.9628135149422,480.17287044162407,0.67127889104421,0.0065442154444261,0.0113781408708031,0.0080439451015947,2.172,0.185,0.156,3,0.773,0.796,5052.3,0.041,-0.048,95.2,-88.2,4.56,0.029,-0.037,-0.062,0.131,-0.132,0.025,-0.025,0.3739827174076276,True,True,0.02096755753649372
99,6681591,16.639510849600033,8.905597604947106,378.81484193892015,664.6887054129581,0.4009921253898682,0.0059447517188958,0.0075762569510802,0.0052964410730228,3.054,0.271,0.236,3,0.925,0.836,5162.7,0.043,-0.031,89.9,-80.7,4.422,0.041,-0.034,0.128,0.127,-0.126,0.038,-0.035,0.5924893131512503,True,True,0.06280197041895043
100,4469486,16.613728651029,8.532925369977498,372.2753316110493,661.1026286676769,0.5070379535082616,0.014076782809266,0.0207737676040461,0.0099158338437317,2.051,0.183,0.158,3,0.833,0.858,5350.3,0.048,-0.057,103.4,-98.3,4.527,0.034,-0.048,-0.066,0.138,-0.153,0.035,-0.033,0.5564623738687136,True,True,0.00024808205735942564
101,10933582,16.49584702610781,8.97816312726239,54.43399883279454,147.60907112798552,0.1700400390521144,0.0004612468186629,0.0049145234638336,0.0027975237675015,2.083,0.248,0.217,16,0.989,0.946,5663.3,0.068,-0.068,109.8,-105.6,4.414,0.069,-0.085,-0.015,0.147,-0.161,0.093,-0.076,12.139297776747686,False,False,0.0049266375380336395
102,6357989,16.247756316826084,8.989367386732697,372.9626035430025,679.1080178276165,0.7972707717834217,0.0019573317005784,0.0028980962873473,0.0020009773398934,7.435,1.005,0.892,3,2.258,1.13,5259.7,0.115,-0.117,118.0,-111.1,3.772,0.07,-0.074,-0.042,0.165,-0.171,0.245,-0.227,3.241149949579586,False,False,0.011869818228035298
103,8938308,16.235890739120784,8.761321225868826,368.9915221419856,232.21823327601788,0.3863471432154892,0.0045258532554683,0.0117572094922649,0.0063714110793238,2.175,0.18,0.163,4,0.953,0.961,5726.1,0.054,-0.066,100.1,-96.8,4.459,0.035,-0.047,-0.046,0.132,-0.153,0.036,-0.034,0.8963744615888711,True,True,0.006451067857084721
104,3963188,16.219352209865505,8.728772426808785,325.69621461608523,442.2927435471063,0.225550196288237,0.0060775529184314,0.0119384160795657,0.0037981390681649,3.278,0.297,0.279,4,0.834,0.844,5245.0,0.055,-0.058,136.9,-150.5,4.517,0.036,-0.043,-0.014,0.132,-0.139,0.037,-0.027,0.6227407726847958,True,True,0.02190889485935541
105,5717286,16.15090181117552,8.904907491264192,383.95563084124746,325.83433411404155,0.3484749120587918,0.0014227846569641,0.0050125338166289,0.0047868223130054,2.313,0.199,0.177,3,0.834,0.829,5160.5,0.052,-0.05,106.9,-97.1,4.511,0.039,-0.04,0.011,0.133,-0.136,0.028,-0.027,0.472934889322413,True,True,0.005593440122018852
106,5783358,15.96916384351613,9.035674697022912,546.3459960753231,496.45624554026443,0.6706651671246396,0.0102433046512595,0.0147457492076132,0.0078052201749238,2.46,0.215,0.187,3,0.766,0.797,5138.3,0.043,-0.05,93.7,-88.7,4.569,0.028,-0.039,-0.134,0.142,-0.15,0.031,-0.031,0.2514180309841432,False,False,0.0067152083628630385
107,7899279,15.794203516732413,8.784169574606928,583.4289818509994,389.68511813052066,0.8712877058372942,0.0083653864813554,0.0073928987780718,0.0071392420235721,2.774,0.219,0.202,3,1.34,1.179,6192.3,0.069,-0.081,125.8,-118.7,4.247,0.046,-0.042,-0.027,0.168,-0.16,0.052,-0.048,1.1583315924648323,True,True,0.07072370029405739
108,5611909,15.68182757254384,8.572868667346047,370.8740997845628,261.1393248003264,0.3485291245814558,0.0063487644918153,0.0135336565202637,0.0078300383572283,3.197,0.288,0.27,4,1.284,1.064,6076.2,0.073,-0.075,120.6,-119.1,4.24,0.049,-0.05,-0.153,0.137,-0.141,0.061,-0.058,1.9259064176229528,False,False,0.00325130960917498
109,5944568,15.640010329530748,8.883271267968247,277.6924794980597,260.62588441534945,0.294228848574435,0.0023459594067116,0.0054108192129004,0.0052381133882502,2.963,0.224,0.219,3,1.468,1.28,6534.8,0.057,-0.049,139.0,-140.6,4.208,0.032,-0.031,-0.079,0.145,-0.175,0.041,-0.035,4.357653118666757,False,False,0.0009368739902596845
110,4932675,15.584365558311305,8.966871961930968,399.2529887395671,328.6421060326292,0.4622565248446692,0.0056901016992921,0.0125440958817384,0.0081874543845229,0.758,0.057,0.05,3,0.33,0.306,3461.6,0.008,-0.008,81.5,-77.7,4.884,0.009,-0.008,0.087,0.059,-0.105,0.007,-0.007,0.0276175769908904,False,False,0.0034753896463512583
111,11922520,15.30307955962388,9.11699357704754,369.21957860610223,274.89402124044966,0.6341678350732688,0.0025868314342806,0.0073830851959509,0.0020315982142737,1.913,0.158,0.134,4,0.681,0.716,4978.7,0.031,-0.037,89.0,-84.8,4.625,0.019,-0.026,-0.345,0.136,-0.157,0.019,-0.019,0.3165870512071369,True,True,0.0005541650732202128
112,8951305,15.272610196305983,8.651845968413426,374.50100583969737,132.08502196261,1.8241088855097216,0.0186828823635493,0.0334586533791515,0.0211462159749564,3.729,0.386,0.347,4,1.813,1.043,5473.0,0.073,-0.074,113.6,-110.5,3.93,0.056,-0.055,0.02,0.158,-0.177,0.128,-0.123,2.543158455384377,False,False,0.0002115842741478755
113,3762643,15.267692714593226,8.70933503062404,177.87573246654318,382.19605488908974,0.2392654495585058,0.0020991046694893,0.0056681085522576,0.0054687448475426,3.088,0.29,0.267,5,0.941,0.968,5823.7,0.055,-0.063,109.7,-105.9,4.473,0.036,-0.048,-0.111,0.135,-0.164,0.052,-0.047,2.4682131190392727,False,False,0.0002630467482692845
114,9903844,15.264371205795042,8.87670497814556,197.473001364623,442.12043229951155,0.1443715983108186,0.0019573862809275,0.0047636102516395,0.0046867930853955,5.335,0.536,0.516,3,1.238,0.887,5361.6,0.054,-0.04,104.0,-88.3,4.194,0.06,-0.06,0.079,0.13,-0.129,0.084,-0.078,2.841687291790135,False,False,0.015518120134136204
115,5872883,15.22484793563953,8.56137925369052,357.2775903721805,163.38994230408676,0.685697744008658,0.0041603922730308,0.0101316079038246,0.0028597761972996,2.622,0.198,0.183,4,1.688,1.155,5942.4,0.112,-0.079,106.8,-115.3,4.048,0.042,-0.046,0.018,0.135,-0.155,0.045,-0.044,2.9710874745807154,False,False,0.0568137559099057
116,4577565,15.197425798929162,8.668839084384926,143.82617728873322,174.7938065436133,0.1617414190243946,0.0022418006448607,0.008426094058278,0.0062827355845419,1.683,0.303,0.248,8,0.996,0.93,5791.3,0.075,-0.068,130.3,-132.3,4.391,0.102,-0.13,-0.181,0.148,-0.139,0.172,-0.121,3.811207666072247,False,False,0.03882066152935904
117,4988995,15.133277650173412,8.879788167203053,256.8052245693816,352.3388204099279,0.2625994715360618,0.0024096086435152,0.0018452440198186,0.0016802569483727,1.465,0.112,0.104,4,0.86,0.911,5688.1,0.033,-0.05,104.4,-100.3,4.528,0.018,-0.03,-0.186,0.129,-0.151,0.017,-0.016,1.1843299102823144,True,False,0.0013908758833126775
118,3855280,15.05147166365733,8.97840326258168,370.8134959449045,307.3030583441873,0.881636177112847,0.0024183895115615,0.0059440697289403,0.0042740671488254,3.063,0.264,0.237,4,1.285,0.983,5681.2,0.078,-0.073,111.0,-106.4,4.207,0.052,-0.053,0.027,0.165,-0.168,0.06,-0.058,1.5510598276521923,True,False,0.008071084203665544
119,10917931,15.034013900389011,8.765575351672226,391.99860645645015,543.9978634322089,0.629346667880439,0.0089527082010574,0.0106404957429466,0.0053687987975888,3.16,0.279,0.246,3,0.924,0.926,5577.1,0.054,-0.058,102.0,-100.4,4.47,0.04,-0.051,-0.013,0.13,-0.135,0.041,-0.038,0.7161378723327514,True,True,0.1
120,6182502,15.013597403224685,8.868311011369356,574.9661493399685,200.48606109106265,0.5725450042529632,0.0054516130898347,0.0020329985411717,0.0019824780674595,2.002,0.157,0.137,3,0.846,0.894,5586.4,0.035,-0.051,96.2,-94.7,4.534,0.02,-0.032,-0.149,0.119,-0.151,0.019,-0.018,0.3693295240068592,True,True,0.055885586125462225
121,8173147,14.998826401100914,9.19791317069396,373.500201399622,233.54355546452842,1.191082726436065,0.0051113799878788,0.0078958799866899,0.007169120535902,2.625,0.202,0.183,4,1.15,0.97,5698.6,0.075,-0.073,115.5,-109.6,4.299,0.046,-0.047,0.028,0.138,-0.17,0.038,-0.038,1.25245035547599,True,False,0.002363125341247195
122,5952385,14.894370858485818,8.830997936316052,544.6766563253814,500.477489643828,0.7462480610621496,0.0103773206289123,0.0160315646752907,0.0089209000975599,2.447,0.218,0.178,3,0.758,0.754,4658.5,0.032,-0.026,84.7,-77.7,4.552,0.028,-0.02,0.159,0.118,-0.115,0.019,-0.018,0.1731975169438978,False,False,0.0036857189425217388
123,5459981,14.892892735038156,8.755431045846917,538.799067234368,154.30112439657,0.6035818510247642,0.0069620628408788,0.0073510872412899,0.0071477859063775,1.572,0.114,0.105,3,1.052,1.107,5989.0,0.031,-0.04,95.8,-93.6,4.437,0.015,-0.022,0.079,0.108,-0.109,0.022,-0.022,0.7143708934173902,True,True,0.04227640752587135
124,10969877,14.840395155001143,8.825046195968794,359.4398376131678,314.4108778053561,0.5755845191089656,0.0083660696491208,0.0095220107136074,0.0030086342122142,2.125,0.191,0.162,3,0.732,0.764,5030.7,0.041,-0.046,89.8,-84.5,4.59,0.025,-0.033,-0.176,0.136,-0.143,0.028,-0.028,0.3791004888120006,True,True,0.0036740318338455507
125,5344690,14.826654410061971,8.770768462914315,304.0553428055385,121.00854379776875,0.433398766338476,0.0008134161969354,0.003956711299905,0.0037887664455498,1.391,0.103,0.095,4,1.053,0.874,5996.2,0.063,-0.055,120.7,-118.0,4.332,0.042,-0.04,-0.512,0.156,-0.143,0.025,-0.025,1.80846399694556,True,False,0.034964749461031536
126,4735815,14.793550887247818,8.919458359059085,391.5437380636458,554.102630167778,0.1100619165316394,0.0058437133909672,0.0060774858582154,0.0030242122450464,3.76,0.313,0.319,3,0.599,0.585,3905.1,0.017,-0.018,83.0,-82.5,4.647,0.018,-0.017,0.224,0.121,-0.118,0.021,-0.021,0.0983023440366619,False,False,0.011074799650375498
127,7434273,14.787418806474207,8.665696573250894,115.26749199562924,165.1456248022345,0.5985830266928632,0.0007494495847222,0.0069890015833113,0.0034700190546801,1.433,0.106,0.097,13,1.609,1.198,5932.0,0.067,-0.104,100.3,-106.8,4.1,0.032,-0.048,0.087,0.135,-0.136,0.034,-0.035,11.956508862921124,False,False,0.0004903304754251275
128,10097467,14.718613770661888,8.778665384577923,210.6788391130574,502.8438003838835,0.1347709366619342,0.0022118621075883,0.0073733497021573,0.0045600133209062,4.007,0.348,0.347,5,0.848,0.871,5187.1,0.048,-0.051,116.3,-107.6,4.52,0.035,-0.047,0.121,0.13,-0.134,0.034,-0.032,1.0730324922306056,True,False,0.004562280900246371
129,10014645,14.610378401613684,8.732772983364082,359.98781055018696,520.9473173644955,1.2978144639023328,0.0080671174225126,0.0119431731542538,0.0046055390954442,13.056,2.127,1.852,3,3.495,1.16,4913.2,0.206,-0.217,93.1,-88.4,3.397,0.119,-0.128,-0.03,0.147,-0.155,0.492,-0.429,6.15861408887428,False,False,0.008180198093226067
130,3346291,14.448345892926971,8.558176713539613,380.4513061120123,630.845357046319,1.0812015051921762,0.0041298507626323,0.0080854716890655,0.0069040449706507,7.842,0.907,0.781,3,2.537,0.971,4868.0,0.149,-0.105,92.4,-79.4,3.615,0.078,-0.08,0.016,0.152,-0.127,0.199,-0.184,3.1628538046854544,False,False,0.0018755964560417241
131,11285639,14.435586216315372,8.401489753820817,186.70704100259243,231.45037243778268,0.3924307400061186,0.0031214695095644,0.0117494194747339,0.009630333154295,2.712,0.234,0.215,4,1.286,1.216,6029.7,0.052,-0.067,109.2,-111.6,4.297,0.04,-0.039,0.268,0.137,-0.155,0.051,-0.05,4.285921087810699,False,False,0.008106503527562791
132,9215456,14.420947032521816,8.536665624287275,375.325617256961,135.6977333456744,0.4638784963267634,0.0057143595300916,0.0067284741724782,0.0061780993258856,1.976,0.158,0.144,4,0.926,0.954,5744.9,0.048,-0.061,103.7,-101.4,4.482,0.029,-0.04,-0.089,0.131,-0.151,0.031,-0.03,0.8400940256018543,True,True,0.0023749231395527957
133,11042667,14.41513023003284,8.7244828853717,372.8913385341856,494.0211380953944,0.6302617524744996,0.0107069573920294,0.0177527975301234,0.0096016779678301,2.088,0.189,0.16,3,0.725,0.76,5068.1,0.041,-0.045,95.7,-90.7,4.596,0.025,-0.033,-0.225,0.139,-0.159,0.029,-0.027,0.3667301251653813,True,True,0.032148955148764084
134,3752259,14.334728341197415,8.846026055546341,360.4556977475476,294.35977033350713,1.2438709282967075,0.0068894751554186,0.0140192197457462,0.0076126370451837,4.247,0.455,0.403,4,1.372,0.919,5429.2,0.065,-0.059,109.0,-101.7,4.117,0.066,-0.066,0.036,0.161,-0.156,0.104,-0.096,1.61764460759148,True,False,0.03084721932319771
135,12251520,14.30890726396882,8.268676542767086,77.28424001345051,163.2940680137276,0.1683368055086596,0.006192018310376,0.0036774178936991,0.0032732784779747,3.281,0.296,0.281,3,0.936,0.968,5508.6,0.049,-0.055,91.6,-89.9,4.479,0.032,-0.044,0.156,0.125,-0.129,0.037,-0.035,5.903632425868453,False,False,0.0004852750742848761
136,5853175,14.27206375146249,8.429165095474083,138.98947306247672,259.7844018858901,0.3119125560875386,0.0037108406894315,0.0263037960592691,0.0071592375278655,1.727,0.146,0.124,4,0.738,0.768,4944.5,0.033,-0.044,87.4,-82.7,4.584,0.022,-0.029,-0.098,0.114,-0.117,0.015,-0.015,1.2713230646402138,True,False,0.02187309301016964
137,5283573,14.248656168962407,8.505563548253459,50.34412561916368,376.06512598134225,0.1890292717272234,0.0007308377309816,0.0076151310323579,0.0043149841824074,2.444,0.258,0.235,16,1.165,1.128,6182.7,0.069,-0.078,126.4,-122.6,4.35,0.049,-0.061,-0.046,0.144,-0.165,0.088,-0.076,23.542716438655116,False,False,0.009301213326399022
138,4567180,14.102084850333506,8.496880525911543,177.60288117915528,166.27135864145393,0.405605674624155,0.0016522479038722,0.0084746076209487,0.0047996707219905,1.664,0.138,0.122,8,1.022,0.934,5607.0,0.072,-0.069,107.9,-106.3,4.385,0.048,-0.049,0.02,0.147,-0.161,0.034,-0.033,2.56289704893039,False,False,0.2261904761904762
139,9220413,14.065811169846317,8.38168256815439,355.61666365021034,518.073721098986,0.5337217375021378,0.0128335966079682,0.0151470553859556,0.0067912952351844,4.919,0.664,0.589,3,1.675,1.194,5987.7,0.105,-0.102,122.6,-125.0,4.056,0.078,-0.089,0.025,0.141,-0.165,0.185,-0.163,3.0770858027956374,False,False,0.006067822862938224
140,11340972,14.057121978510988,8.672738373324426,551.0388637751843,457.34447101614217,0.4291374852267672,0.0076400304076779,0.0016812798542423,0.0016675029081225,1.66,0.129,0.121,3,1.133,1.05,5946.3,0.073,-0.078,111.1,-109.0,4.348,0.04,-0.043,-0.004,0.146,-0.173,0.026,-0.026,0.8100028946105355,True,True,0.006892156379280115
141,4383260,14.005765596953951,8.638673179377427,362.2937206271653,402.9857814014439,0.6405637012366366,0.0071937884046918,0.0137548611551138,0.0070238374454961,2.475,0.25,0.219,4,0.907,0.874,5384.4,0.061,-0.058,114.4,-107.3,4.457,0.059,-0.066,0.01,0.143,-0.153,0.06,-0.053,0.6974993368874743,True,True,0.12345679012345678
142,8078207,13.989647354729131,8.83579658912986,661.9493870354929,245.602078782569,0.8868207847986782,0.0096367387546709,0.0162650967671447,0.0076406822731684,2.347,0.205,0.186,3,0.833,0.886,5700.9,0.048,-0.049,106.8,-100.2,4.542,0.029,-0.037,-0.266,0.152,-0.19,0.043,-0.04,0.3258989232760906,True,False,0.00362717210454873
143,7886093,13.9303130811662,8.70881276356451,372.32490481810817,309.4350981454752,0.784442035166718,0.0020091782785352,0.0035851079114851,0.0025755063370324,2.143,0.708,0.513,4,1.22,1.075,5736.5,0.133,-0.102,119.9,-141.5,4.252,0.176,-0.219,0.168,0.15,-0.141,0.444,-0.259,1.489706872358988,True,False,0.03504656476301848
144,10619822,13.909999872016243,8.647631002276439,238.10008679399576,468.8513341334241,0.1489106345193208,0.0030694476152037,0.0062793144822665,0.0044717131929293,3.52,0.308,0.313,3,0.711,0.716,4457.4,0.029,-0.025,78.0,-72.2,4.586,0.024,-0.019,0.156,0.114,-0.113,0.017,-0.017,0.3984642007201305,True,True,0.0905007997084011
145,10815246,13.891499013909067,8.95775177258279,429.6638845438558,372.97572164267547,0.6774660672739558,0.0031445354675507,0.0037088770785366,0.0031697241664315,2.689,0.215,0.194,3,0.772,0.844,5837.5,0.033,-0.033,104.0,-106.9,4.585,0.022,-0.026,-0.592,0.175,-0.161,0.031,-0.028,0.5655591755468414,True,True,0.05098866432928563
146,11817137,13.801197195173978,8.53176173633803,423.6590285818753,246.4966196871784,0.5631656932711802,0.0055691115219256,0.0101529253809436,0.0098779530902076,1.375,0.098,0.093,4,1.053,0.991,6309.8,0.059,-0.064,126.1,-122.6,4.386,0.036,-0.04,-0.511,0.144,-0.136,0.022,-0.022,1.3095317505954829,False,False,0.0006925240717407819
147,11853667,13.779624215152625,8.458567241309783,458.7548919855736,184.8028023066296,0.547282693273789,0.0069592498109428,0.0112450167442557,0.0069819813072024,2.013,0.16,0.146,3,0.978,0.996,5865.0,0.049,-0.065,101.1,-97.9,4.453,0.029,-0.041,-0.076,0.132,-0.15,0.031,-0.03,0.7574838892331832,True,True,0.008851748468889276
148,4473660,13.649772096138218,8.728581287593343,260.5495042907751,373.3620470980336,0.1654157400086116,0.0034395054727758,0.0062532489225868,0.0037412194390503,4.773,0.351,0.355,4,1.776,1.415,6640.4,0.073,-0.067,148.5,-131.2,4.086,0.034,-0.034,0.006,0.162,-0.165,0.053,-0.05,6.907680485292455,False,False,0.09988415034695573
149,10536177,13.621613353028994,8.760857603786635,546.8744670348519,138.52943582275913,0.840054011365446,0.0095742946323119,0.0107220242142658,0.0045303049871102,2.501,0.201,0.182,3,1.069,1.012,5851.7,0.07,-0.077,113.6,-112.1,4.381,0.043,-0.05,-0.006,0.142,-0.166,0.037,-0.035,0.7031051757340482,True,True,0.0011699186936414067
150,8310184,13.608589691196778,8.497842388741084,366.9010736943432,235.06846850763247,1.7940220533365794,0.0137825450590527,0.0186439873331241,0.0195051027741709,4.178,0.341,0.3,4,2.562,0.969,5182.0,0.107,-0.118,122.6,-103.7,3.605,0.056,-0.067,-0.462,0.153,-0.151,0.066,-0.065,4.341767900497192,False,False,0.019147713616478938
151,10406667,13.56098242036359,9.008695726950531,373.7900812038949,491.65411464112503,0.7962861899741172,0.0024007341096839,0.0062362060754712,0.0059087755695454,2.343,0.206,0.175,3,0.749,0.733,4970.5,0.038,-0.031,100.0,-89.6,4.548,0.033,-0.029,-0.178,0.108,-0.111,0.03,-0.027,0.3702589465571594,True,True,0.2111111111111111
152,5802353,13.54949672436315,8.650158324102268,219.1713823439572,564.4211366337628,0.1651357232864574,0.0037107433633326,0.0092767202271515,0.0019696502856743,1.696,0.188,0.166,4,0.537,0.561,4293.1,0.041,-0.035,125.2,-110.6,4.72,0.034,-0.038,-0.454,0.17,-0.19,0.042,-0.035,0.2600845188408865,True,False,0.009147477788311646
153,11073659,13.538432969457284,8.64918779324577,386.2441541355232,146.6945236787321,0.3886602269041542,0.001566272320061,0.0019998061699125,0.0015622579387571,1.663,0.14,0.118,3,0.739,0.776,5099.1,0.035,-0.047,89.2,-85.4,4.589,0.021,-0.031,-0.193,0.117,-0.14,0.019,-0.018,0.3657916912460705,True,True,0.04234167076550416
154,5794459,13.495128106530402,8.500771044412293,497.1172999146517,132.85946761726964,0.6781268970869714,0.0030672148443277,0.0041828867261334,0.0032775228240255,1.973,0.162,0.142,3,1.068,0.905,5506.6,0.069,-0.06,116.5,-106.8,4.333,0.046,-0.043,0.036,0.153,-0.146,0.03,-0.03,0.6729733992335926,True,True,0.00040644086963552943
155,10489934,13.43295590863916,8.463684375289272,112.10253154334266,173.06653396751534,0.2416651525921732,0.0015500104190347,0.0099765153235262,0.0064206936288562,2.465,0.215,0.201,8,1.302,1.157,5823.2,0.061,-0.066,126.4,-118.0,4.267,0.04,-0.04,0.325,0.107,-0.143,0.044,-0.043,7.742868397539019,False,False,0.00020608148035503317
156,7816647,13.406524368709386,8.549136515579702,508.3086949593146,494.027722037717,0.2094589068022594,0.0069325248436261,0.0089809382756451,0.0083429834106177,3.288,0.294,0.295,3,0.971,0.845,5121.1,0.026,-0.021,80.1,-72.0,4.386,0.03,-0.028,0.238,0.117,-0.122,0.035,-0.033,0.4230177457263726,True,True,0.027592436584272975
157,3456798,13.38238083783659,8.60667394628902,723.8593662790544,141.8454328995657,0.5947174393854912,0.0077221340315669,0.0142537654014484,0.0059678239808255,4.819,0.443,0.421,3,1.805,1.094,5663.4,0.075,-0.073,135.3,-127.7,3.956,0.051,-0.048,0.023,0.155,-0.167,0.089,-0.087,1.1565887420280758,True,False,0.0818416736670306
158,9753474,13.380877449954056,8.238463483997915,181.9215374438645,325.2988053470761,0.3199772885822098,0.0037546056822443,0.010286823008338,0.0078844995214612,2.447,0.23,0.206,6,0.935,0.908,5517.0,0.062,-0.065,102.4,-101.7,4.449,0.051,-0.06,0.0,0.141,-0.156,0.049,-0.044,1.9862872647877203,False,False,0.0015382533359417781
159,6277948,13.376770470518675,8.747824035662445,539.79518061132,137.90964230580977,1.0410810534461823,0.0097625707411953,0.0081822806919289,0.0076669518197927,2.755,0.226,0.208,3,1.209,1.111,6083.5,0.072,-0.079,116.1,-113.0,4.313,0.044,-0.048,-0.013,0.153,-0.162,0.05,-0.047,1.0078231383231857,True,True,0.00019719625994255456
160,11126390,13.357682078257556,8.475569019930159,461.8908458623406,137.41564270003943,0.4738323112739224,0.0030774508313999,0.0030355439571226,0.0029469173586159,1.579,0.122,0.111,3,1.026,1.043,5755.6,0.049,-0.063,93.6,-93.0,4.433,0.027,-0.036,0.137,0.127,-0.129,0.022,-0.021,0.7391266950298584,True,True,0.23529411764705882
161,5774213,13.32497598932448,8.65213073512587,288.35819325233456,228.67080999239897,0.1525285787026024,0.003598749176671,0.0101753248952358,0.0062752971241124,2.94,0.253,0.257,3,0.768,0.77,4819.6,0.041,-0.034,92.5,-93.9,4.55,0.03,-0.026,0.075,0.118,-0.112,0.019,-0.017,0.4683205347469051,True,True,0.04844934475982743
162,7748004,13.32312941836078,8.373584253670646,374.2628268139254,259.70907008416975,0.377034531601971,0.007031274084842,0.0186524361040467,0.0062098275231317,1.829,0.16,0.137,3,0.643,0.673,4818.2,0.028,-0.031,84.0,-79.0,4.649,0.018,-0.023,-0.406,0.138,-0.147,0.018,-0.018,0.2525685751907365,False,False,0.008433390185699642
163,5683265,13.312202407845604,8.373919243243247,181.67085413550927,246.71071172685302,0.3619287808668694,0.0032199430762301,0.0078381695499492,0.0052957854978576,2.477,0.21,0.192,6,0.949,0.971,5801.0,0.051,-0.064,107.5,-104.0,4.468,0.032,-0.044,-0.087,0.136,-0.154,0.039,-0.037,2.3880315682534228,False,False,0.04233387756129571
164,7036967,13.203432261654052,8.699349717949723,375.41748629095486,171.8311709426924,1.281372426674238,0.0028709929235361,0.0057831405802885,0.0049651312932486,3.253,0.275,0.241,4,1.806,1.281,5779.9,0.076,-0.111,98.2,-107.0,4.025,0.04,-0.051,0.319,0.114,-0.142,0.07,-0.062,2.7127154923285817,False,False,0.016926916975292368
165,5201244,13.198028552888244,8.552818857207146,142.31430609261034,163.37352557973017,0.3055684967489808,0.0004221211580913,0.0064936459869614,0.0061933167833076,2.238,0.184,0.171,7,1.293,1.148,6135.5,0.069,-0.08,126.1,-120.1,4.272,0.039,-0.048,-0.026,0.17,-0.148,0.046,-0.045,6.878240781990816,False,False,0.0027469127999857562
166,5631461,13.067913606230178,8.515510806848841,246.6675245647833,353.75462110207155,0.4115165322870862,0.0041530477350998,0.0022687384505597,0.002237587332754,1.842,0.167,0.142,4,0.699,0.733,4963.8,0.037,-0.04,96.3,-91.3,4.611,0.022,-0.029,-0.248,0.125,-0.151,0.026,-0.024,0.5574211085831806,True,True,0.010129878408694774
167,6869547,13.043017351510464,8.290446549905797,189.22529561237656,270.04118527013406,0.4311165129854596,0.00427329924211,0.0105502921506991,0.0071381344006486,1.644,0.129,0.119,7,1.262,1.121,6111.5,0.069,-0.072,115.9,-120.2,4.282,0.035,-0.038,-0.03,0.134,-0.136,0.03,-0.029,4.477421224974683,False,False,0.002097142955891228
168,6037480,12.947316538766096,8.463942962580479,290.89106315334914,221.02047117586272,0.3720681261861408,0.0020081007941078,0.0078942217137632,0.0068216261723235,2.451,0.203,0.185,4,1.019,0.963,5702.1,0.07,-0.073,109.3,-106.2,4.401,0.045,-0.05,0.002,0.145,-0.159,0.034,-0.032,1.3811507756071126,True,False,0.011048482033563352
169,10023189,12.941077682819405,8.62278040595202,122.5885735668096,175.3395464792433,0.147574638654354,0.0009456518132789,0.0043533842990434,0.0040460348029516,2.438,0.541,0.418,9,1.048,0.928,5565.5,0.078,-0.07,116.2,-110.4,4.333,0.133,-0.157,0.015,0.143,-0.166,0.236,-0.15,4.569047839323629,False,False,0.0017808118536971145
170,5342029,12.9374264528914,8.346815407267227,190.68167321727364,278.21532808083475,0.3531054010199756,0.0031472139640969,0.0104511042469605,0.0062422628367638,2.784,0.244,0.225,4,1.264,1.09,5984.4,0.074,-0.082,121.9,-114.2,4.265,0.048,-0.05,0.014,0.141,-0.167,0.054,-0.053,4.195136831304428,False,False,0.040177137472528775
171,4540753,12.93518375713576,8.636971696063355,199.7774870790952,232.21030686726667,0.4338882874888802,0.0021424701918487,0.0051515452703519,0.0042906812120635,2.11,0.186,0.157,5,0.779,0.803,5086.9,0.041,-0.049,101.7,-94.3,4.557,0.029,-0.037,-0.068,0.133,-0.134,0.024,-0.023,0.9494957356995944,True,True,0.03157208185488291
172,4671612,12.912751078776168,8.537950419599468,317.172276175651,231.72199655211605,0.8324846002296992,0.007904299426693,0.0230810342735153,0.0107003590567691,2.12,0.175,0.158,4,1.204,1.034,5863.4,0.077,-0.079,120.2,-116.0,4.286,0.046,-0.049,0.025,0.136,-0.172,0.043,-0.041,1.833496469227745,False,False,0.011951499387420714
173,10686322,12.909799739478864,8.764140996151662,163.78226608059853,159.83690321656144,0.1070611924906234,0.0010682683284995,0.0061150606646568,0.0017011050508024,2.957,0.226,0.234,6,0.913,0.953,5527.2,0.043,-0.053,99.0,-99.7,4.495,0.024,-0.035,0.081,0.121,-0.123,0.022,-0.021,2.105751717468568,False,False,0.00010178309142699289
174,4725814,12.859131705032455,8.505448621638003,482.8868109332113,185.13237920818824,0.783107941793166,0.0099749125308812,0.0165922747346071,0.0086059292113154,2.306,0.185,0.166,3,1.735,1.164,5633.3,0.13,-0.053,107.8,-123.9,4.022,0.056,-0.034,0.345,0.119,-0.125,0.043,-0.043,1.6995476339671354,True,False,0.017371523844682688
175,4928576,12.823906116604851,8.521213064637013,460.2749152681593,666.6417855937682,0.514891746326966,0.0033271797983036,0.0066902171816963,0.0063293173579654,5.875,1.221,1.052,3,2.037,1.276,5976.5,0.151,-0.122,121.9,-120.9,3.902,0.13,-0.127,0.033,0.175,-0.184,0.401,-0.328,3.1490065611656752,False,False,0.009960831717031996
176,11607255,12.82298953924941,8.431265355291028,391.91243506245735,453.98205795834673,0.4140681694854484,0.0073232752535918,0.0064718802851797,0.0061777627488668,2.722,0.219,0.209,3,1.475,1.207,6013.0,0.06,-0.084,119.0,-110.5,4.175,0.036,-0.039,0.09,0.173,-0.131,0.039,-0.036,2.0790026193332145,False,False,0.012549171922674488
177,8656613,12.79057572311864,8.558236079610701,233.3766930200564,467.2922117093751,0.0819158798145376,0.0020071770125194,0.0045881927113983,0.0036566025956143,4.1,0.32,0.331,4,0.816,0.846,5293.9,0.043,-0.057,118.4,-115.0,4.54,0.028,-0.04,-0.074,0.133,-0.144,0.025,-0.022,0.959625773933722,True,True,0.029571151643339528
178,11703495,12.784728308598147,8.647006417706484,139.51785867634965,247.47580438366256,0.1115934866049924,0.001119590166297,0.0054129601104467,0.0034730746620581,1.198,0.097,0.099,7,0.737,0.74,5005.4,0.039,-0.037,85.6,-80.4,4.57,0.028,-0.026,-0.202,0.104,-0.106,0.014,-0.013,1.355161433129761,True,False,0.07036921225279898
179,10785411,12.686222171799548,8.448073187911596,79.66970003843302,189.4348479004725,0.2533737581012624,0.000671945185853,0.0053817368759478,0.0048854399509788,1.86,0.181,0.164,13,0.958,0.857,5830.5,0.062,-0.056,119.3,-114.4,4.401,0.065,-0.065,-0.409,0.143,-0.146,0.06,-0.055,8.169106698484475,False,False,0.0001461585063625539
180,10099101,12.67093721331133,8.426544961326742,210.22780906157053,454.5764959365919,0.4108755725386208,0.0035789788226051,0.0067157951327533,0.0066858645902383,2.579,0.216,0.189,3,0.927,0.836,5174.7,0.046,-0.031,100.2,-88.6,4.422,0.037,-0.028,0.124,0.129,-0.135,0.027,-0.026,1.3112820043440407,True,False,0.08371483606049451
181,6935419,12.623385834008092,8.545111004452297,337.4857926331879,603.6109229609244,0.1744446486347926,0.0076641634577789,0.0100274338719746,0.0054509638379305,3.296,0.277,0.279,3,0.967,0.954,5687.5,0.06,-0.069,103.0,-99.6,4.443,0.041,-0.05,-0.021,0.138,-0.154,0.038,-0.035,1.0164528972615514,True,True,0.011072264608059596
182,11285566,12.590211824338573,8.494363485251176,457.91468314340574,539.6667072137375,0.3572562038003586,0.0018854315681617,0.0056487888339575,0.0053986397350356,2.563,0.212,0.201,3,1.1,1.071,6032.2,0.06,-0.074,108.9,-107.9,4.381,0.036,-0.045,-0.035,0.143,-0.154,0.038,-0.036,1.024705614285344,True,True,0.08138298431839287
183,4276850,12.55009066103216,8.547816470049806,240.4343820706933,201.61179849607726,0.3065828899235968,0.0013099876042044,0.0047712830919513,0.0020307812996582,3.271,0.32,0.295,4,1.164,0.902,5467.4,0.065,-0.055,103.5,-92.5,4.254,0.055,-0.053,0.044,0.151,-0.144,0.065,-0.06,2.064763164698924,False,False,0.006211424434416405
184,11187906,12.50215015287581,8.261674568079581,369.2985027774393,211.3858198762785,0.4321867122969908,0.0056982433994933,0.0087422295671812,0.0073841281320634,1.26,0.095,0.089,4,1.004,0.922,5918.2,0.069,-0.066,123.5,-124.4,4.397,0.039,-0.04,-0.29,0.139,-0.149,0.021,-0.019,1.160550653545667,True,False,0.000624538186475894
185,8815875,12.489972235539962,8.29892152219304,355.73508503463,164.54636588659676,0.3614668956365726,0.0029646929440921,0.0066026069674326,0.0057132895759741,1.48,0.132,0.111,5,0.584,0.607,4509.5,0.02,-0.021,83.4,-78.5,4.686,0.019,-0.02,-0.443,0.129,-0.132,0.017,-0.016,0.1839727825320106,False,False,4.730801170094746e-06
186,10207556,12.436354993976945,8.58296283538539,369.0141896408972,132.24827213685535,1.2055940659597164,0.0072014613576196,0.0123814352615196,0.0114937322741517,2.708,0.21,0.191,4,1.745,1.271,5890.5,0.059,-0.123,112.0,-105.5,4.055,0.028,-0.052,0.176,0.135,-0.134,0.048,-0.048,2.7944316959086737,False,False,0.03184103599595155
187,10609974,12.40870644300104,8.608206281566952,124.63619413708496,175.67563625945968,0.1817066009691296,0.000274243050897,0.0036103268948132,0.0033225393774554,1.665,0.137,0.13,9,0.85,0.887,5484.1,0.042,-0.058,108.4,-106.9,4.526,0.024,-0.037,-0.084,0.118,-0.146,0.021,-0.02,2.674883274276192,False,False,0.004136374479506947
188,3248619,12.378558981012027,8.277717796583264,129.03668199984412,187.09430138122283,0.3538626719149464,0.0016408113788559,0.0071838879970661,0.0050017534701428,1.346,0.104,0.095,8,0.928,0.97,5858.7,0.038,-0.056,105.1,-101.2,4.488,0.021,-0.032,-0.147,0.12,-0.155,0.022,-0.021,3.738204621125432,False,False,0.011415989076498503
189,10155168,12.351261250560205,8.257434176378574,243.19538403781377,206.0398826062459,0.2955494577309702,0.0031192738675022,0.0076768842989072,0.0075515793338369,2.428,0.228,0.205,4,0.881,0.879,5407.1,0.055,-0.061,97.2,-95.9,4.488,0.044,-0.054,-0.015,0.138,-0.153,0.041,-0.037,1.1263139125884472,True,False,0.0066959263560292
190,3128226,12.334195072329592,8.466869614074332,87.33122606795249,408.0109569653313,0.2171476325318752,0.0006749939551179,0.0029027265537927,0.0024555821391703,3.043,0.294,0.268,10,0.945,0.947,5694.3,0.06,-0.065,105.7,-100.8,4.46,0.045,-0.059,-0.05,0.14,-0.157,0.057,-0.051,5.960429811563444,False,False,0.03907852645769831
191,7037354,12.318670986915716,8.397432184154153,367.892326439975,171.81138973339512,0.2247874490155828,0.0056993530733731,0.0111478943932082,0.0059058134625431,3.113,0.285,0.272,4,1.0,0.997,5842.3,0.058,-0.07,106.4,-104.1,4.432,0.039,-0.051,-0.047,0.137,-0.156,0.047,-0.043,1.0498245463982443,True,True,0.0012958432540136069
192,10666469,12.307366840516742,8.653883893633937,366.9953189717872,146.47846510523718,0.74133699845032,0.0058008088962775,0.011180358231414,0.0059569732862821,1.733,0.137,0.122,4,0.93,0.857,5597.4,0.065,-0.06,106.3,-102.1,4.431,0.044,-0.045,-0.202,0.144,-0.144,0.025,-0.024,0.8449031964689689,True,True,0.0455562196583188
193,7752007,12.250351284760097,8.22514880429161,377.9053856605484,323.75987402180624,0.386657433715067,0.0081542259871217,0.0144214869230767,0.008558034529154,1.292,0.106,0.094,4,0.769,0.818,5343.3,0.031,-0.047,89.7,-87.5,4.578,0.019,-0.032,-0.236,0.127,-0.151,0.016,-0.016,0.4747552080128157,True,True,0.026484607113269335
194,5536823,12.220643201022485,8.366441528031677,437.6819267709806,147.2842705737662,0.7359772840218524,0.0097032225410715,0.0220528331276801,0.00602919168336,2.651,0.282,0.253,4,1.132,0.956,5657.4,0.075,-0.071,117.8,-112.5,4.3,0.07,-0.07,0.025,0.144,-0.168,0.084,-0.078,0.977233482902682,True,True,0.007540178896713252
195,8078103,12.184654714162004,8.363350890720316,370.4671157284412,232.43016692329797,0.516256359857581,0.0075108207823809,0.0148820948067725,0.0075897651717764,2.488,0.232,0.194,4,0.803,0.799,4999.9,0.045,-0.041,92.6,-85.5,4.527,0.039,-0.037,0.036,0.133,-0.126,0.03,-0.028,0.4155162380595902,True,True,0.005174162595765141
196,6511452,12.14677058082441,8.265039480743953,370.3320450867656,633.9948068294347,0.3453420453232122,0.0088629915518517,0.0099519102454606,0.0055132359211047,2.298,0.205,0.179,3,0.793,0.792,4953.7,0.044,-0.039,86.0,-78.9,4.534,0.034,-0.031,0.043,0.127,-0.121,0.021,-0.02,0.3920481075350104,True,True,0.0015322243024049808
197,10350968,12.099561188402516,8.581831578986334,212.91351988234504,251.3021598450419,0.7798014576035048,0.0073014889898291,0.0195328326542997,0.0214870739116931,1.221,0.087,0.082,6,1.225,1.197,6486.8,0.044,-0.056,119.4,-120.3,4.338,0.024,-0.031,-0.171,0.129,-0.138,0.027,-0.025,4.3677723189438,False,False,0.010474396937477915
198,5281934,12.04420313004571,8.265835371394404,319.06589846560945,177.18365180528366,0.4090061414053744,0.0039982717931397,0.0156106371623243,0.0027235535732062,1.736,0.144,0.134,5,1.049,0.941,5631.5,0.074,-0.07,108.8,-106.6,4.365,0.047,-0.047,0.024,0.146,-0.164,0.032,-0.031,1.2504455349821355,True,False,0.0038336400509255838
199,7433713,12.028778346902262,8.346874947982696,713.255449005056,132.8336887353245,0.346663853431071,0.0078250407616346,0.0133856449059636,0.0113757195540206,3.987,0.342,0.341,3,1.659,1.039,5616.6,0.071,-0.068,115.1,-109.1,4.009,0.044,-0.042,0.028,0.17,-0.173,0.059,-0.057,0.9938239626305132,True,True,0.042783908178627754
200,10415681,12.008454670131362,8.599181014204186,395.59235767050296,337.05122132379046,1.1276002954226658,0.0025831167849088,0.0060484116186344,0.0055196077245785,3.171,0.248,0.225,3,1.986,1.3,5883.8,0.121,-0.084,104.9,-109.7,3.959,0.041,-0.046,0.232,0.148,-0.142,0.055,-0.055,3.186960613071204,False,False,0.006912629212944317
201,6516936,12.00792200419394,8.43489113063579,355.15454050475006,173.1796555570161,0.4357379190378366,0.0020332988028202,0.0057081006947528,0.0048523516451009,2.964,0.256,0.236,4,1.033,1.05,6064.0,0.053,-0.064,112.6,-106.6,4.427,0.032,-0.043,-0.108,0.132,-0.163,0.049,-0.046,1.3169093703531702,True,False,0.11477418386885554
202,10919955,11.938274418946165,8.305573087102983,350.5933601853281,170.21029587328678,0.4718062438295058,0.003207976759684,0.0125071884760482,0.002263879294929,1.86,0.158,0.139,5,0.843,0.849,5267.9,0.05,-0.056,105.4,-97.9,4.512,0.037,-0.044,-0.016,0.136,-0.142,0.026,-0.025,0.5832939235020033,True,True,0.002013374337684171
203,4938858,11.837763140885976,8.331113635890226,140.54986997226888,248.00609105957864,0.1868857095497214,0.0018013337922488,0.0076244734392873,0.0046554392288914,2.137,0.194,0.182,8,0.787,0.797,5003.6,0.043,-0.044,97.6,-87.9,4.544,0.033,-0.035,-0.002,0.128,-0.127,0.024,-0.023,1.4557898384385743,True,False,0.03944928525227533
204,3935492,11.787650937388875,8.232963134760194,433.9341758722887,259.20773642402224,0.4578588432293538,0.0070619687819421,0.0122391671219612,0.0069063810436127,1.948,0.158,0.142,3,0.862,0.894,5499.1,0.044,-0.058,100.7,-98.6,4.516,0.028,-0.041,-0.072,0.131,-0.15,0.024,-0.023,0.5252228444823205,True,True,0.009055196020969276
205,10849926,11.72370758855785,8.2156538101114,217.1639112683944,314.78190358867124,0.3236003934537822,0.0037385807368007,0.0129410217222875,0.0027750608957281,1.837,0.164,0.142,5,0.775,0.797,5048.3,0.041,-0.048,92.8,-86.5,4.558,0.03,-0.037,-0.054,0.129,-0.132,0.025,-0.025,0.8202370087746714,True,True,0.09303708317780988
206,11599652,11.705724971883663,8.350509115918724,473.6037422260464,359.0540260220839,0.211128433740241,0.0060314978557047,0.0096191864251858,0.0061928666228482,2.703,0.26,0.25,3,0.681,0.688,5130.4,0.036,-0.033,100.2,-96.0,4.604,0.039,-0.041,-0.567,0.132,-0.129,0.035,-0.033,0.2649274868028094,False,False,0.01560808941980187
207,11756739,11.666074756524312,8.754243896310228,367.014507710852,525.1215766616988,1.112132964707551,0.0099926641253109,0.0146552114321559,0.0054067306205818,3.198,0.314,0.277,3,0.98,0.933,5605.2,0.067,-0.068,109.5,-104.5,4.416,0.059,-0.064,0.001,0.147,-0.156,0.065,-0.056,0.9033632592973152,True,True,0.0008221175997110977
208,10427181,11.65429494680179,8.491656773903339,166.83713690589394,132.79419795573108,0.1499247197057572,0.0017544811482415,0.0085028031813645,0.0037421449967082,1.922,0.159,0.157,7,0.773,0.829,5249.3,0.027,-0.037,96.2,-93.9,4.579,0.017,-0.027,-0.133,0.106,-0.109,0.015,-0.015,1.3175210091212517,True,False,0.022076083504555723
209,7771647,11.60876843298087,8.440668228371118,391.1796714685785,449.6215076556435,0.6446829077265676,0.0078146489688064,0.0112881337051105,0.008348146306489,1.936,0.157,0.142,3,0.845,0.901,5764.5,0.038,-0.045,118.8,-109.9,4.538,0.021,-0.029,-0.282,0.139,-0.167,0.028,-0.028,0.6965524376071435,True,True,0.006941863430143041
210,8943155,11.589205640783405,8.169557163275305,364.44009249893816,183.09669593796968,0.5084643419396998,0.0066666412496998,0.0100649757192919,0.0046993415380804,1.482,0.11,0.105,3,1.219,1.169,6297.4,0.057,-0.066,123.5,-117.1,4.333,0.028,-0.037,-0.068,0.14,-0.146,0.026,-0.023,1.9005787424219744,False,False,0.08623000150319952
211,11180211,11.55160926189594,8.251632492203175,262.393036780213,428.9007302341324,0.185183457700016,0.0065171996621018,0.0168999947299936,0.0055977932397077,3.416,0.333,0.318,3,0.927,0.912,5537.8,0.06,-0.065,102.4,-100.4,4.459,0.049,-0.061,-0.012,0.139,-0.156,0.051,-0.046,1.2128905319367165,True,False,0.01591445162371331
212,10751529,11.52780322058028,8.272342507009359,390.7729107576082,480.6637562912731,0.899144606042986,0.0080119143914421,0.0156193739975775,0.003076967457624,4.392,0.536,0.49,3,1.726,1.322,6313.5,0.081,-0.086,134.8,-129.3,4.07,0.076,-0.073,0.002,0.16,-0.173,0.17,-0.158,3.333678789749682,False,False,0.2558139534883721
213,10224057,11.464271385279773,8.468752660398408,377.3924751233342,418.0113276631969,0.2093067987965162,0.0049708027819928,0.0075250436932695,0.0042374650494799,2.743,0.235,0.23,4,0.821,0.824,5142.2,0.047,-0.049,92.5,-85.0,4.521,0.035,-0.037,-0.006,0.127,-0.125,0.022,-0.021,0.4641024060458481,True,True,0.09306064645438893
214,9715935,11.414657609622154,8.511430928090542,163.9310542845427,577.4058808896465,0.09084972725635,0.0018118772317225,0.0073644906047686,0.0027698357734551,3.175,0.268,0.274,4,0.77,0.797,5077.1,0.041,-0.048,91.4,-85.9,4.564,0.028,-0.037,-0.085,0.134,-0.133,0.026,-0.026,1.205933907345318,True,False,0.26666666666666666
215,10027844,11.405935302580492,8.270151447186137,299.6776782276001,540.0795953029577,0.7149713542831646,0.0032758838018701,0.0040745823245915,0.002800187734578,4.763,0.659,0.59,3,1.713,1.305,6266.3,0.088,-0.095,133.5,-127.2,4.068,0.086,-0.083,0.0,0.16,-0.171,0.2,-0.182,4.615808867801225,False,False,0.037122005297050245
216,3111686,11.38239359251354,8.479907290648676,431.0188102810784,567.6511670584623,0.2219654112752008,0.0052137056405329,0.0075179035484293,0.0037927454246298,4.689,0.421,0.407,3,0.808,0.818,5123.4,0.046,-0.049,102.8,-93.9,4.533,0.036,-0.04,-0.02,0.136,-0.134,0.028,-0.026,0.3726607924482286,True,True,0.017853283498985524
217,4941099,11.370801996037669,8.650383245425695,415.3541738593243,224.9870313001312,0.1226206545131526,0.002789107909965,0.0037125649805818,0.0036556774560763,4.169,0.352,0.352,4,0.912,0.936,5674.7,0.053,-0.061,115.8,-108.6,4.487,0.034,-0.045,-0.08,0.135,-0.153,0.04,-0.039,0.6880539117822801,True,True,0.01783066159074994
218,11444050,11.370744218912428,8.307500874116911,143.5192316857786,199.18894802161995,0.2452429099213062,0.0016235313034033,0.0043823610604253,0.0021555622352949,1.885,0.157,0.152,7,1.439,1.175,5748.7,0.051,-0.077,96.2,-97.5,4.188,0.03,-0.035,0.329,0.12,-0.127,0.032,-0.032,6.389605705148028,False,False,0.04917543058422066
219,10273871,11.349454366686992,8.568890689757408,371.3698116978948,135.30601310701942,0.987588590817929,0.0058534253268946,0.0094846750706679,0.0085201570328975,2.822,0.265,0.237,4,1.181,1.02,5831.9,0.076,-0.077,112.8,-108.8,4.293,0.058,-0.058,0.02,0.142,-0.164,0.068,-0.063,1.4253026409416665,True,False,0.1348314606741573
220,11601463,11.297383037920566,8.081327796782066,265.13812444531766,272.0458992378168,0.3329261606951592,0.0050211354504772,0.0137269119950611,0.0079322458444029,1.94,0.177,0.15,4,0.754,0.761,4781.6,0.038,-0.034,79.7,-75.7,4.561,0.029,-0.026,0.055,0.12,-0.113,0.018,-0.017,0.4936346960946264,True,True,0.01258526896235004
221,10730196,11.27580824640836,8.146920861622633,365.9233021731796,496.3073446768328,0.5854821996159162,0.0033504408078441,0.0071053627794004,0.006345509992564,2.063,0.161,0.15,3,1.171,1.082,5970.9,0.071,-0.072,113.0,-111.1,4.332,0.041,-0.041,0.044,0.134,-0.152,0.031,-0.03,1.490669554220942,True,False,0.010488637993986135
222,8695347,11.27462387917103,7.968731458221669,232.83326597049808,168.3265157800079,0.3538471838277806,0.0047463483348781,0.0201290026881723,0.0078525330363838,2.131,0.199,0.181,6,0.971,0.948,5663.8,0.063,-0.069,110.9,-108.0,4.435,0.048,-0.059,-0.015,0.14,-0.158,0.051,-0.046,1.6676844359865073,True,False,0.0002258618655781701
223,7820142,11.247428231496157,8.227958764054069,378.3985431448298,276.5562137360865,0.4342884052359006,0.0040282404972945,0.0079781462830141,0.0057740334092674,3.541,0.336,0.313,4,1.608,1.027,5614.3,0.074,-0.071,121.2,-114.2,4.029,0.054,-0.048,0.032,0.171,-0.176,0.077,-0.074,2.196133819626009,False,False,0.014583226634941158
224,7530330,11.238541105536063,8.347661266481369,390.5588343239506,373.75320383417466,0.882161966951226,0.0026511695033987,0.0068919015997042,0.0034032842266781,2.678,0.25,0.226,4,1.415,0.989,5628.0,0.081,-0.073,120.7,-115.8,4.125,0.058,-0.056,0.032,0.17,-0.165,0.077,-0.073,1.6862036033059835,True,False,0.009314793723140195
225,6939818,11.232602441348694,8.370875000334317,597.3818892548871,273.5735472621758,0.619269349132057,0.0101591387290964,0.0089976624792585,0.0087569659945717,2.307,0.222,0.188,3,0.794,0.807,5088.3,0.046,-0.048,92.4,-86.3,4.543,0.037,-0.044,-0.034,0.139,-0.137,0.034,-0.033,0.2285758684944255,False,False,0.03723372355127786
226,9091150,11.157527307017958,8.23858130532971,409.053093119581,400.77212615121886,0.7520448388055015,0.0064074646895387,0.0124929119873652,0.0024497393408878,2.542,0.224,0.205,3,1.196,1.144,6202.9,0.062,-0.075,116.3,-114.7,4.336,0.041,-0.05,-0.034,0.144,-0.167,0.058,-0.053,1.5126849642113416,True,False,0.028598581292751266
227,8939719,11.143777736913949,8.379166955530357,363.9308033511257,191.55346991434104,0.579022721064066,0.0026538721180674,0.008512156884499,0.0077539080610031,1.996,0.169,0.153,4,0.808,0.856,5468.3,0.041,-0.051,95.8,-93.2,4.554,0.024,-0.036,-0.183,0.139,-0.164,0.03,-0.028,0.5876605288536236,True,True,0.044651388859097994
228,6188091,11.13626495271066,8.163482732057203,103.6443956318975,368.29196075421333,0.3001756589561986,0.0025402456040823,0.0172947594896981,0.006727176978246,2.637,0.289,0.261,8,1.207,1.056,5918.8,0.077,-0.08,116.1,-110.1,4.286,0.068,-0.068,0.009,0.147,-0.16,0.094,-0.085,8.510384364442734,False,False,0.032167083448893505
229,11455972,11.114740644397282,8.580204490374424,439.82448487452535,330.82955993287754,0.1350006748012144,0.004103526810806,0.0069962367610576,0.0035250370404287,3.244,0.254,0.261,3,0.841,0.78,5256.4,0.046,-0.033,96.8,-89.6,4.476,0.036,-0.027,-0.189,0.12,-0.116,0.022,-0.022,0.4495624562002394,True,True,0.0009135464177557085
230,4940430,11.07864855109458,8.277239569571393,399.510558202495,327.796336751221,0.388262627355494,0.0049271241156576,0.0020448692369799,0.0020244320330312,2.875,0.239,0.228,3,1.241,1.19,6309.7,0.062,-0.076,129.6,-128.0,4.321,0.034,-0.038,-0.034,0.144,-0.171,0.043,-0.043,1.750139932564592,False,False,0.09656334379820035
231,3859857,11.05970692769418,8.427938780493907,171.6765943709802,516.8978715210856,0.136331119938435,0.0021121202889695,0.0086602926127432,0.0042020869742366,4.46,0.447,0.427,7,1.313,1.01,5739.0,0.09,-0.08,128.9,-123.4,4.197,0.062,-0.06,0.025,0.163,-0.167,0.087,-0.082,4.65735195717694,False,False,0.002168991958828744
232,9009019,11.053546001311297,8.39402647964225,344.46943756709896,234.24988494195793,0.3458313379487376,0.0043203268305388,0.0066605290341417,0.0029323004172546,3.411,0.322,0.298,4,1.184,0.938,5588.7,0.071,-0.067,109.4,-105.2,4.257,0.054,-0.053,0.026,0.162,-0.165,0.057,-0.054,1.404271906495194,True,False,0.10544568679312909
233,9341265,11.051440526233517,8.367861179197178,363.9856645104111,519.6647249466898,0.308919575709548,0.0061532477702312,0.0051658354991748,0.0050845818907853,4.261,0.48,0.437,3,1.166,1.061,5956.4,0.075,-0.079,117.9,-113.2,4.318,0.069,-0.072,-0.008,0.152,-0.159,0.097,-0.084,1.523697165891564,True,False,0.010160852861681407
234,5612464,11.003382549363527,8.19955129013093,538.5772565009977,512.55643643506,0.5109535359426726,0.0057542097108395,0.0036621208185188,0.0034516034813711,2.253,0.185,0.172,3,1.136,1.022,5716.7,0.069,-0.07,110.2,-106.4,4.332,0.042,-0.042,0.142,0.138,-0.156,0.033,-0.033,0.7333757422539602,True,True,0.14285714285714285
235,10338034,10.99586823646983,8.313322173823318,321.5163702006299,134.45171424355712,0.3449902143846404,0.0033072089426632,0.0098540083962142,0.0067652737051766,2.724,0.247,0.228,4,1.015,0.903,5501.2,0.069,-0.062,108.8,-102.4,4.375,0.053,-0.05,0.032,0.145,-0.155,0.042,-0.04,1.088014198264691,True,False,0.0939195144105443
236,6357872,10.979512120424944,8.359153033187562,536.6529941855752,308.671531527625,0.7994069878345798,0.0065030971178073,0.0045760666390143,0.0044776772478737,1.716,0.126,0.118,3,1.138,1.099,6179.3,0.056,-0.069,115.1,-111.9,4.364,0.031,-0.037,-0.111,0.133,-0.136,0.023,-0.022,0.956257068083632,True,True,0.12048192771084337
237,11193087,10.8840385792744,8.126777735698784,459.8771536610902,633.8998556863953,0.447924716652177,0.004552492145783,0.0059814798718873,0.004506910838759,2.45,0.224,0.202,3,1.053,0.932,5600.9,0.072,-0.068,107.1,-104.2,4.357,0.053,-0.052,0.027,0.144,-0.165,0.045,-0.042,0.7642775588362666,True,True,0.0345378768417506
238,6116220,10.830265485728408,8.168362103514184,395.78254305294206,676.7806505649994,0.355158660992681,0.0081152019122307,0.0098446215831594,0.0073773376429599,4.08,0.398,0.379,3,1.283,0.999,5726.0,0.082,-0.076,116.0,-110.9,4.214,0.056,-0.058,0.025,0.163,-0.167,0.072,-0.068,1.4516841696667897,True,False,0.003843545464433577
239,10268714,10.805803281546636,8.210042517016257,522.2478266080462,356.06910453786287,1.121547128325872,0.0093013772604033,0.0106028717386758,0.0057667037194515,2.665,0.198,0.19,3,2.028,1.368,6629.2,0.058,-0.109,137.9,-128.7,3.955,0.029,-0.043,-0.261,0.113,-0.148,0.054,-0.053,3.6287014991740905,False,False,0.011961352948025144
240,8943268,10.784397859738723,8.135951004899416,369.89162982133325,171.48341423819755,0.5344223405429626,0.0073132137657581,0.0133104606880863,0.0059977486678734,3.304,0.288,0.272,4,1.854,1.193,5784.2,0.137,-0.068,105.1,-112.3,3.975,0.057,-0.039,0.167,0.148,-0.153,0.06,-0.058,3.0335382715539203,False,False,0.047143036850463255
241,3345852,10.742703624183324,8.185913598940282,76.48081324822151,176.0216608152119,0.403623057986633,0.0011472128403319,0.0095848890708466,0.0037361750330579,3.371,0.407,0.37,14,1.592,1.326,6457.4,0.074,-0.071,133.2,-136.7,4.142,0.073,-0.073,0.016,0.154,-0.189,0.154,-0.139,27.2418359644505,False,False,0.01251988742959552
242,4991083,10.719968261539584,8.673521950714388,510.60135526209,149.3084389458416,0.8014051744539228,0.0086026421578734,0.0065776729980523,0.0064852608560625,1.57,0.129,0.11,3,0.693,0.728,4958.6,0.028,-0.037,87.8,-85.8,4.617,0.018,-0.025,-0.271,0.119,-0.136,0.015,-0.014,0.20688831656554,False,False,0.056056783473318314
243,6357076,10.718340726021282,8.070711225785752,372.7495534417025,306.7378479515278,0.690136999438229,0.0076792890062947,0.0086819761078843,0.0079603743516896,2.724,0.231,0.212,4,1.464,1.042,5743.6,0.1,-0.078,108.8,-109.3,4.121,0.051,-0.05,0.036,0.166,-0.167,0.057,-0.055,1.99797255070431,False,False,0.007623380209499901
244,3858156,10.685723897490243,8.196130346607015,525.3431442008207,537.6557379449316,0.443638066609636,0.0076281504502433,0.0077938855711247,0.0075945945554572,2.894,0.277,0.241,3,0.828,0.797,4911.4,0.035,-0.03,90.4,-88.0,4.497,0.037,-0.031,0.157,0.13,-0.125,0.034,-0.033,0.2598001578810311,False,False,0.026029754358718047
245,9954188,10.652619982324286,8.562923362332901,371.91006706148863,307.30183136156666,0.7152550845979322,0.0015848634733946,0.0044078461029363,0.002269703108078,1.719,0.127,0.119,4,1.045,1.047,6312.7,0.043,-0.056,115.5,-114.1,4.418,0.026,-0.035,-0.348,0.125,-0.134,0.027,-0.026,1.479172996238203,False,False,0.04256627793383781
246,5613152,10.64806223979802,8.304513019001842,543.127666494422,304.0643153337817,1.085817672269529,0.0065917067582424,0.0129125954607651,0.0024116678416264,3.1,0.267,0.241,3,1.489,1.153,5821.8,0.072,-0.088,110.6,-100.0,4.149,0.04,-0.046,0.158,0.127,-0.13,0.057,-0.057,1.24003945877664,True,False,0.08972929874937574
247,10290551,10.626990883519865,8.133701944623446,139.88431354802984,199.69168550500254,0.4560759944766376,0.0029532206403583,0.0128936864534486,0.0117558133337755,2.454,0.21,0.198,8,1.495,1.2,6166.1,0.062,-0.082,124.9,-117.5,4.16,0.048,-0.045,-0.064,0.146,-0.132,0.066,-0.068,9.420902575642312,False,False,0.017219478150827208
248,12154301,10.599754043189376,7.951554038285227,378.995820759372,473.8440169577574,0.590975993958668,0.0087915117728796,0.0159111655347079,0.0065452582629243,3.173,0.289,0.266,3,1.309,1.015,5756.5,0.084,-0.078,112.7,-110.6,4.205,0.052,-0.054,0.027,0.164,-0.169,0.063,-0.061,1.6126139801835686,True,False,0.009052691189913288
249,11237005,10.566571175954993,8.415401315945392,270.32872569549306,210.3385599446009,0.1737547482540652,0.0024884663501499,0.0073942924574954,0.0036504152633515,1.936,0.172,0.166,4,0.644,0.667,4594.6,0.025,-0.027,84.2,-78.5,4.643,0.017,-0.021,-0.225,0.116,-0.122,0.015,-0.015,0.3257443181442212,True,True,0.011145093511953641
250,11904679,10.55852692864305,8.134049467670403,374.6655638570317,436.9911142543291,0.3592735355520776,0.0077419988336454,0.0160694693611351,0.0072886002389291,1.814,0.155,0.139,3,0.821,0.85,5298.2,0.042,-0.057,96.3,-89.9,4.536,0.028,-0.04,-0.063,0.129,-0.144,0.02,-0.018,0.5168890136506789,True,True,0.1090655625855097
251,9285773,10.467006645596078,8.384686980007254,408.98014496733794,363.8069968881665,0.238623729196811,0.0037504504170485,0.0055601164694689,0.0054104308187946,2.877,0.224,0.231,4,1.384,0.989,5652.1,0.081,-0.071,112.0,-108.9,4.148,0.045,-0.042,0.03,0.172,-0.164,0.032,-0.031,1.5286638465579083,True,False,0.0921407778758934
252,11656267,10.436878484831238,8.535241920702608,372.57306529099424,476.34339655624586,0.1112058484132854,0.0038247038571335,0.0021962438350017,0.002111855472637,3.108,0.233,0.244,3,0.902,0.888,5426.3,0.059,-0.064,102.9,-100.0,4.473,0.039,-0.045,0.005,0.137,-0.153,0.022,-0.021,0.6711334345562915,True,True,2.0715472419496743e-09
253,7094508,10.4359082055189,8.189795379585894,498.532123665446,439.51127423920735,1.174053771077686,0.0083567400936204,0.0082989416577231,0.0083002899894308,2.606,0.203,0.185,3,2.428,1.368,5797.6,0.154,-0.056,125.6,-118.6,3.8,0.055,-0.027,0.204,0.176,-0.171,0.051,-0.052,3.2295678153736715,False,False,0.0261028968204763
254,10612952,10.43181969591576,8.332696423387913,642.7419304011764,188.21496368784668,0.3475215562661532,0.0092289275635757,0.0092651059373494,0.008931864365549,2.823,0.257,0.249,3,1.172,1.022,5844.5,0.076,-0.077,112.7,-108.9,4.303,0.052,-0.052,0.011,0.152,-0.154,0.053,-0.051,0.6771468885855321,True,True,0.02614196962587587
255,9542299,10.427781312451076,8.031148854642082,360.982113077968,421.687069564841,0.3532622542969452,0.0057496137983578,0.0103227286219471,0.0069083558503682,1.632,0.142,0.131,4,0.869,0.859,5306.8,0.057,-0.057,104.5,-97.6,4.492,0.039,-0.042,0.005,0.137,-0.146,0.022,-0.021,0.6068652230095393,True,True,0.15053763440860216
256,11443175,10.425505686395509,8.311206992522587,373.7790000862509,246.91722737233442,0.564392507549216,0.0029789580412249,0.0036794075393339,0.0019361389376258,1.194,0.092,0.084,4,0.906,0.919,5864.9,0.046,-0.055,100.0,-103.5,4.486,0.028,-0.036,-0.29,0.123,-0.128,0.019,-0.018,0.8966677047882373,True,True,0.02780420029196709
257,5024448,10.42438542333185,8.248109895258791,345.8073235575355,491.2797904867587,0.325944760126058,0.0048399239844922,0.0125194607590639,0.0059514159059648,4.428,0.619,0.541,4,1.435,0.988,5604.9,0.095,-0.076,136.0,-109.5,4.103,0.082,-0.072,0.03,0.162,-0.166,0.168,-0.132,2.0522716117440343,False,False,0.06530808052082894
258,11289385,10.339523064827796,8.069923898648707,691.56364832224,177.8172388324911,0.4589263497986312,0.0109913752998978,0.0154568349090501,0.0060953297261773,2.176,0.199,0.18,3,0.921,0.92,5571.4,0.056,-0.064,100.5,-98.9,4.469,0.042,-0.053,-0.025,0.139,-0.154,0.042,-0.039,0.3340591944783393,True,False,0.07561344291339021
259,9530036,10.338153558196383,7.923187938562632,717.9563414375572,131.6629578114564,0.6085682354659347,0.0157934023456534,0.0211834258849107,0.010213493412294,2.085,0.188,0.167,3,0.874,0.85,5266.4,0.058,-0.053,107.2,-97.3,4.48,0.046,-0.045,0.021,0.139,-0.141,0.034,-0.031,0.2408057944543175,False,False,0.060309403131280234
260,6612029,10.328169838592636,7.971998109361443,500.53840015200007,154.1776455752513,0.6828218519592434,0.0062879912489464,0.0103663088371436,0.0095996473988553,2.32,0.197,0.184,3,1.453,1.176,6086.4,0.069,-0.09,121.9,-110.4,4.176,0.045,-0.045,-0.027,0.169,-0.15,0.056,-0.054,1.558120498896993,True,False,0.027147170972299534
261,4265677,10.196773287478218,8.04562691031875,370.9759318997182,489.92270672973365,0.4571476074216214,0.0088473939897067,0.0074234489656794,0.0072960297031989,5.065,0.551,0.518,3,1.7,1.195,5974.6,0.1,-0.098,109.2,-112.9,4.048,0.059,-0.07,0.029,0.139,-0.159,0.127,-0.118,2.9321305619433087,False,False,0.005206594227506481
262,10552090,10.18661902086264,8.097493114491579,666.5055189661966,193.43550919794313,0.512969351602543,0.008937477057644,0.0153165675192547,0.0074633000017062,2.16,0.192,0.166,3,0.803,0.808,5056.3,0.045,-0.046,88.4,-81.6,4.533,0.035,-0.036,0.007,0.128,-0.128,0.023,-0.023,0.1967895111248946,False,False,0.2441860465116279
263,12602284,10.174672313614526,7.902616353785065,304.4480291617683,424.1499048661196,0.7994977057750506,0.0121172319836057,0.0199757110055183,0.0174189242640584,2.313,0.197,0.181,3,0.905,0.921,5590.3,0.051,-0.062,100.9,-97.3,4.487,0.033,-0.045,-0.046,0.129,-0.152,0.03,-0.029,0.9730425870806532,True,True,0.000250109733554876
264,8610152,10.168694536541103,8.136324956702115,391.8151523159364,335.3673303798821,0.2148097772583938,0.0061862896825852,0.0168011167801279,0.007828416340667,1.962,0.168,0.169,3,0.91,0.862,5304.8,0.062,-0.052,96.8,-89.6,4.453,0.041,-0.037,0.051,0.137,-0.137,0.018,-0.018,0.5947165658970638,True,True,0.021341295264936774
265,10140937,10.162824719390423,8.114073092493502,369.0631618572386,142.41311023583106,0.6275270307423676,0.0066808583299746,0.0103539746924702,0.0041946655321563,2.73,0.219,0.205,4,1.712,1.248,6055.6,0.063,-0.115,110.5,-104.7,4.063,0.031,-0.051,0.023,0.14,-0.165,0.045,-0.044,3.0448792143044368,False,False,0.16666666666666666
266,11129401,10.139018186962558,8.120031845428933,432.57887417986086,476.40961946211917,0.3081909542623408,0.0061851226201235,0.0046964554915796,0.0039913025019853,2.617,0.245,0.224,3,0.907,0.922,5604.4,0.053,-0.061,97.4,-95.0,4.485,0.036,-0.049,-0.052,0.131,-0.154,0.04,-0.037,0.6181658872609072,True,True,0.12345679012345678
267,892832,10.12463880394081,8.246759763642945,340.31120496305914,619.5124600814329,0.1119538329104706,0.0049042395960908,0.0067646512718756,0.0046114371714063,4.579,0.382,0.394,3,0.764,0.784,4975.7,0.04,-0.045,97.1,-88.2,4.564,0.028,-0.034,-0.045,0.124,-0.126,0.022,-0.022,0.4168604544355205,True,True,0.045224287082511486
268,9631996,10.11326916226855,8.10526428929055,387.1315335429085,457.71635146453383,0.5112525773877195,0.0074308691062338,0.0146689218867158,0.0022712439268779,3.017,0.258,0.237,3,1.37,1.063,5844.6,0.082,-0.083,107.5,-106.9,4.187,0.043,-0.048,0.028,0.131,-0.171,0.047,-0.046,1.763126163678559,True,False,0.0010639596134363694
269,9021358,10.087292453242014,8.187424898406348,353.2370283330978,179.8062620289252,0.80082440967142,0.0109012684863838,0.0272849028803834,0.0087999693829867,2.344,0.223,0.203,4,1.122,1.058,5974.9,0.07,-0.077,112.8,-109.9,4.355,0.053,-0.059,-0.014,0.142,-0.167,0.066,-0.06,1.475626842001904,True,False,0.0223485730994024
270,6033650,10.07749222714541,8.010424660758154,370.7915612095459,306.4354662056247,0.444410181094236,0.0084242704294132,0.0197419756563181,0.0082469296114888,2.616,0.896,0.569,4,1.065,0.961,5657.3,0.103,-0.079,107.8,-103.3,4.32,0.151,-0.247,-0.014,0.162,-0.173,0.413,-0.18,1.1641420990851234,True,False,0.24731182795698925
271,10288528,10.052616575130262,8.36518010991474,205.0133268258409,181.3906407727479,0.1408599736136554,0.0011900524890597,0.0040755366010032,0.0038192350376787,3.491,0.348,0.332,5,1.068,1.063,6062.8,0.063,-0.07,113.3,-109.3,4.402,0.043,-0.056,-0.075,0.142,-0.164,0.069,-0.063,2.9111133955724937,False,False,0.007261306273683575
272,10469867,10.043103458927591,8.313366405897765,553.1660808417842,153.80904302470123,0.927470960471852,0.0044089806925326,0.0076489970483762,0.0073073275388356,1.824,0.151,0.135,3,0.908,0.916,5554.6,0.053,-0.064,96.4,-95.9,4.482,0.033,-0.045,-0.028,0.133,-0.151,0.026,-0.025,0.4317304848386134,True,True,0.01517530412887404
273,11444221,10.024869640806983,8.005407929460349,345.0096564599503,359.3790689030452,0.4351357279900806,0.0032162098514027,0.0082357205948611,0.0066024885042071,2.143,0.196,0.169,4,0.858,0.822,5113.8,0.05,-0.039,91.5,-83.2,4.481,0.043,-0.035,0.071,0.132,-0.128,0.03,-0.029,0.5609733547344236,True,True,0.12087912087912088
274,11073906,10.009021743722345,8.163228796278023,116.5352397041445,171.89006646959132,0.176200392304851,0.0009643038568078,0.0059284661974697,0.0057377256593681,1.875,0.172,0.162,9,0.779,0.795,5014.5,0.041,-0.046,89.3,-82.5,4.553,0.031,-0.035,-0.029,0.129,-0.123,0.023,-0.022,1.8480332888970663,False,False,0.040695674440700866
275,2580589,9.991225049714108,8.05945574378927,362.3484483509791,200.91649871307624,0.2010175730215312,0.0041001279428579,0.006291838470162,0.0056945073890187,3.282,0.308,0.295,4,0.772,0.789,5000.8,0.042,-0.045,99.9,-93.5,4.558,0.032,-0.038,-0.038,0.132,-0.13,0.027,-0.028,0.3978612854648834,True,True,0.008263108152478863
276,9914159,9.978400275114616,8.52336681506544,355.9061039809213,218.07487929995244,0.0632932999653388,0.0024777167609337,0.0047200766018189,0.0031252156863844,3.697,0.266,0.277,4,0.748,0.769,5450.1,0.036,-0.047,105.8,-98.5,4.573,0.031,-0.039,-0.522,0.126,-0.129,0.019,-0.018,0.5498525550823375,True,True,0.0032381480770458577
277,10992537,9.885742455630233,8.279592603133635,215.13511027577167,200.50530735268796,0.2175682979131184,0.0022783450417772,0.0085038765196486,0.0040442151039691,2.686,0.207,0.211,5,1.853,1.379,6410.6,0.071,-0.069,138.7,-128.9,4.038,0.034,-0.035,0.001,0.163,-0.167,0.055,-0.055,8.571469246982222,False,False,0.06252822896593749
278,9902760,9.794459111514012,8.357207738541035,151.40400429047435,190.89914012936055,0.0615184691438588,0.0008976404345666,0.0047338871449912,0.0032061158256691,2.87,0.228,0.237,7,0.698,0.736,5067.2,0.033,-0.04,88.6,-84.4,4.616,0.02,-0.027,-0.339,0.137,-0.16,0.02,-0.019,1.1515902555892894,True,False,0.007363910881470903
279,7284543,9.79273823537152,8.016461501287251,374.4228508222042,172.11227083550344,0.794393126209,0.0061455873946809,0.0078061493262432,0.00745030786038,5.082,0.477,0.432,3,2.439,1.16,5163.0,0.094,-0.129,121.1,-108.5,3.723,0.045,-0.063,-0.048,0.158,-0.167,0.101,-0.098,3.3692583897681434,False,False,0.03946326006151893
280,9394736,9.788029734291191,8.074410409767124,384.66732579762174,373.02760822230573,0.6160240673532408,0.0026369637501082,0.0057796535122197,0.0054765265386611,2.74,0.225,0.203,4,1.274,0.907,5447.0,0.063,-0.054,106.7,-98.3,4.182,0.041,-0.038,0.033,0.163,-0.128,0.034,-0.033,1.285063877207338,True,False,0.059598383343414295
281,11497887,9.73257515608464,8.039084988161832,449.5210792075044,241.85686805746758,0.3715835162406516,0.0058114657523636,0.0092140588823843,0.0057159864394499,1.803,0.144,0.141,3,1.205,1.094,6136.7,0.069,-0.071,116.4,-115.8,4.312,0.038,-0.04,-0.086,0.134,-0.165,0.029,-0.029,1.3278482166497152,True,False,0.1875
282,7469210,9.68709692446601,8.138501583184606,362.8335422852083,679.6698965946765,0.4666502479614414,0.0059285182902514,0.0089694021019139,0.0069759276301853,6.423,0.644,0.596,3,1.847,1.232,5999.9,0.116,-0.098,135.0,-137.0,3.99,0.06,-0.063,0.032,0.15,-0.171,0.114,-0.106,3.537597533523776,False,False,0.10416666666666667
283,9827070,9.679670617746613,7.99620139148273,390.32277847347393,253.99404721530732,0.6806936281162628,0.0049260228350751,0.0073272140988359,0.0065556061655839,1.92,0.146,0.138,4,1.374,1.238,6214.9,0.065,-0.064,128.8,-119.1,4.248,0.039,-0.03,0.094,0.166,-0.151,0.032,-0.032,2.0303940433348617,False,False,0.039316249116148436
284,6343295,9.638557083473756,8.283996625745035,398.3983355637709,172.15856474759232,0.9161966196207804,0.0083618328777141,0.0219120850173757,0.010540312881627,2.396,0.223,0.205,4,1.202,1.134,6163.5,0.067,-0.077,117.5,-115.5,4.326,0.048,-0.056,-0.027,0.145,-0.167,0.072,-0.064,1.5582191112953347,True,False,0.0011408382458522352
285,7345296,9.62118309714178,8.059795760267022,477.9506959751631,172.0348742522796,0.7658610565408084,0.0062804519531781,0.0110314207628348,0.006623715131233,1.726,0.136,0.125,3,1.342,1.189,6091.3,0.065,-0.074,118.5,-120.2,4.252,0.037,-0.036,0.089,0.17,-0.137,0.031,-0.031,1.3976704130168487,True,False,0.027458307557117072
286,12307497,9.61801023652169,8.014583092843631,216.6330878344069,227.2440344215262,0.3264163912216446,0.0027904747465405,0.0110073269671519,0.0022487366405421,1.88,0.152,0.14,5,0.815,0.874,5628.4,0.035,-0.044,129.5,-112.2,4.554,0.019,-0.028,-0.263,0.121,-0.156,0.024,-0.022,1.3232717564894183,True,False,0.01543351484817574
287,6542478,9.599756113621227,8.206259210087193,377.0082776819894,367.4463817376036,0.5112728628569264,0.0016442177949794,0.0033385358701669,0.0021980144298438,5.98,0.674,0.617,4,1.513,1.208,6117.7,0.081,-0.103,187.6,-152.4,4.147,0.071,-0.066,-0.006,0.155,-0.167,0.121,-0.118,2.509730775945391,False,False,0.045738961719509294
288,3644785,9.59695660817343,7.715746194555437,119.6895129770944,393.89231326923624,0.4660275436189922,0.0025592992283873,0.0179276021912887,0.0107270127520527,3.625,0.46,0.405,11,1.557,1.017,5608.3,0.082,-0.077,123.0,-116.3,4.045,0.081,-0.074,0.032,0.168,-0.171,0.151,-0.134,9.734771464741518,False,False,0.028389229007001873
289,5783898,9.507612950369158,8.487042119806343,379.06504724741393,501.35565816190854,0.7905816067838706,0.0067788436751037,0.00745687654171,0.0067002540378357,2.11,0.173,0.153,3,0.744,0.788,5220.8,0.035,-0.047,98.7,-93.9,4.589,0.021,-0.032,-0.25,0.124,-0.155,0.021,-0.019,0.4153416816793121,True,True,0.06498009424969715
290,5164236,9.495262866241966,8.280928649171983,231.27324055599897,182.53173115804395,0.0847572120027396,0.003017661148825,0.0079122194896766,0.0041795428439965,3.556,0.276,0.286,4,0.871,0.914,5631.0,0.038,-0.047,99.9,-96.6,4.518,0.024,-0.034,-0.124,0.119,-0.12,0.025,-0.024,1.344571415430578,True,False,0.08764425301711407
291,6679014,9.494994030065522,7.942478038579381,493.14230620422506,140.89468397015168,0.6679775197908112,0.003985601164649,0.009519799112681,0.008649385010771,2.136,0.191,0.173,3,1.133,0.958,5668.8,0.073,-0.07,109.6,-104.5,4.305,0.051,-0.052,0.028,0.14,-0.169,0.048,-0.046,0.8299981734427934,True,True,0.010843406309388874
292,8872848,9.44341287335792,8.34499391093369,376.2621184927852,218.38478461751612,2.8585228911593994,0.0052389390550809,0.0137832932723614,0.0110133652154077,9.014,2.062,1.73,4,3.361,1.539,5521.3,0.212,-0.192,116.1,-113.2,3.545,0.119,-0.122,-0.044,0.163,-0.213,0.755,-0.587,7.243030789111026,False,False,0.049745429771162954
293,12156268,9.349991695746793,7.921159913436596,491.3706407660628,354.598621058562,0.416710841078165,0.0084806793740536,0.0085523158776817,0.0084097260586484,1.367,0.133,0.114,3,0.781,0.758,4698.8,0.025,-0.023,87.4,-85.3,4.527,0.023,-0.024,0.186,0.1,-0.108,0.03,-0.025,0.2183456349496332,False,False,0.0418197496884985
294,3347769,9.337993268050312,7.976010331080051,337.40955324966023,607.8162988833528,0.4364327990714304,0.0070689266593384,0.0150499194444336,0.005995466637802,3.552,0.324,0.283,3,0.814,0.8,4991.2,0.045,-0.037,90.2,-84.4,4.515,0.039,-0.034,0.069,0.128,-0.128,0.028,-0.027,0.479754440519152,True,True,0.03774790916289298
295,7014051,9.321996238512012,8.151105187315533,398.14634777051657,225.22021604075775,0.5901151716052946,0.0078426980958483,0.016262392738348,0.0081504567609433,1.524,0.128,0.115,4,0.804,0.856,5477.6,0.037,-0.049,97.7,-94.1,4.558,0.022,-0.034,-0.196,0.131,-0.162,0.026,-0.024,0.5208506656737611,True,True,0.005668485518687843
296,3240793,9.29615294603287,7.994373713403997,629.1026026934395,303.2233678494427,0.7280112642039116,0.0058636538422706,0.0076561088544677,0.0050412886743737,3.392,0.251,0.243,3,1.358,1.357,6986.2,0.038,-0.044,162.7,-142.0,4.302,0.021,-0.025,-0.1,0.109,-0.119,0.036,-0.033,1.5670313829230875,False,False,6.2833632492201395e-06
297,11904750,9.29201262114948,7.978323904607763,252.307175530069,294.38800943026854,0.4369614060221974,0.0053896281226727,0.0186695880747006,0.0033210667833686,2.025,0.188,0.164,4,0.791,0.806,5071.5,0.044,-0.048,91.6,-84.4,4.545,0.034,-0.039,-0.03,0.134,-0.13,0.028,-0.027,0.7074816758828744,True,True,0.10540469652835664
298,10992745,9.244627823462158,8.146640387023577,195.0415338274082,281.80108007235333,0.1374358444518596,0.0023185117028501,0.0063300160662379,0.0050827459835161,2.568,0.234,0.236,4,0.703,0.719,4622.6,0.034,-0.032,86.6,-81.9,4.599,0.024,-0.026,-0.004,0.12,-0.118,0.021,-0.022,0.585847706580817,True,True,0.10309278350515463
299,6277765,9.237457702787902,8.270336662758323,416.3283175482352,219.59551468415754,0.6828857914115584,0.0076202423588211,0.0142118111300974,0.0090834242045552,1.961,0.164,0.148,4,0.844,0.886,5517.8,0.041,-0.054,97.0,-95.2,4.531,0.025,-0.039,-0.117,0.128,-0.154,0.027,-0.026,0.5431146236770993,True,True,0.031142533489852204
300,4934148,9.22623248565851,8.102891183045696,216.99760903416427,259.09897951086407,0.2335944310109754,0.0030720466435156,0.014936918926093,0.0034379815288985,3.544,0.331,0.32,3,1.254,1.07,5933.4,0.077,-0.082,123.1,-116.6,4.263,0.053,-0.055,0.019,0.137,-0.166,0.066,-0.062,3.4068278593440247,False,False,0.03574705816798441
301,3965889,9.220745085846076,7.799917597914248,281.5125019523153,274.9505122550503,0.2598964269372244,0.0058812037098831,0.0120280899744355,0.0084657830534634,3.243,0.335,0.308,4,0.96,0.947,5677.2,0.063,-0.067,114.8,-111.4,4.445,0.049,-0.062,-0.032,0.144,-0.156,0.058,-0.052,1.2772683185411315,True,False,0.07508191253880936
302,3764597,9.19205675102914,8.370068916236603,386.0479615127557,249.4974928510432,0.681213504629794,0.0025614715873284,0.0052000443264709,0.0024970901759076,1.785,0.135,0.124,3,1.196,1.1,6061.5,0.071,-0.079,113.2,-111.5,4.321,0.035,-0.04,-0.012,0.147,-0.176,0.023,-0.022,1.5201077238618688,True,False,0.010539443014178008
303,11190129,9.183971138786804,7.990183060565363,370.10216545523446,420.89186530549034,0.6131774264157132,0.0059923789614647,0.0093607846437805,0.0059888551570047,2.335,0.183,0.174,3,1.588,1.264,6354.3,0.053,-0.064,126.2,-127.1,4.134,0.033,-0.036,-0.106,0.155,-0.155,0.044,-0.042,3.1350969150642105,False,False,0.1414141414141414
304,11904090,9.15446439000536,8.17890078652796,319.1949419933363,142.12722872189994,0.2050753763804028,0.0030014983031327,0.0055061809567955,0.0054009914817502,2.028,0.186,0.181,3,0.807,0.788,4883.1,0.038,-0.03,85.2,-80.9,4.515,0.035,-0.028,0.132,0.123,-0.118,0.027,-0.026,0.4711039556292793,True,True,0.0016180525756310726
305,3342344,9.138419744004304,7.874282155253471,418.84605036544747,345.3557424166083,0.6474471959004914,0.0108959804296217,0.0125827229648945,0.0081982679164361,3.15,0.285,0.263,3,1.451,0.996,5629.0,0.08,-0.072,117.0,-112.9,4.108,0.053,-0.05,0.035,0.166,-0.166,0.062,-0.059,1.6022417391276642,True,False,0.0044917947827397735
306,6280978,9.135947310213506,7.938058172349963,375.3882583396379,495.7023322621509,0.4038740518821288,0.0072588307031923,0.0117712503017097,0.0054001693327531,3.145,0.272,0.258,3,1.302,1.104,5998.5,0.074,-0.083,119.2,-113.4,4.246,0.041,-0.046,0.019,0.131,-0.176,0.048,-0.044,1.799997987126191,True,False,0.020413736399628565
307,6928576,9.108875859969528,8.294669021294032,317.80622730350007,266.4150229734015,0.1924800220270498,0.0027143162293389,0.0062062778482789,0.0040736833297845,3.539,0.331,0.32,3,1.179,1.046,5907.5,0.076,-0.079,117.2,-113.4,4.305,0.056,-0.057,0.002,0.156,-0.151,0.065,-0.061,1.8105366893454784,False,False,0.003263436995950496
308,3661696,9.09024974776199,7.949593267960195,224.4578973528514,424.08781056035707,0.3269819120566966,0.0010312357332839,0.0053327122929494,0.0046279898953592,2.818,0.281,0.251,5,0.994,0.914,5537.9,0.069,-0.066,110.8,-108.8,4.397,0.059,-0.06,0.022,0.144,-0.16,0.054,-0.05,1.7229639702198245,True,False,0.125
309,11391985,9.065347330453228,8.18006311982981,98.47697537200408,179.4660171902342,0.1476484018545984,0.0007121932382894,0.0073223939330144,0.0030611181536701,1.247,0.096,0.097,11,0.978,0.995,6295.1,0.037,-0.052,113.1,-112.2,4.454,0.023,-0.033,-0.479,0.126,-0.13,0.019,-0.018,7.785859181254395,False,False,0.019625153689230807
310,3100179,9.061487118961242,8.244397004785741,368.5291968676409,156.29488271855476,0.3145911551878014,0.0029479929769806,0.00415257681841,0.0040214807924203,2.681,0.215,0.2,4,0.794,0.821,5531.2,0.038,-0.047,98.3,-97.1,4.551,0.028,-0.04,-0.356,0.118,-0.131,0.019,-0.018,0.5994098292369346,True,True,0.12941176470588237
311,5612463,9.030082068151213,8.351907790161379,362.1632656983165,165.75261269435663,1.6834360416587026,0.0023825167136043,0.0091529790503931,0.0083877828823432,5.305,1.367,1.084,3,2.665,2.703,10369.5,0.299,-0.261,579.0,-485.4,3.987,0.148,-0.165,-0.022,0.16,-0.156,0.694,-0.497,41.390532401261545,False,False,0.05181264595051127
312,9573875,9.001965557134216,8.41914574005459,370.43874376721527,475.57060925858,0.756684558343063,0.0068508061712215,0.0117630353602835,0.0032402435137107,1.621,0.137,0.121,3,0.634,0.642,4236.2,0.021,-0.018,76.2,-51.6,4.64,0.02,-0.029,0.008,0.114,-0.11,0.021,-0.017,0.1537067355332924,False,False,5.03859966794368e-05
313,10290918,8.970388494612926,8.03296671498597,341.4022814289334,163.36234619212865,0.2951263150205644,0.0048021183124343,0.0126257346987335,0.0075029896666208,3.658,0.419,0.388,5,1.455,0.988,5997.1,0.081,-0.069,127.9,-123.5,4.097,0.07,-0.069,-0.345,0.147,-0.154,0.12,-0.112,2.7742922992767967,False,False,0.034924273457228656
314,9368440,8.95432677310329,7.925601160611795,374.4871153670664,259.45661457065097,0.2514834513677508,0.005730850782412,0.0099591771572018,0.0053693597701477,2.549,0.224,0.209,3,0.889,0.901,5495.5,0.051,-0.063,107.9,-106.6,4.493,0.033,-0.045,-0.032,0.135,-0.152,0.024,-0.023,0.6737859562308053,True,True,0.13402061855670103
315,7871423,8.912070505764982,8.094300134057239,368.3447459023727,235.02870604831583,0.3097136939200344,0.005153267666023,0.0058261981080724,0.0056544955223188,3.459,0.368,0.335,4,1.011,0.989,5810.9,0.065,-0.071,110.7,-107.4,4.417,0.053,-0.067,-0.036,0.146,-0.158,0.071,-0.062,1.0609866354402382,True,True,0.006250927282405183
316,3756866,8.873363336279356,8.382137751885647,300.3171400627669,335.25498347555356,0.6318152714056912,0.0018137350754824,0.0037096711469351,0.0035170257544517,2.333,0.17,0.161,4,1.169,1.181,6419.9,0.037,-0.054,118.8,-116.6,4.373,0.018,-0.028,-0.122,0.127,-0.161,0.027,-0.025,2.4345302378600318,False,False,0.008532876076012927
317,6501749,8.80131431482168,8.255068042642353,336.5267260566229,147.03642381929893,0.618066741681663,0.0019918996776932,0.0056120945834605,0.0033717890447847,3.529,0.261,0.249,3,1.475,1.293,6703.3,0.052,-0.044,144.7,-143.9,4.209,0.031,-0.031,-0.171,0.163,-0.168,0.039,-0.038,3.734256597688295,False,False,0.0008212004264090134
318,8098886,8.78570171057886,7.963954947909907,450.4811043194088,660.1241567049442,0.1022606002336386,0.0063821266615796,0.0084996974978554,0.0053742834337214,4.481,0.384,0.39,3,0.85,0.853,5286.8,0.052,-0.056,103.5,-96.6,4.506,0.041,-0.048,-0.015,0.138,-0.145,0.033,-0.031,0.429482064887207,True,True,0.07011456864593951
319,11767038,8.778402480171579,7.872713360439332,603.084491889652,132.5196366504417,0.4832421660681598,0.0021743138432191,0.007561253058155,0.0072450499743643,2.301,0.216,0.184,3,0.757,0.769,4804.4,0.038,-0.036,84.4,-78.5,4.562,0.031,-0.031,0.06,0.123,-0.117,0.024,-0.023,0.1684462567658058,False,False,0.06318432361059598
320,2848432,8.773275488152949,7.788985950219011,384.1661640890615,637.2026203212572,0.560100306707139,0.0120709204784621,0.0121084180473003,0.0119830459086202,3.187,0.395,0.351,3,1.149,0.969,5686.9,0.076,-0.073,115.5,-110.0,4.29,0.081,-0.081,0.026,0.141,-0.168,0.108,-0.096,1.2205413498234583,True,False,0.03463173728986435
321,10874182,8.767895702583095,8.322472775556008,94.13017479986922,149.09408215318152,0.1693903505505966,0.000789563511324,0.0076314654951996,0.0042940321690569,2.993,0.224,0.228,11,2.115,1.384,6377.1,0.066,-0.124,123.3,-128.7,3.923,0.031,-0.048,-0.106,0.119,-0.165,0.054,-0.053,33.056994683134455,False,False,0.05341863112012129
322,4755706,8.759512719834026,8.11259410147375,376.93402764219314,258.1801049473824,0.1394018889296898,0.0048212939210484,0.0074323822247847,0.0046777944788005,3.794,0.346,0.346,4,0.964,0.846,5204.6,0.04,-0.03,88.8,-79.9,4.39,0.043,-0.038,0.132,0.129,-0.124,0.045,-0.042,0.6651780586074216,True,True,0.043415019080071164
323,8311499,8.753952148974408,7.68942048099071,324.97549810662207,443.7841675444886,0.3331656358862014,0.008004071564121,0.0174179523115348,0.0072979127485989,2.196,0.216,0.194,4,0.795,0.813,5140.4,0.047,-0.051,112.0,-103.7,4.544,0.036,-0.046,-0.057,0.141,-0.147,0.038,-0.036,0.5361205420321815,True,True,0.0010171075727861089
324,9588279,8.721008031142867,8.081375355845946,392.098356189089,495.73921136148505,0.511159194084779,0.0025047007091317,0.0022499820382457,0.0016313514725333,2.099,0.195,0.167,3,0.791,0.788,4927.7,0.043,-0.037,90.2,-83.8,4.533,0.036,-0.032,0.057,0.128,-0.124,0.027,-0.025,0.3562809679549087,True,True,0.005719531717947418
325,9664840,8.717049055465294,7.998970194221329,685.3940462624661,160.54434479763432,0.5998889699299668,0.0076958038691281,0.0079602721039198,0.0076647654783989,2.117,0.183,0.168,3,0.973,0.974,5768.0,0.057,-0.068,107.8,-105.1,4.447,0.038,-0.049,-0.044,0.136,-0.154,0.04,-0.038,0.4174356305632729,True,True,0.17708333333333334
326,11861469,8.675867010805252,7.999810482365839,463.3073241568595,167.23314884321346,0.5080539969552555,0.0019707956813637,0.0057012037795755,0.003054460635568,2.204,0.19,0.173,3,1.187,0.954,5637.8,0.073,-0.07,111.4,-106.2,4.264,0.047,-0.048,0.026,0.152,-0.166,0.041,-0.039,0.9705592489945236,True,True,0.03130564780729249
327,9033789,8.673651048377582,7.846568772611518,350.91452775291384,218.79748803719733,0.5240939964733936,0.0023939575085549,0.0077857526365006,0.0074849602307764,1.715,0.136,0.128,4,1.207,1.118,6110.6,0.07,-0.079,113.2,-118.0,4.32,0.036,-0.041,-0.014,0.149,-0.173,0.03,-0.029,1.7939454696016055,True,False,0.006103036182662739
328,7367233,8.646595976928706,7.586747166996899,371.7000825750076,168.86718312384022,0.6396455904520127,0.0148211063103496,0.0317124759317763,0.0121400999221896,2.31,0.224,0.198,3,1.132,0.876,5338.2,0.047,-0.034,90.1,-76.7,4.268,0.044,-0.041,0.12,0.122,-0.157,0.051,-0.048,1.0086289582841257,True,True,0.23076923076923078
329,7670990,8.64550247877115,7.90290010700592,548.5574314926049,199.78884198732027,1.1386646604526895,0.0080101179899447,0.0119027376798279,0.0103549586874426,2.44,0.201,0.189,3,1.547,1.174,5992.7,0.07,-0.099,106.6,-102.7,4.124,0.037,-0.046,0.014,0.136,-0.159,0.051,-0.051,1.463085221053097,True,False,0.0010738426076549181
330,7439609,8.602554338802193,8.05301558327264,369.84604526922095,303.1214915598216,1.1394352984093326,0.0109092750740713,0.0164785560053135,0.0075604569253378,2.595,0.213,0.2,4,1.535,1.198,6080.3,0.066,-0.092,116.4,-103.1,4.138,0.037,-0.043,-0.028,0.167,-0.143,0.053,-0.056,2.5551378648344327,False,False,0.010821188142960424
331,5193587,8.59880181749466,8.656931149780064,404.8900838103822,369.03109743297205,0.0584993633318542,0.0028482973482886,0.0046031754340349,0.0024374980560127,5.416,0.435,0.428,3,0.987,1.016,6007.3,0.052,-0.061,111.2,-106.2,4.453,0.032,-0.041,-0.143,0.141,-0.167,0.049,-0.046,0.9939015662963384,True,True,0.004122950232762161
332,10667811,8.587417812888557,7.9103781553519505,411.2242946889564,452.224718852304,0.8038589774476356,0.0081059475815976,0.010914177568423,0.0063507375752781,4.393,0.436,0.39,3,1.331,1.052,5837.7,0.084,-0.082,114.6,-110.7,4.205,0.056,-0.058,0.025,0.137,-0.168,0.078,-0.074,1.5509734056453917,True,False,0.2631578947368421
333,5273236,8.584426784937,7.953843408485602,371.63522146991625,356.3447210739471,0.4346355471652832,0.0061870631059518,0.006882721670904,0.0067130891710253,1.404,0.128,0.111,3,0.633,0.638,4199.1,0.015,-0.013,61.7,-37.4,4.635,0.024,-0.036,0.042,0.112,-0.108,0.026,-0.016,0.1484378511793826,False,False,0.00760616176029355
334,3972207,8.57683950566065,8.329123839512492,253.24350081644627,219.14787737404998,0.7171726793760136,0.0014863014772596,0.0056619828229342,0.0014883156007558,3.413,0.252,0.237,3,1.612,1.35,6561.8,0.068,-0.057,130.3,-144.3,4.151,0.031,-0.031,0.032,0.144,-0.185,0.038,-0.035,5.80474515699314,False,False,0.0025170920938389052
335,11602613,8.567643377741298,7.988056884741196,325.1030885559329,151.4841042515499,0.3850403319344484,0.0056195608293344,0.0114518016236224,0.008936040344453,4.756,0.481,0.461,3,1.971,1.173,5777.3,0.079,-0.077,117.5,-110.8,3.908,0.057,-0.05,0.017,0.159,-0.164,0.12,-0.115,4.161793218163489,False,False,0.08186851835715846
336,4072078,8.548799711343191,7.976134927975941,155.14953182074066,127.55963274293711,0.412225255935997,0.0016929702623715,0.005488305489891,0.0050829688138185,1.752,0.136,0.132,8,1.755,1.331,6731.8,0.058,-0.051,143.1,-145.3,4.071,0.03,-0.03,-0.256,0.15,-0.164,0.044,-0.046,14.766122674590328,False,False,0.15730337078651685
337,4383920,8.494731023506256,7.918027114044567,183.74352212219804,243.37399235940424,0.4011167636744118,0.0022031781598227,0.0083176701031098,0.0063253882521977,3.772,0.329,0.325,4,1.915,1.307,6079.6,0.093,-0.141,209.2,-160.7,3.985,0.039,-0.045,0.035,0.141,-0.166,0.06,-0.086,9.512461713585292,False,False,0.01806801155048195
338,10267299,8.489455511417718,7.894761610975603,365.3761698787097,325.8554088101318,0.7974119668839852,0.0057700869876232,0.003722917437119,0.0036337832283951,3.046,0.283,0.26,4,1.557,1.093,5821.7,0.11,-0.083,111.9,-109.1,4.09,0.054,-0.06,0.033,0.17,-0.162,0.082,-0.078,2.374768473974996,False,False,0.10022296075362117
339,9532073,8.481893937683067,8.112340653409188,69.14432142578272,543.4005257124201,0.0779979756147646,0.0004210366078071,0.0057654844222428,0.0033590434662344,2.876,0.284,0.276,12,0.616,0.6,3975.7,0.023,-0.025,97.8,-96.5,4.632,0.026,-0.024,0.202,0.125,-0.13,0.029,-0.031,1.1144348307119218,True,False,0.0510156759614774
340,3128176,8.451819629469515,7.920058412821419,227.6443979137548,182.8714989464747,0.3869122540483692,0.003667880348877,0.0106637250573089,0.0049877457096106,1.806,0.138,0.132,5,0.998,1.042,6210.9,0.033,-0.047,117.7,-111.8,4.456,0.017,-0.025,-0.26,0.13,-0.171,0.022,-0.022,2.4435307209551773,False,False,0.033133594098613335
341,7419577,8.423033016843341,8.236620032887158,674.2768195073866,212.42817875151718,0.1368309446322248,0.0043426658882318,0.0062575593999375,0.004793606191758,3.284,0.257,0.27,3,0.882,0.927,5280.7,0.04,-0.051,83.7,-81.3,4.514,0.024,-0.035,0.221,0.12,-0.124,0.018,-0.017,0.2523813672922718,False,False,0.04153526595233597
342,8478920,8.416134260343103,7.904082075814558,653.6985164900887,253.63299911111324,0.4493005069939182,0.0074557087585504,0.0145628916598758,0.0025939174241268,1.774,0.153,0.142,3,0.968,0.925,5575.0,0.067,-0.069,103.2,-102.7,4.429,0.043,-0.048,0.009,0.143,-0.157,0.029,-0.028,0.3964773970759557,True,True,0.02207913590444951
343,8082207,8.413987520546671,8.222488803116846,532.8642185046881,372.99663050315223,0.7164503251632702,0.0053189685493686,0.0075562127702311,0.003699288530504,1.564,0.124,0.112,3,0.804,0.818,5530.5,0.042,-0.05,98.6,-97.2,4.538,0.032,-0.041,-0.354,0.123,-0.133,0.019,-0.018,0.3766845326178282,True,True,0.004250914414206881
344,3458694,8.409384282618985,8.039449382749078,194.99717529150288,399.46231834231537,0.1122726641536302,0.0028856816406644,0.0130970459842596,0.0044227145179246,4.413,0.418,0.407,4,1.008,0.984,5781.9,0.065,-0.073,116.4,-113.6,4.419,0.048,-0.058,-0.023,0.141,-0.156,0.056,-0.054,2.4098323119453795,False,False,0.0596291012901065
345,9846039,8.400667177046177,8.055157678591026,132.5367400987359,246.54193539147525,0.2509142360926328,0.0014407237065786,0.0082696658908942,0.0045215001716792,2.604,0.209,0.205,8,1.494,1.394,6875.4,0.066,-0.062,146.2,-142.1,4.231,0.031,-0.033,0.011,0.119,-0.15,0.044,-0.041,13.925766616617803,False,False,0.003736743557836361
346,11651169,8.386785940615903,7.906226935564878,185.21578495499205,297.99597801714685,0.1843317717799732,0.0032679923450238,0.0101543860162382,0.0072751775790951,2.08,0.183,0.183,7,1.07,1.007,5515.9,0.059,-0.059,103.3,-100.9,4.378,0.04,-0.039,0.325,0.12,-0.134,0.028,-0.026,2.362130134255028,False,False,0.11494252873563218
347,6287336,8.313224457882567,7.802589072205353,475.7359299763631,158.31467127741598,0.4287294947735306,0.0062607568273184,0.0121955369225951,0.0025412622222363,2.307,0.201,0.188,3,0.973,0.97,5750.9,0.057,-0.068,102.3,-101.7,4.446,0.037,-0.047,-0.037,0.137,-0.152,0.035,-0.033,0.6712190477868528,True,True,0.027434181651766254
348,9602092,8.291431874051472,7.86806746194295,521.9569193536038,232.2295992693069,0.7174631274620128,0.0085294079233329,0.002911862681602,0.002858246533233,2.317,0.215,0.193,3,1.129,0.9,5470.2,0.065,-0.054,108.7,-97.7,4.281,0.052,-0.05,0.047,0.148,-0.147,0.053,-0.05,0.6911551592633001,True,True,0.18072289156626506
349,11460697,8.274638237512667,7.631349853425038,463.8477128492648,134.68250673364926,0.3864766267885258,0.0078027079216759,0.0143039810862418,0.0096931802132984,1.983,0.192,0.168,3,0.669,0.699,4838.6,0.037,-0.037,87.7,-83.5,4.63,0.022,-0.027,-0.287,0.139,-0.161,0.027,-0.026,0.2045442478425869,False,False,0.08914723625548843
350,10468944,8.201737377153817,8.08370861141137,694.5701133406117,171.50129940817712,0.6546845842155512,0.007636717638292,0.0149174852394629,0.0027497771231772,1.253,0.112,0.095,3,0.712,0.701,4696.4,0.03,-0.02,80.7,-72.6,4.576,0.022,-0.014,-0.09,0.093,-0.1,0.012,-0.012,0.1194486210489621,False,False,0.043212066684633246
351,7732163,8.188957685190205,7.742936366823501,383.5940856680159,183.89238689387216,0.4221492921550448,0.007758307003137,0.0162824386265274,0.0095566812392131,2.187,0.222,0.193,4,0.792,0.785,4886.9,0.04,-0.037,93.7,-89.3,4.528,0.043,-0.04,0.088,0.137,-0.128,0.041,-0.038,0.3586852776411224,True,True,0.06112223999598705
352,5868190,8.166234236799694,7.885688740080807,357.08218459028024,517.5352533954979,0.2962300102609924,0.0011196118449433,0.0050369883584665,0.0047074348164021,1.36,0.104,0.1,3,0.421,0.457,4188.5,0.013,-0.014,72.1,-37.2,4.847,0.016,-0.019,-1.153,0.102,-0.12,0.008,-0.011,0.0855628904831082,False,False,0.055108873064106514
353,10552163,8.080139102161048,7.881843118962752,172.34196376370073,182.7604892032886,0.3621873557184036,0.0011275396866573,0.0033002149357313,0.0024600313734111,1.703,0.164,0.135,5,0.708,0.718,4524.4,0.031,-0.027,78.1,-75.6,4.591,0.024,-0.021,0.09,0.114,-0.11,0.016,-0.016,0.6428824019110495,True,True,0.10752688172043011
354,5782566,8.062048104764713,7.948995950359757,374.5820090826651,300.4894015616362,0.2720034939064324,0.0051814425482744,0.0123147009351141,0.0059885979018956,2.869,0.388,0.341,4,0.934,0.956,5806.1,0.073,-0.074,115.0,-110.1,4.47,0.056,-0.081,-0.125,0.166,-0.195,0.103,-0.082,0.9089732563567624,True,True,0.006379748941551997
355,6103433,8.0538651691502,7.94618247493558,209.23121680721928,170.25223944953154,0.3680934681371176,0.0017993641573461,0.0102070730904807,0.0026511549380293,2.192,0.66,0.416,6,0.902,0.807,5435.1,0.051,-0.045,111.1,-108.5,4.395,0.123,-0.233,-0.266,0.143,-0.143,0.309,-0.125,1.6868266780238426,True,False,0.13580246913580246
356,10583381,8.053442358386002,7.950955109329453,653.7010138822943,253.62125237825126,0.1927492525080766,0.0087051328399617,0.0077811924788579,0.0064151045093289,3.496,0.297,0.301,3,1.088,0.888,5433.5,0.062,-0.049,107.5,-93.3,4.309,0.044,-0.039,0.062,0.136,-0.157,0.035,-0.035,0.4643963025649414,True,True,0.02598873977738684
357,12256440,8.043600042908832,7.889056246957252,249.4799885142652,235.1361372022067,0.2006363745853242,0.0024613438606986,0.0058918626183375,0.0046219090415088,2.524,0.226,0.215,4,0.724,0.733,5233.0,0.038,-0.039,93.9,-86.6,4.58,0.034,-0.037,-0.451,0.122,-0.124,0.024,-0.023,0.726715233854953,True,True,0.003189665271559974
358,12202531,8.038753802397475,8.21326454814717,378.15721876676656,426.50296060592575,0.1407707175282434,0.0039920356388706,0.007196333691697,0.0049544787105181,4.659,0.344,0.358,3,1.53,1.153,5959.7,0.074,-0.096,104.0,-108.8,4.127,0.034,-0.046,0.017,0.136,-0.157,0.039,-0.038,2.32136454544892,False,False,0.00029623835081749825
359,9531026,8.030922039674254,7.6693254877749935,95.12608410846674,1306.3437771676197,0.0961391255878212,0.0040052735144385,0.0065914033935205,0.0038881842158361,4.782,0.559,0.518,3,0.96,0.897,5474.4,0.065,-0.062,112.3,-107.3,4.415,0.072,-0.078,0.016,0.144,-0.158,0.08,-0.069,4.920647198964699,False,False,0.005050046521468909
360,3002666,7.968941272893506,7.878798040784684,60.93383101787334,353.5831435563995,0.2836264188396584,0.0009699951619965,0.0087117852296422,0.0043818944977921,1.479,0.141,0.12,17,0.721,0.744,4825.1,0.037,-0.039,95.7,-83.7,4.593,0.024,-0.029,-0.084,0.115,-0.118,0.024,-0.023,3.3673602014420747,False,False,0.20224719101123595
361,7868722,7.892999882848576,7.881013777345349,293.7263413846373,350.59020069975566,0.1463510103917032,0.0065181249161618,0.0143223693655053,0.0053533862116017,1.368,0.116,0.119,3,0.775,0.782,5121.9,0.043,-0.046,86.1,-82.2,4.55,0.03,-0.031,-0.148,0.114,-0.11,0.013,-0.013,0.5873218141242421,True,True,0.022180304464852293
362,2860358,7.890479407381433,7.578465279131331,426.2997978008036,323.65189655304744,0.4999950007645142,0.0167007252069875,0.0339886657117645,0.0130596847229936,3.25,0.316,0.292,3,1.211,1.086,6007.7,0.074,-0.08,119.2,-115.9,4.299,0.053,-0.054,-0.006,0.158,-0.15,0.064,-0.06,1.3415959158441824,True,False,0.04339706126206921
363,6277509,7.8802133548290385,8.325556422529791,353.1014500700801,344.91450124006644,0.8682547431281458,0.0038427117988969,0.0112124428916527,0.0105556481817181,1.913,0.158,0.139,4,0.787,0.823,5223.0,0.038,-0.053,94.0,-89.7,4.559,0.025,-0.036,-0.111,0.126,-0.142,0.02,-0.019,0.4960853260848131,True,True,0.05875853104326867
364,3864591,7.835661566436824,7.97634263166155,253.22604728791933,218.83796768101712,0.292265303373759,0.0026491181309096,0.0041517333639249,0.0037395901768495,2.569,0.21,0.207,3,1.474,1.244,6277.1,0.064,-0.076,132.6,-133.7,4.19,0.037,-0.039,-0.034,0.196,-0.163,0.041,-0.04,4.30626383153697,False,False,0.313953488372093
365,3352523,7.825666718738516,7.879099082952502,128.54097581510294,185.81939263613563,0.1686552705135872,0.0012805199585817,0.0092689373856518,0.0018173921691005,1.465,0.13,0.121,7,0.609,0.601,4106.4,0.014,-0.015,53.3,-76.4,4.642,0.025,-0.016,0.008,0.117,-0.114,0.019,-0.023,0.5405864562600645,True,True,0.1028449780120577
366,11076593,7.803359819397343,8.007320121502525,220.0022877207176,193.40507356380544,0.4456307535525274,0.0027134521394901,0.0074716859764035,0.0036924647325303,1.788,0.134,0.128,4,1.247,1.248,6556.3,0.035,-0.044,125.6,-123.8,4.34,0.018,-0.026,-0.093,0.119,-0.131,0.028,-0.025,4.390102095806939,False,False,0.019612033859960687
367,5369301,7.801514795757331,8.164625447635446,377.7246913949417,245.82100294678904,0.1511499337936514,0.0038137959689754,0.0054789338652442,0.0052417016828753,3.934,0.343,0.345,3,1.044,0.881,5411.0,0.062,-0.048,106.0,-91.7,4.339,0.05,-0.045,0.06,0.139,-0.154,0.045,-0.043,0.8829821309773083,True,True,0.08728362254689292
368,7960463,7.792023226826373,7.821656476541638,374.6891838656349,373.9133244306771,0.4732573077602642,0.0052934327115556,0.0154151356615687,0.0024861660654688,1.476,0.129,0.114,4,0.761,0.808,5305.9,0.033,-0.047,96.7,-93.3,4.581,0.02,-0.032,-0.243,0.132,-0.157,0.018,-0.018,0.4619025000086789,True,True,3.539170271287592e-05
369,10139864,7.788526836213142,7.834004300126528,713.1985049006751,162.45618737683972,0.7159263187662293,0.0087537384484625,0.0141984952039087,0.0076704264139044,2.265,0.191,0.177,3,0.985,0.992,5831.3,0.054,-0.068,106.2,-104.3,4.445,0.032,-0.043,-0.052,0.129,-0.155,0.032,-0.031,0.4180131267981269,True,True,0.04932070995672077
370,2284644,7.768744935388879,7.764702143246372,464.87237701084456,348.8994790054461,0.4269287186964048,0.0075412248809352,0.0099102442229144,0.0065287335504604,2.462,0.198,0.192,3,1.11,1.038,6204.6,0.065,-0.069,122.9,-121.4,4.36,0.037,-0.042,-0.278,0.145,-0.142,0.029,-0.028,1.1681154781857566,True,False,0.02716488284661553
371,8678178,7.764925194249816,7.881150708427604,373.225096118359,170.89129465734405,0.31357340731932,0.0054086318347287,0.0052319321138075,0.00507889755142,2.311,0.219,0.193,3,0.658,0.659,4246.3,0.031,-0.023,79.5,-56.7,4.62,0.026,-0.027,0.097,0.123,-0.12,0.023,-0.024,0.1623642917916384,False,False,0.13
372,6037213,7.753804105028971,7.941682721588048,350.2970794319977,539.0798201704367,0.6766450048078066,0.0130442997661968,0.0329356175221625,0.0096020238310826,2.04,0.174,0.158,3,0.808,0.854,5425.3,0.039,-0.052,92.6,-91.1,4.553,0.024,-0.037,-0.155,0.125,-0.16,0.026,-0.025,0.5991312278552983,True,True,0.05311728808649697
373,5192213,7.697876676606212,7.867086073365365,191.32040551221408,253.8543903149323,0.2615191441787538,0.0041215819066215,0.0107667135515299,0.0072313051475383,2.318,0.192,0.192,7,1.665,1.266,6038.4,0.058,-0.098,116.4,-104.7,4.091,0.034,-0.035,0.098,0.145,-0.134,0.042,-0.04,6.788097466081657,False,False,0.1375
374,10752850,7.69677578737307,7.812517028698978,213.052646884318,241.00380768321355,0.3100752585933304,0.0030511351562265,0.009781131426631,0.0070648126283177,3.815,0.385,0.36,5,1.461,1.22,6206.6,0.068,-0.087,139.5,-125.3,4.182,0.055,-0.053,-0.028,0.173,-0.16,0.089,-0.084,5.230076749414633,False,False,0.25
375,3560781,7.695796991159762,8.168031972630143,371.9508569941563,456.28120030768497,0.190893048467924,0.0007149878316314,0.0044789052491369,0.0043477742008434,4.931,0.497,0.477,4,1.266,1.038,5835.9,0.081,-0.081,117.2,-113.3,4.24,0.06,-0.062,0.026,0.132,-0.168,0.083,-0.079,1.6250231798009789,True,False,0.078224350635093
376,10227570,7.69425076967026,8.01916917922982,589.9662394100443,381.10224669118975,0.1524275995318796,0.0014521970922526,0.0025288957448081,0.0022949237729428,3.111,0.263,0.274,3,0.675,0.688,4423.9,0.028,-0.025,78.9,-73.6,4.615,0.021,-0.021,0.034,0.115,-0.111,0.016,-0.015,0.1064618326825517,False,False,0.08356029594162305
377,6290636,7.692120470731346,7.671409141856381,481.5894367801737,445.2742836590748,0.71801859190796,0.0109720977730872,0.0118377555605384,0.0066503139823996,2.244,0.18,0.171,3,1.524,1.2,6103.2,0.065,-0.087,122.7,-108.2,4.147,0.031,-0.039,-0.035,0.146,-0.14,0.037,-0.038,1.7881478162961242,True,False,0.01694813755694635
378,3356484,7.679682507533048,8.010518676258142,539.1632382867399,340.48797754322925,0.5720725167746538,0.0069368571404062,0.0136236401355057,0.0021978463231727,1.856,0.157,0.146,3,0.673,0.732,5401.3,0.027,-0.034,101.4,-97.6,4.646,0.023,-0.023,-0.732,0.143,-0.145,0.02,-0.027,0.2547466295931773,False,False,0.10117981302447081
379,6890121,7.641170163474751,7.74005771246263,627.6935195158678,218.1775722233184,0.4714865042203596,0.0089859211579593,0.0150783380044517,0.0085738127759118,2.171,0.177,0.168,3,0.98,1.023,6112.5,0.037,-0.051,118.1,-111.6,4.464,0.02,-0.028,-0.226,0.136,-0.169,0.027,-0.026,0.5793676488902972,True,True,0.15476190476190477
380,10406020,7.62121938436605,7.653220969996863,373.90648274844494,141.7811201871738,0.866880789412465,0.0060907244934279,0.0117139857165063,0.0061620494661461,2.149,0.175,0.166,4,1.769,1.326,6053.0,0.055,-0.091,119.0,-106.5,4.06,0.03,-0.037,0.171,0.143,-0.141,0.046,-0.042,3.0615473559776296,False,False,0.032154914225657694
381,4665021,7.595980931512695,8.513918434584292,472.224979473124,152.9963931943583,0.052502267980558,0.0019902868343281,0.0039445056148877,0.0026074507635452,7.56,0.794,0.734,3,1.153,1.086,6046.6,0.072,-0.078,117.5,-113.9,4.34,0.063,-0.072,-0.025,0.145,-0.165,0.099,-0.084,1.1004964083422168,True,True,0.07496663344624728
382,6035260,7.594610993158394,7.749183217694748,372.7559199979679,307.4741918451757,0.8617059832477856,0.0042456420934059,0.0050668421891039,0.0048901491614913,2.897,0.257,0.238,4,1.672,1.194,6050.2,0.081,-0.095,108.3,-105.4,4.065,0.041,-0.055,-0.041,0.131,-0.143,0.074,-0.07,2.939375961394692,False,False,0.034761938643934676
383,12110544,7.588579470462632,7.859741506280954,496.9086928443378,596.874539636585,0.3744618925294198,0.0101905299716551,0.012957948221076,0.0090161403474297,5.264,0.512,0.497,3,1.978,1.221,5922.2,0.133,-0.08,119.4,-116.2,3.926,0.063,-0.053,0.029,0.171,-0.181,0.112,-0.105,2.5349677188411475,False,False,0.15730337078651685
384,3645188,7.559359400170422,7.837879123561884,322.1029189454099,662.0449892919844,0.3108363548935012,0.0030305625373795,0.0059114076791193,0.0052253318179005,3.653,0.337,0.31,3,0.883,0.878,5397.0,0.056,-0.061,105.1,-100.7,4.486,0.043,-0.052,-0.009,0.138,-0.151,0.037,-0.034,0.7733196945794366,True,True,0.06752354009226492
385,10063027,7.533058776381841,7.512777591871524,372.2089550380655,661.1226264512009,0.5916119578656264,0.0094702674329054,0.0294097331569447,0.0241314757510081,2.811,0.294,0.263,3,1.008,0.877,5395.5,0.063,-0.049,104.0,-91.8,4.365,0.062,-0.055,0.054,0.141,-0.15,0.061,-0.057,0.8384682906895348,True,True,0.0003771845479358808
386,9664461,7.523786788517606,7.950229337540114,201.5102072647176,231.59811633361682,0.345023713673142,0.0005831389780266,0.0063551720791864,0.0062205119195359,2.93,0.264,0.25,4,1.584,1.26,6225.7,0.064,-0.083,135.7,-127.1,4.131,0.041,-0.045,-0.024,0.178,-0.159,0.07,-0.067,6.497789483712754,False,False,0.07714710102601485
387,11250428,7.520955032843624,7.841892166622227,367.7919394984897,496.27125377604114,0.1379421540570886,0.0058108825925182,0.0078002184385267,0.005593339023946,3.36,0.307,0.309,3,0.757,0.783,5023.7,0.041,-0.047,86.7,-81.4,4.572,0.028,-0.037,-0.093,0.131,-0.134,0.028,-0.028,0.3840320377883917,True,True,0.20930232558139536
388,10733713,7.511263228176434,7.927019330431338,225.98509479763112,533.1115867158968,0.1194325146531322,0.0032347691811066,0.0087582503013705,0.00474325769983,2.198,0.198,0.2,5,0.652,0.681,4750.5,0.028,-0.031,86.5,-82.4,4.641,0.018,-0.023,-0.298,0.12,-0.143,0.018,-0.017,0.4785491047963643,True,True,0.017256076742185336
389,8008091,7.492927142815768,7.919546276641109,231.88322163809107,166.20577960935574,0.337256749713392,0.0034582923107781,0.0162419304818934,0.0041398782539623,2.54,0.201,0.197,4,1.528,1.295,6768.0,0.05,-0.044,142.7,-148.4,4.179,0.029,-0.028,-0.246,0.158,-0.161,0.037,-0.036,6.821678461713969,False,False,0.0097278138720935
390,5092001,7.489813487532015,7.728433591274595,484.7801461901002,262.25168384056315,0.4244248554944158,0.0122564975009692,0.0121527498145148,0.0092540130176475,3.218,0.328,0.301,3,1.272,1.066,5910.5,0.079,-0.082,120.8,-113.3,4.248,0.058,-0.059,0.022,0.136,-0.169,0.078,-0.073,1.1880810403754634,True,False,0.1066099162097359
391,8027023,7.4878194498702015,8.04988949135977,78.77958848906393,170.29787714890355,0.0891336468093194,0.0007181530557589,0.0065924634018633,0.0028143074764201,2.417,0.206,0.209,12,0.846,0.889,5539.8,0.04,-0.054,98.3,-94.1,4.531,0.025,-0.037,-0.127,0.131,-0.152,0.026,-0.026,5.079648709124355,False,False,0.17073170731707318
392,9076700,7.459272503583925,7.9166347422540335,584.3470167508784,174.158780149476,0.633402241440677,0.0019934096538174,0.0028866307180173,0.0026403172665511,2.493,0.222,0.208,3,0.984,1.012,5983.6,0.052,-0.061,107.1,-104.1,4.454,0.032,-0.042,-0.136,0.14,-0.162,0.048,-0.045,0.5970784337305263,True,True,0.19767441860465115
393,4365182,7.457628975190254,7.698324388719037,377.8561023665205,680.5467073052246,0.3640922806876104,0.0030194362557304,0.0067485871248998,0.0064533406313485,2.773,0.26,0.24,3,0.965,0.973,5784.2,0.057,-0.066,106.6,-103.5,4.453,0.039,-0.051,-0.059,0.135,-0.157,0.048,-0.044,0.9210436859793136,True,True,0.02998719712305147
394,6277905,7.453221238167856,8.02360877990543,198.3284109444884,458.2195995298006,0.7957585292598294,0.0031812517880255,0.0098916847803492,0.0048755225549335,3.755,0.431,0.388,6,1.491,1.084,5828.1,0.102,-0.085,110.6,-108.2,4.119,0.067,-0.075,0.032,0.162,-0.164,0.126,-0.115,5.027325623971047,False,False,0.04608113740672585
395,9893585,7.44311874749387,7.906838301629386,364.9747026799705,159.0343475193658,0.825553563812368,0.0079496063304872,0.0189574196712695,0.0091728792369916,2.081,0.177,0.164,4,0.963,0.97,5760.6,0.055,-0.067,106.7,-103.5,4.454,0.035,-0.046,-0.05,0.131,-0.155,0.036,-0.034,0.944632336432698,True,True,0.053897826098707906
396,5601744,7.43941345776788,7.842973985899633,388.2451708962071,150.58906318663654,0.6565154087612844,0.0069925749715733,0.0153356472977639,0.0094062722362838,1.299,0.119,0.103,3,0.856,0.805,4883.1,0.024,-0.02,77.5,-72.0,4.475,0.025,-0.021,0.257,0.111,-0.115,0.024,-0.023,0.4009128734891549,True,True,0.028777000623075647
397,11389591,7.429564732614907,7.740168455904853,127.36735881732878,232.3711137006018,0.361047995107824,0.000493671331238,0.0059566469744508,0.0053985600240439,1.117,0.087,0.083,8,1.266,1.248,6298.9,0.044,-0.058,104.6,-121.0,4.328,0.021,-0.032,0.113,0.134,-0.136,0.026,-0.025,7.993253925020609,False,False,0.19101123595505617
398,4050243,7.403797971502785,7.695793320071213,449.8010507139494,285.644191896193,0.3473822798047894,0.0073862398873732,0.0097123518374168,0.0046711678250283,1.728,0.143,0.135,3,0.847,0.906,5707.2,0.029,-0.038,94.7,-89.4,4.538,0.017,-0.026,-0.221,0.108,-0.111,0.019,-0.018,0.554720258014693,True,True,0.09702293970198528
399,4725902,7.38250288898112,8.002711892207921,444.4104869312856,187.79072948364995,0.2987075084696768,0.00383113205165,0.0060887544885723,0.0057357225289714,3.6,0.308,0.303,4,1.415,1.261,6391.9,0.064,-0.067,128.1,-133.4,4.233,0.04,-0.045,0.002,0.163,-0.191,0.056,-0.053,1.9977896949717309,False,False,0.13414634146341464
400,8217439,7.361117431927951,7.888297962814013,123.09482038500413,206.94416234903662,0.1403726901836692,0.0013445560239287,0.0090695513844297,0.0049940199612295,2.145,0.204,0.201,12,0.734,0.736,4567.5,0.031,-0.027,81.4,-76.9,4.57,0.027,-0.021,0.152,0.117,-0.114,0.02,-0.02,1.106972413090132,True,False,0.004584971469742959
401,10033259,7.329754434408956,8.12830379679558,114.89798834607812,195.739567186881,0.0619488125775946,0.00080813966379,0.0056252720021191,0.0032259574804005,2.836,0.222,0.23,11,0.877,0.912,5587.2,0.042,-0.057,106.7,-101.4,4.511,0.025,-0.038,-0.089,0.126,-0.151,0.022,-0.021,3.353018244161308,False,False,0.022698520370146087
402,6949545,7.327614629103481,7.870321726452644,442.23536906384834,170.74406663219338,1.068026683771287,0.0064601452483226,0.0096812504107931,0.0054119363296903,3.632,0.295,0.275,4,2.016,1.417,5931.0,0.049,-0.132,105.4,-97.3,3.974,0.027,-0.045,0.324,0.12,-0.135,0.055,-0.049,2.8100627011473245,False,False,0.023601922860927774
403,5698327,7.321287981571826,7.840189497196829,478.7853924405271,153.56719448186178,1.103687329482074,0.0020984944273467,0.0064302979345112,0.0045809147842913,3.583,0.329,0.294,4,2.061,1.021,5147.6,0.081,-0.095,116.2,-107.4,3.815,0.045,-0.055,-0.018,0.167,-0.194,0.081,-0.08,1.8591178709253584,False,False,0.0006615900119603869
404,10972507,7.303652104991677,8.295580229841,358.6383929051009,275.04474861057247,0.0687320253129096,0.0024351531565555,0.0048690468196012,0.0031055572851249,1.768,0.426,0.303,4,0.957,0.827,5407.4,0.052,-0.043,99.6,-92.1,4.361,0.123,-0.185,-0.156,0.135,-0.128,0.25,-0.131,0.8779852628896382,True,True,0.01674899484274818
405,10198123,7.285670143034853,7.750947183038911,469.91669089915337,239.030119193379,0.3130176784048644,0.0076287801825795,0.0049975909840595,0.0047099884212646,2.115,0.184,0.177,3,0.975,0.945,5648.4,0.065,-0.069,102.7,-100.6,4.433,0.041,-0.048,-0.002,0.138,-0.159,0.03,-0.028,0.6487582524699962,True,True,0.016111628021168434
406,11703468,7.270469223910844,7.647928466995265,160.84554593725323,424.93306193434734,0.2466783175931694,0.0035213221330587,0.0133884777655252,0.0052675731464726,3.051,0.321,0.296,5,0.986,0.926,5579.2,0.067,-0.068,107.2,-105.5,4.408,0.061,-0.066,0.009,0.146,-0.157,0.062,-0.056,2.709055778523499,False,False,0.20238095238095238
407,4660657,7.266945774197669,8.023529907803225,216.2324256358016,313.5645145091214,0.6424036767131368,0.0007289477659428,0.003533245849456,0.0030504071842005,2.849,0.247,0.226,5,1.712,1.234,6032.3,0.076,-0.112,110.3,-107.6,4.056,0.04,-0.054,0.025,0.138,-0.16,0.073,-0.072,6.181771002364129,False,False,0.004192125251304308
408,6526893,7.251375404198519,7.769473637142416,495.2581564799044,538.0049660225056,0.3883833361638804,0.0107677559300349,0.0108890536194399,0.0013388980572021,2.221,0.203,0.187,3,0.811,0.858,5479.3,0.043,-0.052,99.6,-97.2,4.552,0.027,-0.039,-0.183,0.144,-0.168,0.035,-0.032,0.3958528240902119,True,True,0.03737528607726604
409,7604652,7.215374002980925,7.746583173940519,399.3358807599149,653.7703254037561,0.1138241869112118,0.0058887997944656,0.0071559934935052,0.0051347414754806,3.518,0.306,0.316,3,0.728,0.76,5006.3,0.038,-0.044,91.5,-85.4,4.593,0.023,-0.031,-0.173,0.125,-0.134,0.024,-0.024,0.3206456243955597,True,True,0.05125760921347369
410,3122095,7.142361211071762,7.959894267541451,386.98563514726857,184.33529142773062,0.1474226622185468,0.0029310544457808,0.0018332090383122,0.001684464201781,4.327,0.404,0.397,4,0.873,0.904,5576.9,0.051,-0.058,107.5,-101.5,4.51,0.034,-0.047,-0.094,0.136,-0.159,0.043,-0.041,0.6612828332853475,True,True,0.05512485867475541
411,4936688,7.13845557875252,7.621265706884802,241.98595115884288,241.38924961285642,0.1478367422059036,0.002274943579332,0.007340395342811,0.0050025517839139,3.791,0.431,0.398,4,1.219,1.147,6192.8,0.071,-0.078,121.0,-115.5,4.314,0.061,-0.071,-0.035,0.151,-0.166,0.102,-0.089,3.1834909976171457,False,False,0.07311582092033751
412,3656915,7.065227767584831,8.021771845825924,315.10024724950523,301.7645616448858,0.9291336803407544,0.0032173008926411,0.0079192414156596,0.0047923330321203,4.344,0.504,0.458,3,2.049,1.464,6518.7,0.094,-0.095,143.5,-136.8,3.968,0.067,-0.066,0.006,0.16,-0.157,0.184,-0.17,6.61385392990271,False,False,0.04125431498030428
413,11235607,7.055660690196547,8.167431123757597,343.0271208820446,153.71611986633084,0.0665807209987812,0.0026183211535132,0.0053373617004571,0.0032967746546017,3.462,0.275,0.286,4,0.655,0.682,4694.7,0.029,-0.031,88.4,-84.0,4.637,0.019,-0.023,-0.242,0.121,-0.139,0.019,-0.018,0.2644858136995922,False,False,0.007154687203416697
414,7826028,7.0462853052822165,7.608273285022855,262.7828332613389,389.7121404503544,0.588923755201548,0.0046366032764626,0.0068684707237345,0.005231216986591,3.202,0.321,0.294,5,1.635,1.184,5978.8,0.089,-0.099,103.4,-107.5,4.078,0.052,-0.062,0.025,0.136,-0.153,0.101,-0.091,4.325826148216793,False,False,0.13636363636363635
415,11013433,7.042850013525845,7.546887339169348,198.04125186405548,208.06643680501384,1.7667356814104367,0.0036165920670051,0.0117136670960081,0.0079265696014002,11.456,1.986,1.75,7,6.961,1.103,5182.6,0.319,-0.252,92.1,-90.8,2.782,0.129,-0.132,-1.196,0.144,-0.15,1.074,-0.938,69.0121394729639,False,False,0.0002992256777641506
416,8686685,7.00793367651878,7.898641907219103,374.7148778843083,494.5564772383191,0.7716253200572356,0.0129423546113636,0.0175398561188494,0.0072835645329637,2.177,0.198,0.176,3,0.875,0.854,5284.5,0.057,-0.054,106.8,-97.2,4.481,0.046,-0.047,0.016,0.14,-0.145,0.034,-0.032,0.5809739221185005,True,True,0.06816365934211673
417,10982485,6.975273118486296,7.595276985917621,661.1529814978958,184.94672111984073,0.4001745697059048,0.0089007609939647,0.0139424236627543,0.0076188754016922,1.494,0.124,0.118,3,0.931,0.965,5785.8,0.042,-0.062,112.6,-108.1,4.484,0.022,-0.033,-0.099,0.117,-0.148,0.016,-0.015,0.405626823674703,True,True,0.019233311615517466
418,10163557,6.925005470642075,7.885132371131869,308.56065553451,359.58033726428687,0.672492783214726,0.0035211368908467,0.007196171531348,0.0034002911242499,3.313,0.254,0.246,3,1.409,1.298,6704.8,0.055,-0.049,150.0,-143.5,4.251,0.031,-0.032,-0.121,0.151,-0.153,0.037,-0.038,3.809180259783885,False,False,0.16129032258064516
419,11288761,6.92305827283244,7.782005542039777,199.26775943098875,182.10273392211977,0.8967036270290296,0.0022027710558285,0.0107885074476141,0.004628653723395,5.291,0.445,0.422,4,2.314,1.616,6606.9,0.079,-0.084,143.0,-128.6,3.912,0.038,-0.038,0.119,0.122,-0.161,0.094,-0.089,15.106035338902084,False,False,0.029032700711786017
420,9344254,6.922310396760951,8.061599171956674,362.60819704745217,136.4585850198536,0.7500925797585156,0.0013918329740325,0.0034839979134907,0.0026662175231439,2.347,0.231,0.204,5,0.992,0.868,5355.6,0.06,-0.045,102.6,-88.5,4.375,0.057,-0.049,0.064,0.137,-0.148,0.052,-0.05,0.819831600227131,True,True,0.0007391939142564238
421,11341459,6.914656080899755,7.897438320015,218.823845325861,188.10254697041822,0.5778632178141356,0.003568338405788,0.0055822079277628,0.0041810847430767,1.747,0.139,0.131,5,1.127,1.11,6145.2,0.053,-0.073,111.0,-108.8,4.377,0.029,-0.041,-0.048,0.135,-0.16,0.032,-0.032,3.027565209435365,False,False,0.09142409723900162
422,4821709,6.852879429658442,7.608686499941064,666.1897843822504,194.09406800879734,0.5650370931721788,0.0079705081095602,0.0082044912931728,0.0079059128193008,1.328,0.104,0.1,3,0.982,1.04,6122.1,0.026,-0.034,104.4,-102.1,4.469,0.014,-0.02,-0.191,0.107,-0.11,0.019,-0.018,0.5344166712281472,True,True,0.06286871444257695
423,6696351,6.803665614104572,7.554969805437431,541.200054527714,139.71099417410446,0.37897272975733,0.0081134721225272,0.0078044344279696,0.0071794949097999,2.134,0.186,0.18,3,1.019,1.022,5927.4,0.053,-0.068,106.2,-104.0,4.428,0.032,-0.043,-0.057,0.13,-0.157,0.034,-0.032,0.6761692970919737,True,True,0.10452895204584473
424,6689911,6.779293008301922,7.511593804674083,565.8402549355965,384.6655539020378,0.5398001792448855,0.0079956507947562,0.012122071673841,0.0131952344771116,2.285,0.193,0.182,3,1.075,1.032,5914.3,0.066,-0.075,105.4,-104.6,4.386,0.04,-0.047,-0.014,0.14,-0.163,0.035,-0.034,0.6989249734684397,True,True,0.02774571128465831
425,4548075,6.769161386871849,7.143295544397432,69.07943887071696,185.59165289231285,0.4680756109197092,0.0077703617408307,0.008370487737504,0.0077447616144571,3.214,0.342,0.314,3,1.305,1.132,6075.7,0.076,-0.085,129.0,-128.4,4.249,0.059,-0.059,-0.011,0.156,-0.158,0.086,-0.08,18.0993299434371,False,False,0.014145203129259064
426,7870453,6.755755963863392,7.811980220707031,399.2835383878956,328.56142564688287,0.7509429981411486,0.0071678914479207,0.0128550193811146,0.0118897762365187,2.242,0.217,0.185,3,0.8,0.784,4849.8,0.037,-0.03,86.4,-82.0,4.52,0.035,-0.028,0.138,0.124,-0.119,0.028,-0.027,0.3354252265868397,True,True,0.03669725981574922
427,8891481,6.735095164611774,7.627215222856888,405.7464139367787,344.01786520935724,0.4841812448785466,0.0057113541856268,0.0136428791859484,0.0083010741006918,1.919,0.157,0.15,4,1.368,1.254,6568.2,0.054,-0.052,148.1,-131.6,4.261,0.032,-0.037,-0.151,0.152,-0.168,0.042,-0.037,2.3542622171416383,False,False,0.026276152885329848
428,10088773,6.715747065474556,8.004858762670548,274.5896667241643,359.6536378934771,0.7271901442516282,0.0035527927593203,0.0084421384577825,0.0044856762547742,3.43,0.277,0.261,3,1.381,1.217,6461.0,0.055,-0.063,135.2,-136.9,4.238,0.036,-0.04,-0.199,0.162,-0.148,0.049,-0.048,3.860963150297953,False,False,0.03594125455916611
429,6357843,6.703395559425911,8.000632371484002,350.21546470201423,326.8067891226971,0.7716480135927688,0.0070099450872893,0.0145335707468593,0.0090756733831882,1.743,0.142,0.13,4,0.795,0.843,5396.5,0.036,-0.051,95.6,-93.3,4.562,0.021,-0.035,-0.179,0.133,-0.155,0.021,-0.02,0.5742185857849039,True,True,0.10309278350515463
430,4260826,6.689621443019066,7.8026970654216,230.3767359949349,172.21278523306435,0.2184512732570012,0.0020810533041986,0.0097185035645524,0.0057783845276916,2.424,0.241,0.232,7,1.088,0.872,5341.7,0.05,-0.035,96.6,-81.2,4.3,0.047,-0.045,0.095,0.144,-0.14,0.054,-0.051,1.7750425125452656,False,False,0.004426325700092865
431,12153068,6.667648292209806,7.84613109670138,593.2503123462197,373.11767903408787,0.9969217803833788,0.0198634329768841,0.0190327130124467,0.012797820122998,2.506,0.227,0.207,3,0.927,0.853,5587.6,0.064,-0.059,109.1,-103.5,4.429,0.054,-0.054,-0.207,0.142,-0.143,0.042,-0.039,0.4436013710664112,True,True,0.0003464163742039255
432,7877907,6.651176850555617,7.651340512852139,300.9564678172053,329.14320367273024,0.383719923460235,0.004601306655954,0.0057200017657409,0.0052484929213775,2.526,0.24,0.222,5,1.216,1.082,5992.5,0.074,-0.08,117.0,-110.9,4.294,0.052,-0.052,-0.004,0.156,-0.148,0.06,-0.057,2.135516223518603,False,False,0.016741277674178757
433,8146744,6.633256401247055,7.832151532654137,400.7721490201748,504.74417610373536,0.2518147183501956,0.0016364275721719,0.0053626319251665,0.0052589782672136,2.035,0.169,0.168,3,0.989,0.906,5842.4,0.068,-0.064,114.1,-111.3,4.402,0.042,-0.043,-0.271,0.145,-0.141,0.024,-0.023,0.970310472068683,True,True,0.11956521739130435
434,9904890,6.583317665728835,7.877190185734738,307.8693051830971,192.38661545171513,0.3001111010312414,0.0038481036572582,0.0058954553983289,0.0057585205297288,2.309,0.192,0.188,3,1.269,1.176,6257.1,0.062,-0.07,121.5,-123.8,4.298,0.036,-0.038,-0.034,0.139,-0.142,0.034,-0.036,2.5162056922659497,False,False,0.12941176470588237
435,6100818,6.576771417206109,7.861458163488951,466.7625931306962,581.2353318892829,0.4325014748484964,0.0016220461599143,0.0044245482165062,0.0042690961132721,2.045,0.163,0.155,3,1.196,1.182,6281.3,0.045,-0.058,113.7,-108.2,4.355,0.022,-0.031,-0.01,0.123,-0.13,0.024,-0.024,1.2916525287016432,True,False,0.13186813186813187
436,7283267,6.53242915474447,7.678682422478862,570.5430763471919,403.4641746051048,0.7560540268179428,0.0090862082449619,0.0179318829545794,0.0024927807231104,4.007,0.401,0.366,3,1.927,1.174,5814.6,0.091,-0.078,123.0,-114.7,3.929,0.061,-0.052,0.026,0.157,-0.174,0.115,-0.108,1.9265061612606689,False,False,0.015140271120930962
437,10555736,6.511453076738114,7.907093947450039,153.48446688272858,157.37329187489738,0.0940850150032132,0.0012091355014257,0.0069121317642336,0.0042368830257976,3.824,0.344,0.342,8,0.905,0.889,5440.4,0.059,-0.063,110.4,-108.4,4.47,0.046,-0.054,-0.002,0.139,-0.153,0.039,-0.036,2.2327822286768537,False,False,0.20481927710843373
438,9662794,6.497341578820617,8.1661091591523,114.60511456483285,147.53533462621215,0.0416817253070522,0.0006119252172233,0.003770589576806,0.0025624725976096,3.13,0.223,0.23,9,1.067,0.855,5954.4,0.063,-0.054,130.8,-124.8,4.31,0.045,-0.043,-0.533,0.154,-0.142,0.03,-0.029,6.732178722372022,False,False,0.060438687214210536
439,8948457,6.4765702130966165,7.49017861931243,474.6959880539514,151.57641411935163,0.6455186398477812,0.0033347932036545,0.0098324795695454,0.0072505102534257,2.069,0.177,0.166,3,1.187,1.076,5994.9,0.074,-0.079,119.7,-113.8,4.316,0.044,-0.046,-0.007,0.159,-0.151,0.04,-0.04,1.1074291982615323,True,True,0.24096385542168675
440,10188359,6.39116908809452,7.790474789349849,559.8743337168868,304.58848248095626,0.8027740533870832,0.0095530660670919,0.0129018160392896,0.0051098320985195,2.367,0.226,0.203,3,0.948,0.871,5371.1,0.064,-0.053,104.5,-94.2,4.418,0.056,-0.051,0.037,0.145,-0.143,0.045,-0.042,0.4218983437742591,True,True,0.0071823742882564994
441,3236837,6.378694868381292,7.927739991933928,366.657977294948,289.00066966881053,0.1969413546601616,0.0035053557338055,0.0066139851546483,0.004602715394479,3.406,0.31,0.304,4,0.988,0.972,5748.5,0.062,-0.071,108.1,-105.7,4.433,0.042,-0.052,-0.027,0.141,-0.154,0.043,-0.04,0.9793672358745364,True,True,0.01303658770746208
442,9430047,6.353664598745475,7.769009228563702,350.007413602394,431.7786519700895,0.7174941333899608,0.0035796157504781,0.0057911709598653,0.0026742786041731,4.233,0.352,0.337,3,1.419,1.294,6499.3,0.063,-0.063,147.6,-138.2,4.241,0.038,-0.041,0.014,0.149,-0.183,0.055,-0.054,2.9047290211502594,False,False,0.030750128419244044
443,1866234,6.344985600327162,7.462303010553509,531.8249040769472,495.62474437607017,0.4488332032700394,0.0131149395445194,0.0135105358202647,0.0028816214573,1.622,0.139,0.129,3,0.907,0.913,5471.2,0.054,-0.06,107.4,-106.5,4.483,0.031,-0.039,0.032,0.127,-0.136,0.019,-0.018,0.4269539948532208,True,True,0.17857142857142858
444,8018039,6.320446914384728,7.957955435072457,463.6088022912775,170.33431403748943,0.2589651140261848,0.0007962054205422,0.0018816522765012,0.0014270438013969,3.029,0.307,0.29,4,0.951,0.926,5586.1,0.062,-0.066,101.3,-99.0,4.442,0.052,-0.063,-0.008,0.14,-0.157,0.056,-0.05,0.6146693231996196,True,True,0.011525372384463295
445,8351707,6.317521456759666,7.355796190272241,412.5387572654028,510.67666349367425,0.7693649831295062,0.0139050763173731,0.0209459301387578,0.0073381970250955,2.502,0.231,0.215,3,1.423,1.04,5760.4,0.095,-0.079,106.8,-108.2,4.145,0.051,-0.053,0.033,0.165,-0.167,0.065,-0.06,1.6734002826869758,True,False,0.19047619047619047
446,11259754,6.262205630514673,8.075364311367021,119.66783369377882,206.90356247120707,0.794451390130534,0.0008126100228647,0.0041492201289014,0.003318568887371,3.751,0.291,0.275,7,2.239,1.515,6761.7,0.076,-0.077,141.1,-132.7,3.914,0.033,-0.034,-0.14,0.157,-0.112,0.069,-0.068,31.86612826957048,False,False,0.005874668517129921
447,7430243,6.222922500070924,7.473656395844638,584.4348172904088,384.9013985997009,0.5245766999972862,0.0093933930095398,0.0096134281338539,0.0093417981314286,1.663,0.137,0.129,3,0.871,0.92,5711.0,0.036,-0.051,98.4,-93.5,4.521,0.02,-0.031,-0.172,0.126,-0.149,0.021,-0.021,0.4107801779373075,True,True,0.04936861067844077
448,9159071,6.218032186779746,7.522721546795839,272.4205292562518,361.4937118092774,0.3589414181507968,0.0041837443373929,0.0116036424002247,0.0073330436511742,1.678,0.143,0.132,4,0.832,0.886,5616.5,0.035,-0.047,101.2,-96.3,4.544,0.02,-0.03,-0.204,0.121,-0.157,0.022,-0.021,0.9968249253796486,True,True,4.341761969947819e-05
449,10615160,6.206695778291527,7.809365039599292,122.8109845709864,225.86419439961358,0.1603158913053134,0.0007244008665782,0.0076494394356831,0.0015927513683121,2.373,0.218,0.21,9,1.004,1.035,6097.7,0.051,-0.059,111.7,-106.3,4.446,0.03,-0.038,-0.171,0.137,-0.17,0.047,-0.045,5.281495044912175,False,False,0.05350607799941019
450,8096361,6.201487754517473,8.070532321163912,363.1923872798248,384.85978877781474,0.0887705025360312,0.0030331189110113,0.0050068962625166,0.0035953766832335,5.95,0.565,0.544,4,1.085,1.006,5827.1,0.073,-0.077,121.1,-117.6,4.362,0.06,-0.065,-0.005,0.15,-0.163,0.07,-0.063,1.2455748997519809,True,False,0.002194412419999564
451,3233809,6.196102369077677,7.784253764351422,371.9859914967672,323.5918408823693,0.126610510626364,0.0041913508872651,0.0085033020237393,0.004917778540883,3.308,0.282,0.292,4,0.777,0.783,4911.1,0.042,-0.039,87.1,-79.8,4.547,0.032,-0.03,0.032,0.125,-0.118,0.019,-0.019,0.3645484658029796,True,True,0.029812740226651258
452,8432283,6.182941863641563,7.705707666375187,411.1416140999977,359.34630791717757,0.6357308724799956,0.0018819452433089,0.0026403512994362,0.0021740096521761,2.267,0.216,0.198,3,1.096,0.978,5735.3,0.075,-0.075,116.7,-111.9,4.34,0.059,-0.059,0.011,0.151,-0.155,0.06,-0.056,1.029544025556036,True,True,0.09190995456536419
453,11713082,6.175682305025768,7.742851910031679,299.0374612981769,334.65015934600535,0.2289199999770872,0.0017589491056827,0.0064389792331805,0.0047436614437499,1.889,0.158,0.155,5,0.978,0.993,5877.3,0.047,-0.06,101.2,-100.9,4.452,0.027,-0.037,-0.094,0.118,-0.128,0.023,-0.023,1.3494379525366575,True,False,0.002680662352307581
454,7518033,6.166719440433614,7.278194320765663,514.0286648761212,391.609970740653,0.6052335372797945,0.0113050216896196,0.0200750854310211,0.0115570709495118,1.753,0.155,0.142,3,1.018,0.858,5281.9,0.045,-0.031,86.2,-74.3,4.352,0.033,-0.025,0.122,0.125,-0.122,0.024,-0.024,0.5115874241608329,True,True,0.1978021978021978
455,11958431,6.163420312769809,7.483411276694211,372.3389658921417,502.6809943206325,0.4002570190099358,0.0026090366340078,0.0079808490845987,0.0075129678634142,2.309,0.209,0.19,3,0.812,0.833,5224.3,0.045,-0.054,99.0,-93.4,4.537,0.033,-0.043,-0.055,0.133,-0.143,0.029,-0.027,0.48895631520886,True,True,0.01808230157882366
456,10135563,6.1583172114120455,7.743275265793733,552.5720954288538,455.8799413096012,0.2560493230346722,0.0062919732280209,0.0092861464723591,0.0033757755371037,2.309,0.199,0.199,3,0.911,0.957,5520.5,0.041,-0.052,92.2,-92.3,4.498,0.024,-0.034,0.1,0.118,-0.123,0.024,-0.022,0.4122278570126778,True,True,0.05077875679222801
457,9947756,6.142955073179175,7.385753928233416,242.40954622760512,294.1229343548518,0.308729872980508,0.0017600929738252,0.0059619801496228,0.0050771899549037,1.624,0.148,0.136,6,0.839,0.85,5270.7,0.048,-0.057,99.0,-91.0,4.516,0.036,-0.042,-0.023,0.136,-0.142,0.024,-0.023,0.9443852119653928,True,True,0.11494252873563218
458,9288004,6.134909963958682,7.333561368687395,165.01588353024152,475.3611110992897,0.592531727370417,0.0063814004561994,0.0214966010352425,0.0057354139369185,3.971,0.652,0.574,5,1.707,1.211,6008.5,0.11,-0.105,114.4,-113.4,4.041,0.096,-0.106,0.025,0.142,-0.168,0.246,-0.21,9.010983803803631,False,False,0.07570572168725338
459,7890694,6.122390161802892,7.992914843382666,194.10712852642743,193.20342387847728,0.0780291497809966,0.0012490481056568,0.0051998690893464,0.0035125063871403,2.369,0.215,0.214,6,0.517,0.514,3846.4,0.02,-0.02,78.0,-86.7,4.717,0.018,-0.019,0.029,0.127,-0.127,0.021,-0.021,0.1922669999063964,False,False,0.01220405665297203
460,9456734,6.103557977581358,7.351696013589518,488.5738339215009,254.7261785065246,0.431144720971986,0.0105043531103096,0.0110661065414682,0.0092370249606423,2.191,0.206,0.19,3,0.925,0.951,5739.4,0.051,-0.061,101.3,-97.0,4.481,0.033,-0.045,-0.09,0.135,-0.154,0.041,-0.038,0.5906107041451717,True,True,0.0243489192715994
461,7888491,6.08607385206016,7.591357000786243,365.09358864509153,278.5295200619826,0.5978696585178666,0.0056062106834503,0.0093422951886812,0.0082627779153643,2.627,0.281,0.252,4,1.015,0.991,5813.4,0.065,-0.071,108.5,-104.7,4.414,0.054,-0.067,-0.033,0.146,-0.158,0.072,-0.063,1.0820753298487498,True,True,0.04731529544930745
462,12303370,6.018935575222024,7.504250873671595,395.1310624339073,395.0243948960642,0.514391957983853,0.0059906565407467,0.0082317673152094,0.0055156702134801,1.9,0.168,0.153,4,0.9,0.911,5540.0,0.052,-0.063,98.5,-96.2,4.487,0.034,-0.046,-0.034,0.133,-0.152,0.03,-0.028,0.6598721132379135,True,True,0.036171488808432684
463,7288824,6.018179135766948,7.2471051833391,369.3146360945693,175.3193482161985,0.4467581187355382,0.0093830445407407,0.0170079204807796,0.0104867950531932,2.382,0.238,0.216,4,0.995,0.874,5383.7,0.063,-0.049,106.2,-93.0,4.376,0.057,-0.049,0.056,0.14,-0.151,0.05,-0.047,0.8182204421777537,True,True,0.10358501709345547
464,6071911,6.007785694003252,7.9480539121783025,361.1176375112068,372.64791620664386,0.8987253940412046,0.0073661445700582,0.0168558992915414,0.0110527964026787,2.785,0.261,0.236,3,1.014,0.936,5612.8,0.074,-0.072,128.5,-125.9,4.391,0.054,-0.058,0.014,0.147,-0.158,0.052,-0.047,0.9853615566398156,True,True,0.125
465,4247825,6.000986292631488,8.101772924461834,224.73310163334853,283.88879370247855,0.1225992565560466,0.0010645599007733,0.0048416043244313,0.0022833710637577,3.43,0.254,0.263,4,1.425,1.132,6301.1,0.066,-0.083,138.7,-129.0,4.18,0.037,-0.043,-0.323,0.14,-0.138,0.039,-0.038,5.095479276462013,False,False,0.0035748851731683354
466,10095142,5.974246355572523,8.000961396575992,145.39279793022516,250.91174353351812,0.0684128311819826,0.001303759868664,0.0052897922857273,0.0026520651014948,3.231,0.25,0.258,7,0.976,0.992,5846.1,0.049,-0.066,108.6,-105.1,4.454,0.029,-0.041,-0.072,0.132,-0.152,0.029,-0.027,3.444689223632299,False,False,0.08501039977513385
467,6118932,5.948400830043687,7.841516417665218,546.4932302844356,495.34936164866036,0.302378500060416,0.0037574148705497,0.0053909370524507,0.0052141323876226,2.364,0.195,0.193,3,1.08,1.099,6207.6,0.042,-0.061,114.1,-109.2,4.41,0.022,-0.033,-0.122,0.13,-0.159,0.029,-0.028,0.8589953146344751,True,True,0.10638297872340426
468,5858801,5.936981097614588,7.772471357683782,106.84262617414988,197.01323338172708,0.533786967583008,0.0012974626553627,0.0067725082073606,0.005005676131915,2.027,0.156,0.152,7,1.541,1.351,6829.4,0.065,-0.05,141.3,-149.2,4.19,0.033,-0.029,-0.092,0.151,-0.156,0.039,-0.041,19.571002579789518,False,False,0.026609313427938867
469,11199686,5.930757836728256,8.046273938947156,463.5089995418137,633.9649833931701,0.0673330253907596,0.0036818814632923,0.0049052888587331,0.0032726140527857,6.889,0.69,0.658,3,1.04,0.892,5453.9,0.066,-0.056,108.5,-98.3,4.344,0.07,-0.065,0.039,0.151,-0.144,0.075,-0.069,0.6904942514534947,True,True,0.05223313930696414
470,10803532,5.822609976284383,7.603603512281775,322.02197892949,587.6891008262879,0.1835526776440186,0.0050757225836686,0.0051042989032737,0.0050846204935898,2.794,0.269,0.261,3,0.781,0.805,5111.8,0.043,-0.049,95.5,-90.1,4.556,0.031,-0.04,-0.077,0.139,-0.136,0.029,-0.029,0.5146638616259819,True,True,0.018855881406361436
471,10687513,5.798399658022296,7.720341050140207,550.2171243462928,372.7085557991306,1.1654191397463842,0.0076476756242279,0.0025998905360336,0.0025512452910884,2.391,0.189,0.182,3,1.979,1.415,6606.5,0.07,-0.065,136.5,-128.4,3.992,0.033,-0.032,-0.108,0.161,-0.147,0.057,-0.055,3.1015769901017287,False,False,0.09844105571363805
472,9652299,5.769774678191944,7.48603282101629,377.9865588111792,427.02401578144594,0.5056201046368012,0.0042399394854824,0.0058606841092445,0.0053821570662055,1.882,0.169,0.155,3,1.125,0.874,5230.5,0.026,-0.02,73.6,-66.4,4.274,0.024,-0.024,0.236,0.114,-0.119,0.03,-0.027,0.893881527988486,True,True,0.040735533889913134
473,6357366,5.769679147612354,7.9001204659214945,373.6813089425482,305.7297869915437,0.9604259828759663,0.0023781764359019,0.0039791823973872,0.0034568111580052,3.363,0.369,0.33,4,1.263,0.94,5556.8,0.071,-0.066,106.9,-102.1,4.198,0.068,-0.066,0.026,0.17,-0.162,0.093,-0.087,1.4137507302767072,True,False,0.13131313131313133
474,11822501,5.753554575640894,7.557821770334615,346.8484875730076,405.9969963089302,0.3924701019419772,0.0018772758658141,0.0062289194901321,0.005936830263887,2.361,0.22,0.204,4,0.978,0.994,5877.0,0.055,-0.065,105.7,-102.9,4.452,0.036,-0.048,-0.087,0.139,-0.157,0.049,-0.045,1.112189101827893,True,True,0.03465729472738533
475,4915684,5.747945109028349,7.360415574135888,83.52413679359653,142.37307767020562,0.21327502613576,0.0008677109581996,0.0067829603625049,0.0056162571242867,1.052,0.091,0.086,16,0.614,0.665,5127.5,0.024,-0.027,93.0,-89.9,4.684,0.022,-0.021,-0.811,0.116,-0.143,0.017,-0.024,2.2060514011506744,False,False,0.023002562670634802
476,1026992,5.739913749315978,7.410703798430045,441.0972140440395,203.17574300787737,0.5092064853966424,0.0097201796352919,0.016644914051216,0.0125418502837934,2.304,0.225,0.196,3,0.69,0.713,4691.5,0.033,-0.034,87.8,-81.4,4.612,0.022,-0.026,-0.097,0.116,-0.123,0.021,-0.021,0.2030533109348539,False,False,0.06430345602748673
477,12418491,5.735288593721599,7.932538112838254,382.888706777586,413.82396454402476,0.6042373918662116,0.0034109575135007,0.0068960917842662,0.0030508718846449,5.867,0.606,0.546,4,1.09,1.071,6065.3,0.067,-0.073,122.9,-120.4,4.387,0.048,-0.061,-0.059,0.144,-0.167,0.077,-0.068,1.3174111951077885,True,False,0.004903639298992008
478,5308195,5.697561427099068,7.870158632225573,382.7535016059578,159.25654213681582,0.4376773875702694,0.0008339262076841,0.0033848552122229,0.003201932453575,2.815,0.214,0.204,4,1.095,1.117,6365.1,0.035,-0.053,142.5,-127.2,4.406,0.016,-0.025,-0.23,0.119,-0.122,0.019,-0.02,1.550259162526673,False,False,0.0014694737759092004
479,1433628,5.69539809827846,7.566705921192345,373.1288634092877,234.11120624008856,0.7734482760540262,0.0058992663375001,0.0110506942801427,0.005920840100952,2.024,0.162,0.155,4,1.744,1.284,6154.5,0.062,-0.111,122.4,-107.4,4.058,0.032,-0.043,-0.001,0.15,-0.158,0.043,-0.04,3.256128904997678,False,False,0.053041700740798704
480,10676036,5.644906344326541,7.787459051952082,329.05953080297814,287.3628681262254,0.715605933328259,0.002451363832818,0.0070529432013775,0.0016720976343781,3.502,0.281,0.267,4,1.748,1.403,6620.4,0.068,-0.058,128.0,-138.4,4.096,0.035,-0.033,0.035,0.137,-0.161,0.057,-0.056,4.870571243701577,False,False,0.03233065963783826
481,8815598,5.613681900005636,7.442939475328022,348.9497735678698,170.02019385815706,0.2298908156764692,0.0033890603125222,0.0089975974544591,0.0055021855368294,1.227,0.109,0.101,5,0.482,0.472,3637.6,0.011,-0.012,73.4,-74.1,4.744,0.011,-0.011,0.234,0.127,-0.128,0.011,-0.011,0.0642665247940711,False,False,0.010487714698000453
482,9330789,5.594995154051825,7.8043622325906625,221.69179021560151,210.3480018872125,0.1016853031919888,0.0019907179294447,0.0066271400430366,0.0027457295702924,2.755,0.22,0.228,7,1.063,0.973,5730.0,0.074,-0.074,108.6,-104.6,4.37,0.044,-0.047,0.007,0.154,-0.154,0.031,-0.03,2.18119563420736,False,False,0.0003836449794154473
483,8431684,5.590681987992541,7.338286310702764,314.1727833500691,474.1327289041654,0.2494515602663446,0.0089567098543102,0.0135244112534507,0.0047472009983253,3.055,0.322,0.305,3,0.951,0.91,5521.5,0.065,-0.066,113.7,-110.2,4.434,0.057,-0.063,0.006,0.144,-0.157,0.056,-0.052,0.9978819621807952,True,True,0.05453694575624767
484,6767857,5.582283560113044,8.043755783254785,371.69992862470224,475.36874937308284,1.174202455723064,0.0043317444110251,0.0085174894525725,0.0049064766379019,2.723,0.255,0.233,4,1.145,1.051,5940.5,0.073,-0.078,113.2,-110.3,4.333,0.056,-0.058,-0.006,0.152,-0.164,0.066,-0.06,1.4128985401229472,True,False,0.09595932488863365
485,11025894,5.5645228276814365,7.624624877387434,519.6111613587298,143.62837958355013,0.134749540984558,0.0063134024221998,0.0075044180441759,0.0059101742794318,3.348,0.292,0.296,3,0.858,0.888,5481.3,0.045,-0.058,96.8,-97.8,4.517,0.03,-0.044,-0.071,0.132,-0.152,0.03,-0.028,0.4064794617221475,True,True,0.04346270267013587
486,8489285,5.554526820031043,7.85383889604044,408.58190920587646,170.01982661186048,0.2052683173663702,0.0034983222790823,0.0047735623518746,0.0046643983934607,4.538,0.455,0.435,3,1.106,0.892,5441.8,0.064,-0.051,114.6,-99.0,4.294,0.058,-0.056,0.061,0.136,-0.157,0.065,-0.06,0.9099280919684124,True,True,0.04264996163937717
487,9722834,5.544016700445489,7.609614673579534,148.42788606258924,194.94983053008048,0.48605509884529,0.00157420156909,0.0048611347886097,0.0037730959888116,2.471,0.218,0.2,7,1.411,1.266,6106.0,0.054,-0.062,130.8,-121.1,4.231,0.045,-0.035,0.249,0.147,-0.164,0.058,-0.051,7.1793006815736895,False,False,0.15476190476190477
488,12059877,5.521615585780545,7.432001694403716,446.7701409920268,246.7803672266984,0.5550911801452704,0.0071901152088678,0.0096390132266776,0.0090462991181873,1.953,0.191,0.167,4,0.851,0.811,5024.6,0.043,-0.032,89.8,-83.2,4.481,0.039,-0.032,0.121,0.126,-0.129,0.033,-0.031,0.368159548102388,True,True,0.07590412152665132
489,7422040,5.520003926969288,7.520385827972973,189.86811434099576,232.01452559510926,0.1382703678931886,0.002169326742384,0.0082963291635448,0.0056056614969798,2.059,0.184,0.186,8,0.787,0.827,5273.8,0.037,-0.053,98.0,-94.0,4.562,0.024,-0.036,-0.139,0.129,-0.148,0.02,-0.019,1.1739083352562911,True,False,0.32967032967032966
490,9760631,5.46939983652071,7.815944138868506,300.71321978546763,202.76664733930113,0.6263440962838314,0.0051552266865442,0.0106519127675568,0.0102748914795596,1.198,0.106,0.092,4,0.727,0.759,4959.1,0.033,-0.043,89.8,-84.0,4.593,0.021,-0.029,-0.143,0.112,-0.122,0.016,-0.016,0.4492454788405197,True,True,0.13793103448275862
491,10751446,5.455078593202122,7.858006148654445,100.94738978666992,134.0395975190274,0.0784326049130792,0.0006497378853665,0.0054807145870671,0.0032041910439219,2.842,0.219,0.226,12,1.305,1.271,6343.1,0.048,-0.058,115.0,-109.9,4.307,0.026,-0.028,0.123,0.133,-0.143,0.036,-0.032,11.771226599840244,False,False,0.07447455141626347
492,12455974,5.432457300852487,7.46317417215423,157.70448938579156,134.63245474494414,0.3440408191905368,0.0025030070671556,0.0152394014832013,0.0074317290496996,1.956,0.168,0.161,10,1.42,1.181,6113.7,0.064,-0.09,126.1,-105.8,4.201,0.033,-0.043,-0.008,0.151,-0.172,0.038,-0.034,7.011862101121932,False,False,0.030824155244280435
493,10019139,5.426646569330398,7.573919773620937,694.3453459991337,150.33392230732514,0.413176484359893,0.008578167226677,0.0142497802878756,0.0075424942487769,2.954,0.306,0.285,3,1.188,1.063,5949.9,0.075,-0.08,116.8,-111.7,4.305,0.058,-0.059,-0.002,0.155,-0.149,0.073,-0.067,0.6602071757425253,True,True,0.14634146341463414
494,3641858,5.3839156494236775,7.481144617587096,309.86632472638144,376.7601651074646,0.3933424285965746,0.0045630421626249,0.009335357449272,0.0048158207528564,0.638,0.053,0.049,4,0.9,0.874,5449.6,0.06,-0.059,97.7,-96.8,4.469,0.038,-0.042,-0.051,0.135,-0.142,0.017,-0.017,0.8755916463276405,True,True,0.2
495,8284301,5.359460310123852,7.567435444899141,420.861949533737,210.97424527983458,0.2337893063916088,0.0016524578935403,0.0053838665887321,0.0049336254690009,1.979,0.202,0.188,4,0.67,0.674,4283.5,0.035,-0.034,93.3,-82.4,4.611,0.029,-0.027,0.129,0.131,-0.133,0.029,-0.031,0.1474861188845108,False,False,0.029314331794259126
496,9570210,5.342491712485506,6.787894798816243,68.34320259401579,1279.5671858023145,0.3224237492358052,0.0051796472104492,0.0078579176621653,0.0077563549292217,2.41,0.229,0.214,3,1.125,0.99,5766.7,0.075,-0.075,111.1,-106.5,4.325,0.051,-0.051,0.013,0.152,-0.158,0.046,-0.044,11.98187025790829,False,False,0.5185185185185185
497,11288046,5.338032290851132,7.580667367685238,55.90134328944831,141.80443950204315,0.3752545228566644,0.0002756241501981,0.0032628667051459,0.002110643948067,2.132,0.177,0.17,20,1.751,1.39,6567.1,0.072,-0.064,128.6,-129.4,4.09,0.036,-0.037,0.019,0.148,-0.181,0.062,-0.06,50.66100550364404,False,False,0.11610878845963427
498,6118195,5.328803961785617,7.824495290563645,506.3818950734974,383.05245365068845,0.8865494341549002,0.0022854550893062,0.0027441634964338,0.0018422674789806,2.652,0.247,0.221,3,0.884,0.904,5536.1,0.052,-0.06,104.0,-100.7,4.498,0.037,-0.051,-0.057,0.133,-0.156,0.043,-0.039,0.4605255797764561,True,True,0.01752806625632854
499,8817195,5.310651916434296,7.561828142058326,382.83447813034246,499.3311747704568,1.089687210941406,0.0116534532718866,0.0217216638474811,0.0066404234470806,3.625,0.414,0.376,3,1.441,1.128,5965.4,0.086,-0.091,113.5,-114.1,4.161,0.067,-0.065,0.018,0.135,-0.167,0.117,-0.11,2.1067799051152045,False,False,0.027911591250303174
500,4141480,5.2456809376920575,7.460245042319465,154.577350782687,166.4969060744122,0.4039310109241956,0.002209609393882,0.0133249806253583,0.0028166808624416,1.447,0.114,0.109,8,1.038,1.056,5983.7,0.043,-0.059,101.9,-99.1,4.428,0.023,-0.033,-0.031,0.118,-0.125,0.02,-0.019,3.7736392353162,False,False,0.09024551723848243
501,10332267,5.234839130736734,7.346203264984749,549.7895436874783,487.7412512406602,0.5187791245579384,0.0027213153142594,0.0050099955913585,0.0041029600558107,1.864,0.168,0.155,3,0.877,0.856,5290.5,0.057,-0.055,97.6,-89.1,4.48,0.044,-0.044,0.017,0.14,-0.145,0.029,-0.028,0.3511293934025354,True,True,0.17647058823529413
502,4365147,5.1933631960527205,7.447229944224134,363.0342018075318,339.64137942523394,0.226162418644929,0.0061785396278792,0.0105833432643813,0.0065257495905177,1.534,0.135,0.133,4,0.806,0.863,5556.7,0.03,-0.044,101.7,-95.1,4.561,0.017,-0.028,-0.244,0.124,-0.157,0.016,-0.016,0.6200309340460066,True,True,0.01663246552370464
503,12206288,5.159320823855151,7.273096207040013,212.3720295013289,300.87299996822617,0.3645305849058496,0.0028950938699578,0.0059860436540828,0.0046217074266567,1.171,0.102,0.093,6,0.839,0.897,5271.0,0.032,-0.042,89.7,-86.7,4.543,0.019,-0.03,0.104,0.114,-0.12,0.016,-0.016,1.08272439209656,True,False,0.1951219512195122
504,9101446,5.147388225078654,7.552080195017441,355.3930728564581,213.81008497220952,0.1702660786929302,0.0043073619501833,0.0073799100332993,0.0052562512830565,2.723,0.254,0.254,4,0.754,0.787,5092.3,0.04,-0.048,95.2,-88.5,4.577,0.025,-0.035,-0.141,0.132,-0.142,0.025,-0.025,0.4205196156978129,True,True,0.10638297872340426
505,2302901,5.111458621730728,7.546650601470733,393.4625185897392,160.92382017385378,0.5055810340984446,0.0041636177029398,0.0068564296925856,0.0029262738565226,3.289,0.269,0.258,4,1.3,1.268,6539.6,0.046,-0.056,124.1,-130.2,4.311,0.025,-0.036,-0.034,0.136,-0.169,0.04,-0.038,2.158121358954109,False,False,0.017745827054816518
506,6665840,5.082914324893325,7.541516057067563,399.5732233302454,327.9033199794586,0.7233117293491794,0.0086441351746387,0.0126129264296838,0.0120212478407925,2.445,0.222,0.201,3,0.851,0.861,5327.6,0.05,-0.059,103.7,-100.1,4.51,0.037,-0.047,-0.026,0.138,-0.148,0.03,-0.028,0.5172973067931482,True,True,0.03371014126848488
507,5953000,5.069397174072037,7.332579558381086,328.7701898653345,351.3203626141837,0.8791125495732064,0.0077993707667441,0.0105647193528881,0.0045527064361548,2.739,0.223,0.214,3,2.151,1.169,6147.7,0.057,-0.061,121.0,-116.9,3.836,0.032,-0.033,-0.438,0.148,-0.139,0.057,-0.055,6.204922590176394,False,False,0.06435037208848311
508,5638262,5.033254642061657,7.422400508273533,445.2747072736495,249.29828601178875,0.7481028302992052,0.006525292093718,0.0085123709251483,0.0050396975633388,3.048,0.243,0.239,3,1.403,1.358,6992.3,0.053,-0.05,151.1,-144.6,4.274,0.027,-0.031,-0.107,0.12,-0.134,0.041,-0.039,2.6590007262645634,False,False,0.07627287397269462
509,5716553,5.030114644223303,7.696992145923052,116.62632116728112,242.41388689379926,0.1046829288246904,0.00114138206891,0.0063681449971925,0.0040500904529018,2.802,0.235,0.241,7,1.134,1.084,6048.8,0.065,-0.078,115.5,-112.2,4.36,0.039,-0.046,-0.018,0.139,-0.167,0.038,-0.037,6.761199394919911,False,False,0.16666666666666666
510,10354775,5.0128445641212345,7.444736212416249,196.92782244613363,201.5373839734938,0.5952992655310412,0.0014453779699082,0.0054146454228474,0.0032797943820574,2.579,0.202,0.198,6,1.68,1.415,6758.3,0.076,-0.066,146.8,-134.8,4.135,0.035,-0.032,0.015,0.157,-0.157,0.042,-0.042,9.609099832713934,False,False,0.24390243902439024
511,9963621,4.975559008869498,7.623666096386677,428.99159614346985,484.5567673774368,0.9027432060637848,0.0057702989058902,0.0075986605429028,0.0044404998547568,3.092,0.243,0.234,3,1.771,1.324,6391.9,0.059,-0.062,128.6,-124.6,4.06,0.032,-0.034,-0.085,0.17,-0.154,0.048,-0.048,3.1744156194428963,False,False,0.0481861312341141
512,6358701,4.961832971852848,7.488223359670815,194.91392839699955,273.12317925922076,0.2056502823887018,0.002756363764128,0.0093884239716061,0.0059063810901776,1.989,0.182,0.173,7,0.839,0.891,5647.5,0.04,-0.048,99.1,-94.7,4.539,0.024,-0.033,-0.208,0.129,-0.162,0.03,-0.028,1.614519908880734,True,False,0.10293712890974323
513,9300201,4.960355997347589,7.234406896669589,195.74410138645752,176.69490262459072,0.5461578851913046,0.0020993639024975,0.0133773824200942,0.0089946446435802,1.899,0.163,0.156,8,1.359,1.248,6149.4,0.063,-0.067,138.3,-127.4,4.266,0.034,-0.042,0.202,0.147,-0.168,0.047,-0.048,4.722315598411679,False,False,0.03409162508973817
514,6351616,4.954799592294483,7.2734195201543,527.1002973509447,176.93829410020152,0.4749371198596786,0.0088347235908802,0.0149909864119453,0.0076219847044274,1.307,0.106,0.102,3,0.916,0.969,5973.2,0.032,-0.048,113.4,-104.5,4.499,0.017,-0.026,-0.257,0.125,-0.165,0.019,-0.018,0.6035494009617673,True,True,0.050724135666162344
515,10337673,4.9371709823576655,7.721207215964812,367.0764193972768,509.11966252597506,0.9542762456103328,0.0043273657192904,0.0084601075799798,0.005970744032422,2.85,0.264,0.244,3,1.1,1.046,5949.0,0.068,-0.076,112.8,-110.3,4.369,0.048,-0.056,-0.015,0.141,-0.166,0.058,-0.053,1.3320161970079123,True,False,0.08186607516287041
516,3958765,4.935845618220053,7.825833639839431,169.50921636293032,372.74272909983057,0.1029582078163308,0.0013854801458262,0.0049472773559046,0.0021918802958105,5.049,0.482,0.471,8,1.33,0.967,5610.4,0.075,-0.07,111.0,-105.9,4.168,0.058,-0.057,0.03,0.163,-0.165,0.077,-0.073,4.551206012441559,False,False,0.016100457213845835
517,3443439,4.90277773193859,7.326145383800247,386.0109699726264,287.29302422022755,0.279672055064387,0.0079368752218888,0.0137813221959491,0.0079463054225702,3.563,0.381,0.356,4,1.026,0.989,5794.1,0.066,-0.073,108.9,-106.3,4.404,0.053,-0.064,-0.018,0.142,-0.161,0.064,-0.058,1.0144251987396224,True,True,0.25
518,5186152,4.866310309766343,7.714483264642266,414.17133569651054,318.48190308324854,0.150058379005966,0.0038264779400804,0.0074786208046701,0.0055567047765256,4.255,0.437,0.423,3,1.071,0.873,5354.7,0.053,-0.039,97.1,-82.5,4.312,0.055,-0.054,0.079,0.141,-0.127,0.067,-0.061,0.796360061355887,True,True,0.06117829276536049
519,9219872,4.866298596324519,7.478034261795476,355.9365582295825,156.3600011205952,0.2632718275545186,0.0028897509703786,0.0060173357759069,0.0055389721944536,1.813,0.171,0.163,5,0.786,0.803,5059.9,0.042,-0.048,88.1,-82.1,4.549,0.031,-0.037,-0.034,0.129,-0.127,0.023,-0.023,0.4376697715795042,True,True,0.4105263157894737
520,7628679,4.865433790116157,7.443139889808739,542.4977084444927,193.61290640366255,0.2823310070164416,0.0124581724192225,0.0109316477391914,0.006891127025882,1.029,0.132,0.116,3,0.411,0.431,3940.4,0.032,-0.03,59.8,-51.6,4.835,0.048,-0.056,-0.666,0.164,-0.169,0.042,-0.035,0.0387887969518941,False,False,0.11764705882352941
521,9640577,4.862871864548682,7.252667934804428,326.187638800634,567.5056623795891,0.3728340717394484,0.0053861199138157,0.0102247326176361,0.0052419513602999,2.459,0.249,0.227,4,0.937,0.919,5559.4,0.06,-0.066,102.6,-100.6,4.452,0.049,-0.06,-0.009,0.139,-0.157,0.051,-0.046,0.9387803084989732,True,True,0.18823529411764706
522,11140934,4.860812116426772,7.389647038549853,246.86134785793223,353.1308622015183,0.2102727035523394,0.0037135971790925,0.0112189756650734,0.0066640597964169,2.419,0.225,0.222,6,1.073,0.999,5808.6,0.072,-0.076,108.3,-105.9,4.371,0.047,-0.051,-0.0,0.148,-0.163,0.042,-0.039,2.007970678079622,False,False,0.13541666666666666
523,10610278,4.820545881369332,7.815674413190748,283.102132545248,145.82720195587478,0.5768573166835218,0.0007274100156608,0.0021731615357811,0.0015315947287429,2.17,0.166,0.161,5,1.236,1.202,6421.3,0.047,-0.061,119.5,-121.2,4.333,0.025,-0.033,-0.098,0.128,-0.14,0.029,-0.03,2.9083272089077403,False,False,0.06066418910587542
524,10129060,4.762076365418272,7.229599313987789,270.7735345990511,354.16082107538136,0.386323263681025,0.0009936546865833,0.0150625513146078,0.0149498498285253,1.258,0.108,0.101,5,0.808,0.856,5423.5,0.034,-0.053,90.8,-88.7,4.555,0.021,-0.034,-0.151,0.117,-0.153,0.018,-0.018,0.8408513740926087,True,True,0.2125
525,10676089,4.74329752927647,7.748990922889559,108.76053431453497,236.67380584720163,0.080332564047777,0.0006954552032914,0.0042447351024549,0.0026205074366342,2.724,0.231,0.238,10,0.887,0.849,5261.3,0.059,-0.05,101.1,-91.3,4.466,0.046,-0.041,0.035,0.14,-0.138,0.029,-0.028,3.0630406933815078,False,False,0.08393357519436416
526,9903518,4.729645596456342,7.588317401379718,164.60298872305538,251.76219125380405,0.1710830361560448,0.0023628748413753,0.0081744261917437,0.0055757408277014,2.807,0.286,0.272,7,0.952,0.968,5792.0,0.058,-0.065,108.8,-105.1,4.463,0.04,-0.054,-0.084,0.143,-0.159,0.056,-0.051,2.7445608870167457,False,False,0.1875
527,9266023,4.684274489800611,7.284077062051963,477.2659734824824,157.0708617032143,0.5599778652344398,0.0058774859415081,0.0104011383296185,0.0095993329206881,1.972,0.201,0.182,4,0.977,0.949,5669.2,0.064,-0.068,102.2,-99.6,4.429,0.052,-0.062,-0.013,0.14,-0.159,0.057,-0.051,0.650851778830122,True,True,0.09259643065982401
528,7109107,4.680162101637089,7.404493978493602,560.8424669570529,467.92725286295877,0.3184151953532808,0.0075943746108752,0.0129280764393441,0.0074130813478095,2.712,0.264,0.246,3,0.959,0.861,5330.9,0.061,-0.046,102.6,-88.7,4.404,0.05,-0.041,0.058,0.14,-0.147,0.037,-0.035,0.4205554202178435,True,True,0.011448411415045863
529,10978898,4.655170537732285,7.607565851376358,547.9682068017113,289.38648616533624,1.2644950385717788,0.0053317462844741,0.0077586724673179,0.0030132182146918,3.234,0.258,0.249,3,2.396,1.422,6272.2,0.13,-0.107,123.6,-113.3,3.835,0.04,-0.048,-0.003,0.122,-0.19,0.066,-0.067,3.6622505801558582,False,False,0.0004485188511838786
530,12110350,4.6098996078166365,7.487588926991701,290.3129407940769,414.2351166238455,0.9173784299536716,0.0063311814492063,0.0138279324815416,0.0087536611578429,2.404,0.196,0.187,5,1.704,1.359,6518.9,0.063,-0.054,142.3,-133.2,4.104,0.033,-0.032,-0.006,0.159,-0.16,0.052,-0.05,5.247482856116393,False,False,0.0293933757952201
531,7037130,4.598368125842207,7.48909380494876,91.8498903111494,153.88808002699318,0.1913408105746892,0.0008709151804068,0.006133507529133,0.0043423495127084,1.765,0.16,0.15,14,0.925,0.882,5410.9,0.065,-0.061,104.1,-99.7,4.447,0.045,-0.046,0.022,0.143,-0.154,0.028,-0.027,4.543411999109224,False,False,0.05249911675356684
532,6837628,4.544624571536449,7.886306658553572,367.91217172841175,495.8708464835074,0.071933386081988,0.0043258079261512,0.0046775501285581,0.0027702651692695,5.551,0.436,0.448,3,0.96,0.965,5739.8,0.055,-0.067,103.7,-100.6,4.455,0.035,-0.045,-0.044,0.132,-0.153,0.034,-0.032,0.9169319608653028,True,True,0.048826028072511456
533,2582135,4.471051030111036,7.607669356011391,353.98109960522123,280.02495377726405,0.151765732546438,0.0036092386890748,0.0089571018539464,0.0020947376971425,3.299,0.303,0.31,4,0.686,0.707,4650.7,0.033,-0.033,91.1,-84.5,4.613,0.022,-0.026,-0.086,0.117,-0.124,0.022,-0.022,0.2609208690198494,False,False,0.05004028036283813
534,8676208,4.459743661023248,7.640285415428016,123.94015101028846,164.49591050703685,0.6007156746792668,0.0020041100357054,0.0105612317430036,0.0069476207269874,1.078,0.083,0.081,12,1.018,0.929,6128.0,0.063,-0.062,123.0,-119.0,4.387,0.04,-0.041,-0.486,0.146,-0.147,0.023,-0.022,5.86229871609825,False,False,0.025224972069728697
535,11623207,4.422431476170472,7.448421006381923,362.3563073167921,473.94747269283164,0.1654585871454978,0.0046457872141161,0.0079157608174007,0.0047351850274273,2.43,0.22,0.219,4,0.724,0.771,5260.5,0.033,-0.043,103.9,-96.5,4.604,0.019,-0.029,-0.364,0.137,-0.175,0.021,-0.02,0.4361835457670488,True,True,0.42857142857142855
536,3647629,4.408522028065702,7.4862845734565875,377.623327193837,336.6518928268015,0.2299429963872542,0.0074028099820479,0.0148983832349254,0.0078395902096763,4.799,0.546,0.514,3,1.164,0.967,5679.3,0.075,-0.072,113.5,-107.8,4.281,0.07,-0.07,0.026,0.144,-0.169,0.088,-0.081,1.2691406873434272,True,False,0.2127659574468085
537,4921354,4.392054416736816,7.94719056611182,523.037135915522,185.6766825736217,0.0955351717618842,0.0037071861553401,0.0062936471694751,0.0033011608149684,3.762,0.301,0.311,3,0.848,0.842,5227.2,0.053,-0.053,99.4,-91.1,4.502,0.04,-0.042,0.006,0.136,-0.141,0.027,-0.025,0.3378900326896927,True,True,0.007850768024872197
538,3343803,4.375641753905825,7.095754093415164,312.61599418387215,400.307945881299,0.4228386495088598,0.0087569993162366,0.0169882417561318,0.0085271004399208,1.688,0.139,0.135,3,0.992,1.019,6287.3,0.035,-0.049,111.4,-112.3,4.451,0.021,-0.03,-0.399,0.118,-0.128,0.023,-0.022,1.686232364508343,True,False,0.26136363636363635
539,8552801,4.345094738108086,7.709924984792536,414.7687236216347,507.7333092108634,0.1231472342543004,0.0057450811240852,0.0069166393252782,0.0045687056714191,3.256,0.26,0.267,3,1.131,1.079,6036.0,0.067,-0.077,111.3,-108.9,4.361,0.037,-0.044,-0.016,0.139,-0.167,0.032,-0.032,1.2293188375383473,True,False,0.009010061637214654
540,5036900,4.3449027631907935,7.3551126448694495,349.42210305613526,532.9468834136825,0.270772942763071,0.0087013331044343,0.0208319456258429,0.007187646011282,2.606,0.249,0.234,4,0.8,0.816,5120.4,0.044,-0.05,102.6,-94.2,4.541,0.033,-0.039,-0.034,0.134,-0.134,0.024,-0.023,0.4821224302660993,True,True,0.20238095238095238
541,10017092,4.330336876076817,7.268098521549109,391.445133768952,453.2481062742319,0.4066580111513328,0.0047013485260307,0.0056275472923907,0.0045402159378766,2.202,0.208,0.19,3,0.864,0.863,5329.6,0.054,-0.058,102.8,-97.6,4.497,0.042,-0.048,-0.01,0.137,-0.147,0.033,-0.031,0.5482258915310552,True,True,0.1511627906976744
542,6198406,4.318800940520028,7.479858583027269,352.8660992893186,325.16255000256405,0.5109938073180536,0.0015752192116341,0.0031601367879038,0.0018773884766953,2.729,0.278,0.253,4,1.08,0.953,5661.9,0.073,-0.071,109.0,-104.9,4.341,0.063,-0.061,0.022,0.144,-0.165,0.065,-0.061,1.1860722420416028,True,False,0.11764705882352941
543,7107365,4.2958785610663455,7.713836320241731,559.4006066969657,291.579905100054,0.0954135533532842,0.0040356284018297,0.0060906116486239,0.0038343928750422,3.941,0.332,0.341,3,0.751,0.781,5047.8,0.039,-0.047,97.1,-91.5,4.577,0.026,-0.034,-0.125,0.133,-0.136,0.025,-0.025,0.2210651376133402,False,False,0.17204301075268819
544,7673889,4.257621884298873,7.473632422542879,454.1251359340489,465.64074851238865,0.3089973493325922,0.0048939826968675,0.0094660723378137,0.0021708456384188,2.834,0.258,0.252,3,1.186,1.053,5929.4,0.075,-0.078,114.8,-111.3,4.307,0.047,-0.049,-0.001,0.16,-0.147,0.046,-0.045,1.1416979487534586,True,False,0.10525615561398705
545,6580636,4.20575750502606,7.301173227168511,88.70420953884309,201.67661201834443,0.1677171017183426,0.0012225678340252,0.0136680608809797,0.0053714813302212,1.614,0.217,0.188,15,0.796,0.795,4978.8,0.05,-0.049,123.0,-110.6,4.525,0.057,-0.072,0.032,0.156,-0.157,0.08,-0.059,2.756229409539846,False,False,0.07618381626665825
546,10281830,4.177934370036549,7.179531614669728,506.9168031774163,154.98803618622298,0.3800912280869068,0.0089353479842556,0.0118718822433048,0.0080243523669332,1.979,0.178,0.165,3,0.791,0.838,5388.0,0.037,-0.05,94.4,-91.6,4.564,0.022,-0.035,-0.189,0.133,-0.157,0.022,-0.022,0.3453056709642736,True,True,0.14606741573033707
547,11445318,4.174646238670922,7.581003477061472,708.736402059654,160.5953108886051,0.3205134358562332,0.0030401616411173,0.0073538716619489,0.0061419715316152,2.426,0.239,0.223,3,0.815,0.868,5616.4,0.047,-0.048,102.1,-96.0,4.552,0.028,-0.036,-0.257,0.152,-0.19,0.04,-0.038,0.2718074873030643,False,False,0.26744186046511625
548,9752723,4.145012176664089,7.417243540333759,547.3117663890771,466.4489816365983,0.3241433413031998,0.0024763534057531,0.0032065393269227,0.0023238755241614,2.598,0.237,0.227,3,0.879,0.877,5387.8,0.055,-0.061,102.4,-98.7,4.49,0.039,-0.047,-0.008,0.136,-0.151,0.029,-0.027,0.3747501048322582,True,True,0.11363636363636363
549,5732178,4.124090234827445,7.400658540063455,308.1413098764611,165.17885198969623,0.4365955774992896,0.0039338916529026,0.0076497064176016,0.0044528974379595,3.083,0.257,0.253,5,1.37,1.351,6892.4,0.048,-0.051,157.6,-144.7,4.294,0.023,-0.029,-0.057,0.116,-0.145,0.044,-0.044,3.922451734544925,False,False,0.004181715839512565
550,6278059,4.119815872606006,7.18819033788368,562.1842439199594,464.5470247321059,0.850321582965199,0.0054496200326877,0.0066975011152976,0.0038164036473456,3.942,0.333,0.321,3,1.869,1.408,6328.8,0.065,-0.065,124.1,-126.2,4.04,0.033,-0.033,0.111,0.164,-0.131,0.054,-0.054,2.272599319267302,False,False,0.018070368334962155
551,11446138,4.083630936540409,7.706034493401418,131.66824403424124,245.0748712303485,0.5058105181750674,0.0007878606624182,0.0059973623944824,0.0027340313975501,2.192,0.169,0.164,8,1.418,1.356,6983.7,0.056,-0.05,151.7,-146.6,4.265,0.028,-0.031,-0.109,0.122,-0.142,0.038,-0.035,13.722814338459951,False,False,0.20430107526881722
552,7985134,4.062754479881239,7.283141532553352,497.4601349727443,184.17128539394537,0.7523701363232448,0.0061394722424256,0.0062170111996074,0.0057785645863925,3.982,0.358,0.34,3,1.548,1.285,6354.4,0.063,-0.069,137.6,-135.6,4.162,0.042,-0.045,-0.002,0.17,-0.185,0.066,-0.067,1.9847056200350413,False,False,0.14285714285714285
553,2970901,4.013858375674717,7.585023309669792,280.48799277041684,222.04951042383146,0.552009890511573,0.0022497462654213,0.0051462553641236,0.0034148715283804,1.858,0.141,0.138,4,1.173,1.201,6566.4,0.028,-0.041,127.4,-121.1,4.377,0.014,-0.021,-0.201,0.136,-0.167,0.022,-0.022,2.9051323251935663,False,False,0.018606243860685993
554,9813719,4.001049975004097,7.211543530141891,533.7920262183693,153.41825205195568,0.1990042829306002,0.0089869018888508,0.0110610575265267,0.0079794408349517,2.472,0.231,0.231,3,0.786,0.831,5334.0,0.038,-0.052,96.3,-90.6,4.565,0.023,-0.036,-0.173,0.132,-0.157,0.024,-0.022,0.3086442675257659,True,False,0.16279069767441862
555,2447568,3.952754884117615,7.747259827945113,373.7517861992663,231.80052880729056,0.0810180882360252,0.0028583761563553,0.0057208937214348,0.0037995568161582,4.765,0.376,0.387,4,1.086,0.763,5742.2,0.032,-0.022,96.2,-82.9,4.245,0.036,-0.033,-0.66,0.149,-0.13,0.039,-0.038,1.3487905131658666,True,False,0.0005760788078538554
556,8226993,3.951405445933027,7.095884582406639,355.7907611317232,564.454797348501,0.3961870007444534,0.0103011527204939,0.0138751591089091,0.009924156747963,3.137,0.382,0.34,3,1.086,0.995,5791.4,0.072,-0.075,107.1,-103.7,4.353,0.072,-0.075,-0.003,0.153,-0.156,0.092,-0.08,1.2704287234568528,True,False,0.21839080459770116
557,10799911,3.8243300920622207,7.292490411867476,384.17455393071685,336.2867090149622,0.272052152257472,0.0067166133701836,0.0133057680935681,0.0077907627317175,1.715,0.16,0.151,3,0.773,0.785,5240.8,0.043,-0.048,92.4,-88.1,4.553,0.032,-0.037,-0.236,0.12,-0.121,0.021,-0.02,0.4480170037525826,True,True,0.11494252873563218
558,6127152,3.776608605890424,7.530146649840865,379.2029855441076,286.2757925645284,1.0037046333385653,0.0074978356923085,0.0063659187266282,0.0050072299612522,2.074,0.164,0.16,4,1.804,1.838,7680.0,0.054,-0.063,177.0,-171.0,4.186,0.022,-0.025,0.297,0.099,-0.085,0.053,-0.051,6.506660723960172,False,False,0.09498291027655753
559,3232567,3.690869463267058,7.266714250914809,378.1585957514244,177.5777044688918,0.1930712107408544,0.004896577968047,0.0107571331771704,0.0060791477466018,1.604,0.15,0.151,4,0.761,0.776,4814.3,0.038,-0.037,81.7,-76.8,4.563,0.027,-0.027,0.075,0.116,-0.111,0.013,-0.013,0.316939407657724,True,True,0.0872942805938996
560,5709079,3.5485602537174525,7.429709092521051,579.4270668111207,246.64193014757598,0.9279592859224838,0.0125962355169445,0.0183990063593135,0.007488679175896,1.635,0.137,0.129,3,1.051,0.985,5769.2,0.072,-0.075,106.7,-104.1,4.386,0.041,-0.045,0.002,0.146,-0.164,0.027,-0.026,0.6028458659675077,True,True,0.04001264248991776
561,12008811,3.465802919355527,7.844609731836252,340.9635715618345,163.85312681334207,0.8277722833429284,0.0015995451903066,0.0038098815130236,0.002467116653598,1.674,0.141,0.129,5,0.849,0.893,5552.8,0.04,-0.053,97.3,-94.2,4.53,0.024,-0.036,-0.126,0.13,-0.151,0.025,-0.024,0.731441778226965,True,True,0.006040453357825729
562,5445759,3.448972804153952,7.222032101235495,381.2027330792867,469.39633266584286,0.1392014701049056,0.0061902018218343,0.0080825843919977,0.0055106353322052,3.441,0.33,0.328,3,0.865,0.902,5584.1,0.047,-0.056,100.2,-96.0,4.517,0.031,-0.043,-0.111,0.131,-0.159,0.039,-0.036,0.6658049499685209,True,True,0.11232052010688072
563,8233875,3.4467179233744467,7.19311402241239,366.4537329718332,378.7841590460455,0.4195045855157642,0.0055494514915838,0.0106601522950324,0.0080504042679998,2.919,0.272,0.261,3,1.35,1.001,5699.0,0.085,-0.075,115.8,-112.5,4.174,0.049,-0.049,0.026,0.167,-0.166,0.049,-0.047,1.7307913134773634,True,False,0.2345679012345679
564,9596152,3.442095712436988,7.407459356570291,335.0740230731934,362.6232999333272,0.1342112516611842,0.0030002756726335,0.0075383667462515,0.0045362870192053,2.6,0.256,0.257,3,0.783,0.836,5546.3,0.046,-0.055,99.2,-96.0,4.572,0.032,-0.031,-0.333,0.168,-0.233,0.036,-0.047,0.6630832030983851,True,True,0.10271305657070338
565,6706543,3.4264797654817887,7.247696625927995,383.0450991113247,136.45711745775918,0.6745912205183566,0.0026250478884594,0.0022450213249816,0.0020957064746542,3.301,0.28,0.269,4,1.536,1.328,6611.5,0.063,-0.049,135.9,-146.1,4.184,0.035,-0.033,-0.018,0.139,-0.164,0.051,-0.049,3.166715696431314,False,False,0.04212050618139829
566,4929449,3.390692325676904,7.626281426782513,51.76322240081302,150.67320454175234,0.605346666876521,0.0003933675216689,0.0065054275369912,0.0034149367157345,2.322,0.186,0.181,21,2.043,1.401,6759.8,0.066,-0.093,144.0,-136.6,3.96,0.032,-0.037,-0.259,0.117,-0.122,0.069,-0.064,85.39830686768386,False,False,0.011083234893762017
567,5621192,3.36748229990166,7.49399413019951,184.8396991399549,270.5710802756126,0.0786621993808314,0.0011336906857347,0.0037633541572058,0.0036559384545074,3.056,0.283,0.281,8,0.765,0.816,5416.2,0.044,-0.048,94.8,-91.0,4.58,0.025,-0.034,-0.297,0.156,-0.197,0.034,-0.032,1.294575488704293,True,False,0.017970067236794413
568,11394272,3.3330914479005465,7.692499681695738,188.2182172295861,242.80040678813072,0.0600648036567916,0.0012750559596407,0.005690908968482,0.0032742791523735,4.124,0.374,0.368,5,0.887,0.786,5731.6,0.052,-0.045,116.0,-102.9,4.43,0.06,-0.055,-0.583,0.147,-0.138,0.048,-0.045,2.201051652918044,False,False,0.175
569,8669667,3.30290622290649,7.457922585443816,253.1077375743591,219.29804165081106,0.149435418885552,0.0029874359100865,0.0047546480515805,0.0045998739060143,3.191,0.293,0.298,4,0.827,0.8,4967.7,0.042,-0.032,85.4,-80.6,4.501,0.037,-0.028,0.113,0.129,-0.128,0.025,-0.025,0.7144247531494158,True,True,0.12643678160919541
570,7020480,3.290606553372795,7.183102009856867,231.5246745591521,361.5483836635694,0.1337996440448418,0.0021012124153821,0.0051338107623552,0.0049538166018597,2.029,0.184,0.188,6,0.762,0.803,5215.9,0.035,-0.05,95.2,-91.6,4.577,0.022,-0.034,-0.187,0.129,-0.148,0.02,-0.019,0.8246372115950082,True,True,0.10540291891431466
571,9697658,3.266666457524728,7.371522337964644,391.8996060782375,396.5264272610551,0.158888001060997,0.0037178146792359,0.0079317647017609,0.005263619398711,2.424,0.225,0.229,4,0.703,0.726,4731.7,0.033,-0.035,86.6,-79.3,4.604,0.022,-0.026,-0.082,0.111,-0.113,0.018,-0.019,0.2517162866470538,False,False,0.049821075978805855
572,10798341,3.2640189641070005,7.197179543018295,249.772498406431,240.87489278881247,0.4351632822761052,0.0052584737771258,0.01203125838013,0.011475697014415,1.418,0.115,0.113,6,1.267,1.27,6625.2,0.033,-0.04,123.1,-126.3,4.335,0.017,-0.024,-0.086,0.118,-0.126,0.027,-0.025,3.948923870196536,False,False,0.09024226479914751
573,9107972,3.256322757709756,7.092305154547329,369.7277968579942,173.63314303041565,0.5832923487105276,0.0074184895052824,0.0137540801575799,0.0075904215952589,2.457,0.233,0.22,4,1.393,1.251,6367.1,0.059,-0.065,136.1,-134.3,4.24,0.046,-0.048,-0.012,0.152,-0.163,0.069,-0.065,2.467929931659043,False,False,0.313953488372093
574,9073985,3.1457295184139937,7.37685978548781,121.78049720445956,146.8451591925062,0.242392606745351,0.0016332141022159,0.0084795360203368,0.0057439307777938,1.509,0.133,0.128,11,1.131,0.993,6112.9,0.071,-0.067,123.2,-118.3,4.324,0.044,-0.044,-0.301,0.143,-0.135,0.035,-0.034,7.024700086529736,False,False,0.018111375674590872
575,6922384,3.123729952220909,7.303715739817445,66.11368880301023,175.3842799173526,0.1704612654235028,0.0007691267118283,0.0099753280944713,0.0024223115509506,2.205,0.201,0.195,22,1.157,1.075,6007.2,0.072,-0.078,114.9,-112.6,4.337,0.044,-0.048,-0.008,0.146,-0.17,0.044,-0.04,14.747173580123311,False,False,0.12195121951219512
576,6356331,3.119170186967869,7.296149982798438,365.9118770474881,320.76864085284126,0.5120200252592618,0.0041533175302922,0.0063488266709397,0.0035140054173329,2.21,0.184,0.178,4,1.53,1.327,6452.1,0.06,-0.052,124.5,-134.8,4.189,0.031,-0.031,0.082,0.139,-0.15,0.038,-0.04,3.0295488749829658,False,False,0.08816925125616447
577,12062409,3.100168712091492,7.16798330716295,385.6126378133967,314.13217412388633,0.2629363793424224,0.005432073894087,0.012159045477161,0.0072039820801388,2.263,0.21,0.203,4,0.997,0.989,5800.6,0.058,-0.072,104.7,-103.3,4.432,0.035,-0.046,-0.033,0.137,-0.152,0.031,-0.029,0.9537449992003116,True,True,0.2840909090909091
578,7421536,3.031474578657837,7.395239472491943,371.9264246759535,237.62760686522884,0.2177183029071402,0.0043786902175069,0.0050227569283906,0.004832155103287,1.478,0.126,0.125,4,0.762,0.815,5529.5,0.024,-0.035,93.5,-91.1,4.585,0.018,-0.029,-0.418,0.114,-0.123,0.014,-0.013,0.5451838911700149,True,True,0.04098344840748085
579,2580109,3.007534812564142,7.095578582371199,307.01358300057643,206.0045838472576,0.201825559351912,0.0051431851017559,0.0102401782463836,0.0074037757551233,2.386,0.238,0.226,5,0.671,0.685,4432.2,0.028,-0.025,80.6,-76.9,4.619,0.02,-0.022,0.01,0.114,-0.111,0.016,-0.016,0.2539079056707644,True,False,0.03303447764313618
580,12003963,2.947612933995305,7.578840559619614,501.8917854786391,186.0328208795019,0.7061284263778212,0.0034876036769417,0.0034756667482161,0.0028414042728517,2.431,0.2,0.188,3,1.374,0.976,5731.5,0.076,-0.065,109.0,-105.8,4.148,0.044,-0.04,-0.08,0.169,-0.13,0.031,-0.03,1.222743461953185,True,False,0.12195121951219512
581,6508401,2.9015431803814664,7.424060354379595,358.9655353449263,278.5062961920422,0.1545715633206566,0.0023427241504222,0.0047673967933699,0.0029824365243073,1.703,0.145,0.152,4,0.887,0.855,5287.2,0.061,-0.055,101.1,-89.6,4.471,0.04,-0.037,0.028,0.14,-0.141,0.017,-0.017,0.6298564241057845,True,True,0.041818732801215466
582,7432029,2.8951867614319493,7.246850894329365,211.7246452158146,322.6129273777864,0.3326528566770134,0.0034877732913364,0.0113114484229122,0.005111981308641,1.642,0.137,0.133,5,1.282,1.196,6296.2,0.062,-0.076,114.2,-126.2,4.298,0.032,-0.037,-0.022,0.152,-0.158,0.026,-0.027,4.275902437854754,False,False,0.13953488372093023
583,6708030,2.849338716447712,7.726108721863941,456.9609547030772,585.4317157720063,0.1232749990845982,0.0037778079678912,0.003585343240858,0.0035459714019514,2.749,0.213,0.221,3,0.991,1.009,5903.1,0.047,-0.066,103.1,-100.6,4.448,0.025,-0.038,-0.077,0.13,-0.149,0.022,-0.021,0.7935190969519383,True,True,0.011234209086730479
584,4649750,2.8348971506436325,7.602293961699584,103.24536815166267,149.503749893451,0.0541855930645596,0.0006350429357965,0.0051142692365061,0.0030526292979266,2.675,0.218,0.225,14,0.885,0.866,5338.3,0.059,-0.058,102.0,-95.3,4.478,0.042,-0.044,0.012,0.139,-0.149,0.025,-0.024,3.416069900330008,False,False,0.03844691178704457
585,6359509,2.798304865583736,7.206569661059544,363.2055820504436,159.68002160753696,0.735361142664019,0.0031682525126325,0.0068676542857005,0.0053561878125482,2.504,0.239,0.221,4,1.21,0.896,5428.3,0.061,-0.049,108.4,-93.9,4.22,0.048,-0.045,0.071,0.126,-0.163,0.052,-0.049,1.2498588176399634,True,False,0.21649484536082475
586,3752175,2.78103122833501,7.293392457514354,335.91029694563804,308.4544248157665,0.1843995306035714,0.0035937074123588,0.010096650234983,0.003657793607883,1.956,0.183,0.176,4,0.571,0.616,4871.6,0.018,-0.02,85.2,-86.6,4.714,0.018,-0.019,-0.846,0.105,-0.123,0.013,-0.017,0.2555432088184717,False,False,0.09172561374281146
587,4916056,2.636177515069507,7.571218396558459,363.7372680933804,373.3665860401061,0.0759402706889986,0.0030167979369995,0.0057460411726619,0.0041943712125194,2.74,0.217,0.227,4,0.819,0.794,5162.8,0.05,-0.042,94.0,-86.5,4.508,0.036,-0.03,-0.097,0.122,-0.112,0.017,-0.017,0.5045448184954276,True,True,0.025665855435713127
588,8145360,2.6291731974005845,7.318829766411056,316.41935461848243,250.92771537503006,0.1135800378689056,0.0028921888095865,0.0073013660939734,0.0023264521806337,2.617,0.233,0.242,5,0.632,0.653,4516.4,0.024,-0.025,85.0,-78.0,4.65,0.016,-0.019,-0.222,0.114,-0.119,0.014,-0.014,0.2409320006060354,False,False,0.12643678160919541
589,5446664,2.6189717660201275,7.428042111956179,154.9438038673013,164.0154795338362,0.1284762012227462,0.0004590606005652,0.0028015730217707,0.0012594225161551,1.935,0.168,0.17,9,0.871,0.915,5661.9,0.041,-0.053,102.2,-96.9,4.518,0.024,-0.035,-0.141,0.123,-0.152,0.026,-0.026,2.344366135681167,False,False,0.03206047886938503
590,6672758,2.3857118592841946,7.397242712936946,222.9294602843164,302.21369305038286,0.1034586322390422,0.0010204003545052,0.0035648645508216,0.0030747344108879,3.149,0.277,0.284,3,0.811,0.835,5238.3,0.044,-0.054,100.2,-95.1,4.54,0.031,-0.042,-0.064,0.134,-0.143,0.026,-0.025,0.9733756130635952,True,True,0.3372093023255814
591,11412270,2.357210629145266,7.383437445866511,466.2649311968607,299.393776855713,0.1971339720357186,0.0054344243702061,0.008174089719699,0.0029846504370175,2.65,0.227,0.229,3,1.048,1.024,6017.3,0.057,-0.066,112.1,-109.8,4.405,0.034,-0.042,-0.134,0.133,-0.139,0.03,-0.029,0.924354585152498,True,True,0.04879266602292368
592,9653522,2.2598349467753227,7.524032417984945,384.605579312736,249.2663843617843,0.0942916272575844,0.0026174931263015,0.0037588093292267,0.0036547776503777,3.785,0.324,0.329,4,0.925,0.895,5459.2,0.063,-0.064,108.6,-105.2,4.453,0.047,-0.052,0.01,0.142,-0.155,0.036,-0.034,0.6922094537236849,True,True,0.00976006792815043
593,5597445,2.23533350607269,7.168771828505236,50.93386715265241,174.82196139703595,0.4895397400798676,0.0006712836657163,0.0090698099825276,0.0032411037756329,2.906,0.25,0.242,20,2.904,1.742,6492.0,0.074,-0.067,131.9,-114.1,3.748,0.029,-0.03,0.075,0.151,-0.098,0.093,-0.083,129.7918597752054,False,False,0.1375
594,7469564,2.16018221037486,7.091271383976014,497.5477947638608,250.94420544438566,0.6710757244873654,0.0128975973639396,0.0090849306327659,0.0089650570541224,2.819,0.242,0.234,3,1.525,1.36,6678.6,0.071,-0.062,154.1,-150.0,4.202,0.036,-0.036,0.037,0.136,-0.179,0.051,-0.053,2.256165414019076,False,False,0.3411764705882353
595,4172808,2.0873413167495585,7.313983163246985,53.86612821843441,130.43005770630324,0.391328252360355,0.0001425260981098,0.00308088280174,0.0026024710119427,2.229,0.181,0.177,18,1.6,1.394,6755.8,0.075,-0.065,143.8,-136.5,4.172,0.034,-0.033,0.038,0.135,-0.177,0.045,-0.045,49.51024419662387,False,False,0.3950617283950617
596,8618444,2.0149726008063293,7.216401969899523,103.00267513992968,220.30170225790522,0.0874203476652848,0.0009911263857095,0.00862499614185,0.0047617779336799,2.958,0.279,0.28,12,0.879,0.872,5366.1,0.056,-0.06,106.7,-101.2,4.487,0.043,-0.05,-0.004,0.138,-0.15,0.034,-0.031,3.4348885773245668,False,False,0.1744186046511628
597,9698256,2.002860213549713,7.299315092613578,443.8014040651311,153.90556231117654,0.1921508841001746,0.0074430189365958,0.0070155680978659,0.0040899718285212,2.947,0.261,0.264,3,1.078,1.02,5871.2,0.07,-0.077,109.0,-106.4,4.377,0.042,-0.048,-0.005,0.141,-0.168,0.035,-0.033,0.9514768264931172,True,True,0.13095238095238096
598,7295930,1.7711560218860782,7.081790380490349,77.74033463168031,428.76791730932064,0.1321760375318476,0.0007559666965795,0.0070757910526622,0.0040019431292405,2.978,0.343,0.321,15,1.124,1.01,5823.5,0.076,-0.078,124.1,-120.2,4.33,0.068,-0.069,0.002,0.153,-0.154,0.084,-0.075,10.446000863650246,False,False,0.20930232558139536
599,9520453,1.7418201011644037,7.014309473835874,356.5850638227938,196.23443326633821,0.4073449080324034,0.0016004415420075,0.0034808942706157,0.0022412419624298,1.819,0.198,0.183,4,0.79,0.847,5615.1,0.056,-0.056,108.9,-104.6,4.566,0.036,-0.042,-0.345,0.192,-0.244,0.054,-0.052,0.6530624731564476,True,True,0.07643987925522899
600,5002805,1.708118659912239,7.305993124477205,394.1240033037566,390.80032685306793,0.7452974380317572,0.0028956347988619,0.0050401376014159,0.0042439949826078,2.813,0.232,0.223,4,1.362,1.241,6371.7,0.066,-0.069,139.0,-133.0,4.26,0.037,-0.036,-0.012,0.165,-0.183,0.034,-0.036,2.1606597267365,False,False,0.022532217968887835
601,6057579,1.5711533095774597,6.89588588631013,467.670114514499,167.63073979616615,0.4925175511533836,0.0128528414830332,0.0258511449376615,0.0070489989182006,1.951,0.169,0.166,3,1.221,1.17,6258.0,0.057,-0.067,123.2,-115.3,4.332,0.03,-0.04,-0.028,0.133,-0.14,0.032,-0.03,1.333209368770488,True,False,0.21951219512195122
602,8098689,1.4662029106051122,7.452097131793333,347.81270629542604,136.26201968977463,0.1236751971034796,0.0027395188668849,0.0067999774152129,0.0042518514995834,7.06,0.848,0.791,5,1.748,1.205,5977.4,0.106,-0.099,109.7,-111.5,4.024,0.071,-0.078,0.032,0.14,-0.166,0.161,-0.147,3.3832256488270604,False,False,0.13253012048192772
603,10255190,1.3846147840675211,7.202951186356239,664.2971097296603,232.49711983141145,0.2452878232476204,0.0015039390466306,0.0055097510302309,0.0049021734365984,3.279,0.318,0.313,3,0.922,0.923,5584.7,0.056,-0.064,101.4,-98.9,4.471,0.041,-0.052,-0.029,0.138,-0.154,0.041,-0.038,0.3558430785607846,True,True,0.18518518518518517
604,10005217,1.3300747122148362,7.013165403299438,343.85677743856775,200.3707903261498,0.2683923608305952,0.0048701102416885,0.0092210426474487,0.0057305371453724,2.315,0.231,0.225,5,1.03,0.974,5739.7,0.069,-0.073,105.4,-102.1,4.395,0.051,-0.057,-0.003,0.144,-0.161,0.05,-0.047,1.1555682516504795,True,False,0.15217391304347827
605,9040593,1.2510631080735235,7.186095778664838,364.7171536587895,188.7263823775723,0.3895714916265502,0.0025904667635985,0.0047513889820021,0.0035873518102814,3.006,0.267,0.261,4,1.654,1.304,6300.2,0.059,-0.065,131.0,-132.0,4.111,0.034,-0.036,0.009,0.154,-0.164,0.053,-0.053,3.285121007330318,False,False,0.04769651789661273
606,8235517,1.2311623679973582,7.05646059083163,97.77388655804388,153.13516704899348,0.0400253926950498,0.0028586543683051,0.0038748460712218,0.0027589651212195,6.761,0.636,0.628,3,1.183,0.921,5530.0,0.07,-0.062,116.1,-109.3,4.249,0.057,-0.055,0.032,0.161,-0.139,0.063,-0.06,7.3059881885493905,False,False,0.0009677125475252025
607,10527730,1.2189379501836068,7.440435770568126,288.6693267164726,233.16595273341193,0.1081732283270124,0.0014172721015967,0.0031850360755127,0.0030926686243125,3.224,0.328,0.321,4,0.812,0.789,4817.5,0.032,-0.031,104.9,-98.3,4.506,0.04,-0.039,0.202,0.133,-0.123,0.047,-0.04,0.5213887466712777,True,True,0.02178774369832084
608,9942557,1.1934376420623476,7.083345654697453,145.1508642840612,150.69594543515643,0.143641622588228,0.000484541217494,0.0040581190758634,0.003144501190475,1.815,0.175,0.174,9,0.664,0.681,4463.6,0.027,-0.026,80.1,-75.6,4.625,0.019,-0.022,-0.042,0.113,-0.113,0.016,-0.016,0.6972532061216247,True,True,0.225
609,7595897,1.1715995633802585,6.88585479405235,551.6123215116739,132.4165613816422,0.7667134164747114,0.0037627716561142,0.0046768022113716,0.0028365226641141,1.649,0.15,0.14,3,1.393,0.894,5231.8,0.043,-0.034,97.0,-83.6,4.098,0.033,-0.027,0.145,0.121,-0.147,0.031,-0.03,0.8156456702878815,True,True,0.18518518518518517
610,11719151,1.1399565125004436,7.303208211221988,491.02669365460974,355.1764838302873,0.7558877731277786,0.0078888975849778,0.0031244461432025,0.0030699160051589,3.021,0.294,0.263,3,0.847,0.841,5228.8,0.052,-0.052,98.6,-91.0,4.502,0.045,-0.047,0.001,0.138,-0.143,0.036,-0.034,0.3680246695950482,True,True,0.031856820881981426
611,5781710,1.0741618424587074,7.130137929159062,102.62443312733812,170.11299251022496,0.099260934911874,0.0004442170038014,0.0027848129984248,0.0021444986230674,1.634,0.142,0.146,14,0.847,0.888,5496.4,0.038,-0.056,96.8,-90.8,4.53,0.023,-0.037,-0.097,0.12,-0.15,0.019,-0.018,3.465143633980831,False,False,0.2891566265060241
612,3751083,1.0239915462802325,7.435691318490534,127.9466265046954,186.49006855624845,0.070445031810019,0.000986081552961,0.0059758735819448,0.0025759141518745,4.189,0.381,0.376,10,1.226,1.125,6114.6,0.07,-0.08,115.1,-117.2,4.303,0.05,-0.051,-0.018,0.157,-0.158,0.064,-0.057,7.186366589524726,False,False,0.0004966829573372866
613,10412127,0.9753540508008474,7.051265389187194,54.11987472271076,169.48319546636242,0.1051636888813946,0.0004218471148512,0.0074128483519178,0.0042167680396066,1.214,0.11,0.111,22,0.904,0.894,5620.7,0.056,-0.062,103.1,-100.7,4.475,0.034,-0.042,-0.141,0.129,-0.139,0.019,-0.017,10.102484487432866,False,False,0.26136363636363635
614,9173735,0.9671891169423432,7.36331778219978,380.256671338741,168.90076444536035,1.153199629574278,0.0045356840696827,0.0077283483096798,0.0026833608432866,5.117,0.415,0.405,3,2.065,1.587,6658.8,0.071,-0.075,137.8,-138.5,4.004,0.032,-0.032,0.178,0.162,-0.157,0.062,-0.058,5.287175255484089,False,False,0.036363070620423765
615,4771850,0.8600363019195925,7.049684464611919,339.9929640936815,422.38187378395446,0.3886220083312146,0.0010535972551287,0.0019033104102657,0.0013884645053622,2.551,0.238,0.226,3,0.962,1.007,6103.7,0.046,-0.054,123.5,-116.8,4.471,0.027,-0.033,-0.257,0.15,-0.184,0.042,-0.041,1.2768947210840675,True,False,0.2988505747126437
616,9580868,0.7806593994071473,7.189853641238052,245.4479683858478,250.92220508633784,0.0814224218365574,0.002585592059929,0.0058814359877602,0.0040552276813616,5.004,0.53,0.513,5,1.022,0.925,5574.7,0.07,-0.067,108.7,-106.9,4.376,0.067,-0.067,0.022,0.144,-0.163,0.069,-0.063,1.6545593903821485,True,False,0.3
617,12062217,0.6865062741120518,7.295759039428571,284.05886599005703,315.20894092288637,0.0968237337461442,0.0023742615970113,0.0063447084746619,0.0035004434803175,2.456,0.204,0.212,5,0.807,0.818,5493.0,0.045,-0.052,104.6,-99.0,4.535,0.032,-0.039,-0.315,0.124,-0.131,0.019,-0.019,0.8533022221730036,True,True,0.16470588235294117
618,10360615,0.6091870049553219,7.218563276665995,137.8291916517932,149.36152352281596,1.0591763232912041,0.0006665990067827,0.0033756082373495,0.0024119029435122,5.592,0.481,0.453,9,3.227,1.796,6339.0,0.067,-0.196,118.6,-123.7,3.668,0.027,-0.06,0.128,0.105,-0.16,0.106,-0.094,38.13909124827547,False,False,0.09683699301536458
619,4261638,0.2543675829440364,7.077772811268592,274.55260305361867,277.92731436608665,0.8735594475114776,0.0032628383311787,0.007094358210133,0.0043986896982567,3.381,0.285,0.278,5,1.806,1.452,6678.5,0.073,-0.065,133.7,-131.7,4.083,0.034,-0.032,0.063,0.16,-0.139,0.057,-0.054,6.703329684908948,False,False,0.11494252873563218
620,5565492,0.2379031992919955,7.130863327221223,263.1596729243803,385.6789043631595,0.1055930438956468,0.0027394346443472,0.0075578596419012,0.0045512666134599,2.409,0.201,0.21,5,1.015,0.914,5542.3,0.073,-0.066,114.6,-112.5,4.383,0.044,-0.044,0.029,0.145,-0.162,0.022,-0.022,1.4417056999448314,True,False,0.15476190476190477
621,12417995,0.1467047896051614,7.221231633359435,390.7752081295857,348.828204440029,0.9420500030720984,0.0046294969761911,0.0055538353722258,0.0025074435332414,3.373,0.271,0.263,4,1.607,1.282,6269.4,0.073,-0.094,231.4,-185.9,4.132,0.028,-0.035,-0.005,0.168,-0.173,0.026,-0.03,2.780205255434154,False,False,0.02454411782356471
622,4263945,-0.2302203590793166,6.994039957413739,164.78953777245485,148.31175386705672,0.8337368876733432,0.0012332672976475,0.0055030929727152,0.0039784279582249,4.709,0.424,0.407,8,2.582,1.649,6617.1,0.083,-0.085,134.8,-129.8,3.824,0.037,-0.038,0.019,0.153,-0.127,0.108,-0.102,24.09018989088449,False,False,0.014909288519033082
623,7468963,-1.1338715944067577,6.909756462688176,100.97201871917557,171.9766183659188,0.4998687433354256,0.0009201756397264,0.0076914409597738,0.0037376132172321,1.668,0.138,0.138,13,1.436,1.404,7037.1,0.051,-0.06,156.7,-145.3,4.268,0.023,-0.029,-0.037,0.109,-0.133,0.036,-0.034,20.21695683759891,False,False,0.11377941353489493
624,9402223,-3.867401899387639,6.39645797220546,272.2713861572317,365.989508977447,0.995322902394638,0.0017025646161875,0.0037941733367165,0.0034761400846796,3.351,0.294,0.294,5,2.686,1.574,6306.7,0.08,-0.175,112.7,-115.8,3.77,0.032,-0.056,0.014,0.116,-0.168,0.06,-0.053,11.366191451585568,False,False,0.2903225806451613
625,2155506,-4.689977918213055,7.159269911288091,63.83235278351272,281.6582290182367,0.5994594588348406,0.0002281233989033,0.0022749413399641,0.0014205052670336,71.058,8.895,8.355,10,21.416,1.004,4322.0,0.31,-0.171,94.4,-85.7,1.776,0.127,-0.105,-0.299,0.134,-0.136,2.002,-1.856,1476.0243640863691,False,False,0.008347562070622408
626,3234726,-13.999845684585376,4.357070075678724,347.9271587537702,248.30146157671015,3.614549240353945,0.0106183636738331,0.0182322600004989,0.0041404742535089,19.947,3.007,2.817,3,11.476,1.437,4659.9,0.371,-0.336,96.9,-87.5,2.445,0.121,-0.097,0.035,0.158,-0.153,1.076,-0.41,49.42320360962024,False,False,0.10450670673434564
627,7499440,-18.42386181379017,2.065514666139113,347.3768691362239,459.85798616102335,13.754034993676218,0.0128276274481202,0.0341360413454353,0.0143864439782971,25.637,7.311,8.97,4,38.432,1.336,4080.7,0.369,-0.33,81.5,-77.5,1.381,0.123,-0.126,-0.223,0.112,-0.15,3.908,-3.568,333.8974397622642,False,False,0.14432989690721648
