TIC,TOI,Period,Phase,Tau,SNR,Radius_planet,Mass,Radius,logg,FEH,Teff,Number of Valid Transits,Has Visible TTVs,log10(p value),μ(SNR | null),σ(SNR | null),sm_sf_grid,_cand_idx,Multiplicity,outlier_score,Interesting,ood_pvalue,Epoch,Duration,err_Period,err_Epoch,err_Duration,Radius_planet_errp,Radius_planet_errm,passed_all_tests,failed_tests,proposed_toi,nst_samples
231076038,,0.5273061405494524,0.2294577275143877,0.1217300612618784,26.73541711634143,1.781,1.38713,1.47767,4.23507,-0.179047,7113.48,1841,,-0.953077969621062,5.49619,0.882154,-0.0001|-0.0001|-0.0001|-0.0001|-0.0002|-0.0002|-0.0002|-0.0003|-0.0003|-0.0004|-0.0004|-0.0005|-0.0006|-0.0008|-0.0009|-0.0012|-0.0014|-0.0018|-0.0022|-0.0027|-0.0033|-0.0042|-0.0052|-0.0066|-0.0084|-0.0106|-0.0135|-0.0172|-0.0220|-0.0281|-0.0357|-0.0452|-0.0565|-0.0699|-0.0851|-0.1020|-0.1205|-0.1404|-0.1613|-0.1832|-0.2058|-0.2290|-0.2527|-0.2767|-0.3010|-0.3255|-0.3501|-0.3748|-0.3995|-0.4243|-0.4490|-0.4737|-0.4984|-0.5230|-0.5476|-0.5720|-0.5964|-0.6207|-0.6449|-0.6689|-0.6929|-0.7168|-0.7405|-0.7642|-0.7877|-0.9711|-1.1479|-1.3185|-1.4835|-1.6432|-1.7981|-1.9484|-2.0945|-2.2367|-2.3751|-2.5100|-2.6415|-2.7699|-2.8953|-3.0178,4,1,2.46,False,0.0098551890587288,1325.57449364895,0.2434601225237568,8.603059451766817e-07,0.002816357910794,0.0017162990913812,0.08,0.07,True,,2618.02,5.822869|3.587536|24.848665|24.876410|25.796083|4.861188|26.582159|7.657348
74712191,,2.7445868126733903,2.51387642,0.0909239815075851,19.907589844299608,4.281,1.5418,1.33797,4.36613,-0.379387,8452.52,49,,-1.9691239368992837,14.0513,1.20594,-0.0000|-0.0000|-0.0000|-0.0000|-0.0000|-0.0000|-0.0000|-0.0000|-0.0000|-0.0000|-0.0000|-0.0000|-0.0000|-0.0000|-0.0000|-0.0000|-0.0000|-0.0000|-0.0000|-0.0000|-0.0000|-0.0000|-0.0000|-0.0000|-0.0000|-0.0000|-0.0000|-0.0000|-0.0000|-0.0000|-0.0000|-0.0000|-0.0000|-0.0000|-0.0000|-0.0000|-0.0000|-0.0000|-0.0000|-0.0000|-0.0000|-0.0000|-0.0000|-0.0001|-0.0001|-0.0002|-0.0005|-0.0009|-0.0017|-0.0035|-0.0075|-0.0168|-0.0391|-0.0907|-0.1896|-0.3363|-0.5181|-0.7201|-0.9279|-1.1301|-1.3216|-1.5018|-1.6718|-1.8331|-1.9867|-3.0166|-3.8101|-4.4244|-4.8902|-5.2484|-5.5419|-5.8011|-6.0428|-6.2757|-6.5040|-6.7297|-6.9541|-7.1776|-7.4007|-7.6235,0,1,1.76,False,0.0643604183427192,1520.423559166491,0.1818479630151702,3.6863096291193023e-06,0.0022680205154337,0.0016808075681044,0.208,0.177,True,spurious,4852.02,16.095979|14.749332|13.464128|15.496456|15.476797|13.162935|12.713635|12.787907|13.117891|13.448171
9006668,,8.465604649719761,5.33330688,0.0350118393447181,13.79417479842336,2.084,0.775929,0.75623,4.57174,-0.0300465,4977.1,10,,-1.3922510772251837,10.9459,1.05873,-0.0000|-0.0000|-0.0000|-0.0000|-0.0000|-0.0000|-0.0000|-0.0000|-0.0000|-0.0000|-0.0000|-0.0000|-0.0000|-0.0000|-0.0000|-0.0000|-0.0000|-0.0000|-0.0000|-0.0000|-0.0000|-0.0000|-0.0000|-0.0000|-0.0000|-0.0000|-0.0000|-0.0000|-0.0000|-0.0000|-0.0000|-0.0000|-0.0000|-0.0000|-0.0000|-0.0001|-0.0001|-0.0002|-0.0004|-0.0007|-0.0012|-0.0022|-0.0042|-0.0080|-0.0157|-0.0311|-0.0610|-0.1143|-0.1997|-0.3228|-0.4827|-0.6697|-0.8686|-1.0649|-1.2504|-1.4231|-1.5840|-1.7346|-1.8766|-2.0114|-2.1399|-2.2630|-2.3813|-2.4953|-2.6054|-3.3789|-4.0305|-4.6071|-5.1341|-5.6273|-6.0967|-6.5491|-6.9887|-7.4186|-7.8409|-8.2569|-8.6677|-9.0742|-9.4769|-9.8763,0,1,0.21,False,0.3855591311343523,1359.4581746878102,0.0700236786894362,9.816606055582536e-06,0.0018680008904924,0.0025973558150204,0.144,0.134,True,,238.02,12.741928|9.540235|10.955943|10.748737|9.809871|9.428745|11.360363|10.905664|12.140307|11.826924
16884216,,13.02609226227078,10.161449248181864,0.0536002424279256,13.675548595607824,1.269,0.7129730700520945,0.7042346968976658,4.592483378233142,-0.2410679934825144,4856.321805222974,5,,-1.7977453688427565,12.5994,0.258563,0.0000|0.0000|0.0000|0.0000|0.0000|0.0000|0.0000|0.0000|0.0000|0.0000|0.0000|0.0000|0.0000|0.0000|0.0000|0.0000|0.0000|-0.0000|-0.0000|-0.0000|-0.0000|-0.0000|-0.0000|-0.0000|-0.0000|-0.0000|-0.0000|-0.0000|-0.0000|-0.0000|-0.0000|-0.0000|-0.0000|-0.0000|-0.0000|-0.0000|-0.0000|-0.0000|-0.0000|-0.0000|-0.0000|-0.0000|-0.0000|-0.0000|-0.0000|-0.0000|-0.0000|-0.0001|-0.0002|-0.0008|-0.0035|-0.0182|-0.1097|-0.5524|-1.3642|-2.0773|-2.6437|-3.1195|-3.5369|-3.9134|-4.2595|-4.5820|-4.8857|-5.1741|-5.4499|-7.3835|-9.1146|-10.7732|-12.3971|-14.0012|-15.5929|-17.1761|-18.7533|-20.3259|-21.8951|-23.4615|-25.0258|-26.5885|-28.1497|-29.7100,0,1,1.06,False,0.164320193081255,1965.964660576079,0.1072004848558512,2.3055158464293782e-05,0.0018242266655294,0.0026913797498058,0.087,0.083,False,spurious,2023.02,12.904770|12.251270|12.474078|12.970248|12.270311|12.514863|12.541234|12.956019|12.715290|12.445684
328081248,,14.010455682627516,10.674469928031156,0.0370253383788262,13.31579996461812,1.752,0.558276,0.588183,4.64513,-0.0121106,3521.0,4,,-1.9383256120721557,10.6672,0.652101,-0.0000|-0.0000|-0.0000|-0.0000|-0.0000|-0.0000|-0.0000|-0.0000|-0.0000|-0.0000|-0.0000|-0.0000|-0.0000|-0.0000|-0.0000|-0.0000|-0.0000|-0.0000|-0.0000|-0.0000|-0.0000|-0.0000|-0.0000|-0.0000|-0.0000|-0.0000|-0.0000|-0.0000|-0.0000|-0.0000|-0.0000|-0.0000|-0.0000|-0.0000|-0.0000|-0.0000|-0.0000|-0.0000|-0.0000|-0.0000|-0.0001|-0.0002|-0.0005|-0.0011|-0.0030|-0.0086|-0.0270|-0.0908|-0.2656|-0.5418|-0.8521|-1.1574|-1.4429|-1.7066|-1.9507|-2.1780|-2.3912|-2.5920|-2.7822|-2.9628|-3.1350|-3.2995|-3.4568|-3.6077|-3.7524|-4.7217|-5.4468|-6.0228|-6.5192|-6.9754|-7.4110|-7.8359|-8.2548|-8.6703|-9.0839|-9.4963|-9.9081|-10.3193|-10.7303|-11.1411,0,1,1.05,False,0.16532582461786,2780.582341718022,0.0740506767576524,5.1425130694203625e-05,0.0022589216232595,0.0025946655443858,0.178,0.167,True,,5799.02,10.204795|11.751213|10.204827|10.199078|10.395188|12.089101|10.421350|10.760912|10.203744|10.441999
39516274,,14.216043176424098,6.965096072794973,0.0583696054918284,12.586866789208525,1.378,0.724124,0.716385,4.58529,-0.00263104,4674.0,11,,-1.9207393274452529,8.8963,0.867857,-0.0000|-0.0000|-0.0000|-0.0000|-0.0000|-0.0000|-0.0000|-0.0000|-0.0000|-0.0000|-0.0000|-0.0000|-0.0000|-0.0000|-0.0000|-0.0000|-0.0000|-0.0000|-0.0000|-0.0000|-0.0000|-0.0000|-0.0000|-0.0000|-0.0000|-0.0000|-0.0000|-0.0000|-0.0000|-0.0000|-0.0000|-0.0000|-0.0001|-0.0001|-0.0002|-0.0004|-0.0008|-0.0016|-0.0034|-0.0074|-0.0168|-0.0395|-0.0916|-0.1920|-0.3424|-0.5271|-0.7285|-0.9329|-1.1320|-1.3217|-1.5015|-1.6720|-1.8342|-1.9892|-2.1377|-2.2805|-2.4183|-2.5514|-2.6804|-2.8056|-2.9274|-3.0459|-3.1616|-3.2745|-3.3850|-4.1904|-4.8973|-5.5272|-6.0889|-6.5907|-7.0439|-7.4617|-7.8558|-8.2352|-8.6055|-8.9704|-9.3321|-9.6918|-10.0504|-10.4083,0,1,0.94,False,0.1854384553499597,1990.6120008267465,0.1167392109836568,9.695094493299022e-06,0.0006241848062279,0.00078517073041,0.158,0.152,True,,5997.02,8.556380|8.785917|9.877770|10.133566|10.500080|8.092695|8.566414|8.061864|8.636635|8.782907
173612049,,9.737647920704289,9.04135811171234,0.0603780247187653,12.283228750875177,3.161,0.955558,0.966866,4.44489,-0.00210993,5672.06,8,,-1.7972001678848368,9.97438,0.599897,-0.0000|-0.0000|-0.0000|-0.0000|-0.0000|-0.0000|-0.0000|-0.0000|-0.0000|-0.0000|-0.0000|-0.0000|-0.0000|-0.0000|-0.0000|-0.0000|-0.0000|-0.0000|-0.0000|-0.0000|-0.0000|-0.0000|-0.0000|-0.0000|-0.0000|-0.0000|-0.0000|-0.0000|-0.0000|-0.0000|-0.0000|-0.0000|-0.0000|-0.0000|-0.0000|-0.0000|-0.0000|-0.0001|-0.0002|-0.0004|-0.0008|-0.0017|-0.0039|-0.0096|-0.0249|-0.0664|-0.1686|-0.3654|-0.6460|-0.9624|-1.2710|-1.5533|-1.8087|-2.0417|-2.2569|-2.4577|-2.6466|-2.8253|-2.9954|-3.1579|-3.3139|-3.4640|-3.6089|-3.7492|-3.8852|-4.8535|-5.6877|-6.4434|-7.1519|-7.8317|-8.4937|-9.1442|-9.7870|-10.4243|-11.0575|-11.6876|-12.3151|-12.9405|-13.5640|-14.1859,0,1,-0.06,False,0.4915526950925181,1747.7018329100683,0.1207560494375306,1.3452053874103804e-05,0.0016189608082165,0.0023949954074054,0.225,0.209,True,,1537.02,9.916199|10.001530|10.875823|9.140648|11.138684|10.197344|9.939005|9.892445|9.305459|9.616482
456560485,,8.915184146537264,0.9452885151015272,0.0724810720284217,12.185607713193898,8.777,1.05181,1.06564,4.39521,0.180452,5754.74,3,,-1.733156089815014,10.2011,0.530333,-0.0000|-0.0000|-0.0000|-0.0000|-0.0000|-0.0000|-0.0000|-0.0000|-0.0000|-0.0000|-0.0000|-0.0000|-0.0000|-0.0000|-0.0000|-0.0000|-0.0000|-0.0000|-0.0000|-0.0000|-0.0000|-0.0000|-0.0000|-0.0000|-0.0000|-0.0000|-0.0000|-0.0000|-0.0000|-0.0000|-0.0000|-0.0000|-0.0000|-0.0000|-0.0000|-0.0000|-0.0000|-0.0000|-0.0001|-0.0002|-0.0004|-0.0009|-0.0021|-0.0052|-0.0133|-0.0357|-0.0965|-0.2367|-0.4872|-0.8281|-1.1875|-1.5146|-1.8030|-2.0603|-2.2942|-2.5101|-2.7118|-2.9019|-3.0822|-3.2539|-3.4183|-3.5761|-3.7281|-3.8746|-4.0164|-5.0098|-5.8386|-6.5654|-7.2284|-7.8529|-8.4550|-9.0441|-9.6257|-10.2028|-10.7770|-11.3493|-11.9201|-12.4898|-13.0587|-13.6268,0,1,-0.7,False,0.6848350764279968,3098.627898165956,0.1449621440568434,3.2649903635911065e-05,0.0011129194760647,0.0021974547145432,0.599,0.562,True,,3296.02,9.565220|9.741394|10.426751|9.860161|9.451676|10.768636|9.911827|10.486149|10.950966|10.848197
382259755,,62.705835454736864,25.77764992,0.0201343114739051,12.04645486374216,9.443,1.03064,1.0358,4.41533,-0.117659,5994.68,6,,-1.2628239929215004,11.2104,0.350404,0.0000|0.0000|-0.0000|-0.0000|-0.0000|-0.0000|-0.0000|-0.0000|-0.0000|-0.0000|-0.0000|-0.0000|-0.0000|-0.0000|-0.0000|-0.0000|-0.0000|-0.0000|-0.0000|-0.0000|-0.0000|-0.0000|-0.0000|-0.0000|-0.0000|-0.0000|-0.0000|-0.0000|-0.0000|-0.0000|-0.0000|-0.0000|-0.0000|-0.0000|-0.0000|-0.0000|-0.0000|-0.0000|-0.0000|-0.0000|-0.0000|-0.0000|-0.0000|-0.0001|-0.0002|-0.0007|-0.0021|-0.0071|-0.0264|-0.1057|-0.3959|-0.9856|-1.5704|-2.0356|-2.4143|-2.7353|-3.0166|-3.2684|-3.4976|-3.7084|-3.9040|-4.0869|-4.2588|-4.4212|-4.5753|-5.5962|-6.4112|-7.1357|-7.8212|-8.4901|-9.1519|-9.8107|-10.4681|-11.1249|-11.7813|-12.4377|-13.0940|-13.7502|-14.4065|-15.0627,0,1,1.2,False,0.1395816572807723,2989.8107363763265,0.0402686229478102,0.0001639246245221,0.0017343666278422,0.0020972303954586,0.586,0.582,False,spurious,2622.02,10.724350|11.277100|11.598297|11.387853|11.571329|11.278631|10.736871|11.280169
287328202,,0.2953923578431328,0.166864243070979,0.0526690358413502,12.033574195920965,1.505,1.12879,1.2426,4.29086,-0.0162593,6088.34,2380,,-1.837183575957826,5.99655,1.48955,-0.0000|-0.0000|-0.0000|-0.0001|-0.0001|-0.0001|-0.0001|-0.0002|-0.0002|-0.0003|-0.0003|-0.0004|-0.0005|-0.0007|-0.0009|-0.0012|-0.0015|-0.0020|-0.0026|-0.0035|-0.0046|-0.0061|-0.0081|-0.0108|-0.0144|-0.0193|-0.0260|-0.0350|-0.0470|-0.0632|-0.0844|-0.1121|-0.1472|-0.1908|-0.2436|-0.3059|-0.3777|-0.4585|-0.5473|-0.6426|-0.7428|-0.8458|-0.9499|-1.0536|-1.1557|-1.2556|-1.3529|-1.4475|-1.5394|-1.6288|-1.7157|-1.8003|-1.8827|-1.9632|-2.0418|-2.1187|-2.1939|-2.2677|-2.3401|-2.4111|-2.4809|-2.5496|-2.6171|-2.6836|-2.7491|-3.2402|-3.6896|-4.1085|-4.5045|-4.8826|-5.2467|-5.5994|-5.9428|-6.2783|-6.6073|-6.9305|-7.2488|-7.5628|-7.8730|-8.1798,2,1,2.82,True,0.0002011263073209,1354.3016124046408,0.1053380716827004,2.9549506617375024e-07,0.0019117924984654,0.0018036354010902,0.089,0.082,True,,6707.02,3.600638|6.846555|8.340019|6.591887|6.829185|5.987071|4.902747|3.918382|7.721916
329148988,,9.673203962440182,8.97912213,0.0285314217732613,11.858891841095744,1.516,0.448544,0.463533,4.7528,-0.0118558,3540.28,20,,-1.3913248932747069,10.637,0.524877,-0.0000|-0.0000|-0.0000|-0.0000|-0.0000|-0.0000|-0.0000|-0.0000|-0.0000|-0.0000|-0.0000|-0.0000|-0.0000|-0.0000|-0.0000|-0.0000|-0.0000|-0.0000|-0.0000|-0.0000|-0.0000|-0.0000|-0.0000|-0.0000|-0.0000|-0.0000|-0.0000|-0.0000|-0.0000|-0.0000|-0.0000|-0.0000|-0.0000|-0.0000|-0.0000|-0.0000|-0.0000|-0.0000|-0.0000|-0.0000|-0.0000|-0.0001|-0.0002|-0.0005|-0.0014|-0.0042|-0.0131|-0.0441|-0.1497|-0.4271|-0.8750|-1.3545|-1.7811|-2.1503|-2.4759|-2.7690|-3.0370|-3.2848|-3.5159|-3.7325|-3.9365|-4.1294|-4.3121|-4.4857|-4.6511|-5.7492|-6.6269|-7.4157|-8.1673|-8.9013|-9.6258|-10.3447|-11.0603|-11.7737|-12.4857|-13.1968|-13.9072|-14.6172|-15.3269|-16.0364,1,1,0.96,False,0.1830249396621078,1747.638290863484,0.0570628435465226,1.3052230213481412e-05,0.001897617270178,0.0022133286653792,0.145,0.135,True,spurious,2285.02,10.784720|10.772861|9.937255|10.411676|10.414260|10.984095|11.011423|11.699963|10.714351|10.789155
388104525,,110.50802552403611,57.30527132,0.0862954097595508,11.583061989448206,3.404,1.05499,1.05341,4.41047,0.19521,5765.57,7,,-1.3282373972651196,10.718,0.336324,-0.0000|-0.0000|-0.0000|-0.0000|-0.0000|-0.0000|-0.0000|-0.0000|-0.0000|-0.0000|-0.0000|-0.0000|-0.0000|-0.0000|-0.0000|-0.0000|-0.0000|-0.0000|-0.0000|-0.0000|-0.0000|-0.0000|-0.0000|-0.0000|-0.0000|-0.0000|-0.0000|-0.0000|-0.0000|-0.0000|-0.0000|-0.0000|-0.0000|-0.0000|-0.0000|-0.0000|-0.0000|-0.0000|-0.0000|-0.0000|-0.0000|-0.0000|-0.0001|-0.0002|-0.0006|-0.0019|-0.0067|-0.0261|-0.1092|-0.4102|-1.0117|-1.6387|-2.1553|-2.5841|-2.9550|-3.2854|-3.5856|-3.8626|-4.1211|-4.3646|-4.5956|-4.8163|-5.0282|-5.2325|-5.4305|-6.8557|-8.1471|-9.3866|-10.6030|-11.8072|-13.0039|-14.1954|-15.3830|-16.5674|-17.7491|-18.9285|-20.1058|-21.2813|-22.4552|-23.6277,0,1,1.67,False,0.0734111021721641,1382.6102808103897,0.1725908195191016,0.0002450266964674,0.0035527732218947,0.0045608578155714,0.241,0.231,False,spurious|snrd,112.02,10.809351|10.270557|11.319633|10.843767|11.030931|10.801613|10.221233|10.787179|10.633916|11.067269
388811663,,34.41194254416101,13.657291343768309,0.0367047758771154,11.243793012517292,3.936,0.637049,0.654975,4.60709,0.0975836,4100.78,3,,-1.9514019846041064,10.2968,0.248379,0.0000|0.0000|0.0000|0.0000|0.0000|0.0000|0.0000|0.0000|0.0000|0.0000|0.0000|0.0000|0.0000|-0.0000|-0.0000|-0.0000|-0.0000|-0.0000|-0.0000|-0.0000|-0.0000|-0.0000|-0.0000|-0.0000|-0.0000|-0.0000|-0.0000|-0.0000|-0.0000|-0.0000|-0.0000|-0.0000|-0.0000|-0.0000|-0.0000|-0.0000|-0.0000|-0.0000|-0.0000|-0.0000|-0.0000|-0.0000|-0.0000|-0.0001|-0.0005|-0.0021|-0.0113|-0.0753|-0.4745|-1.3614|-2.1273|-2.7046|-3.1672|-3.5559|-3.8934|-4.1937|-4.4662|-4.7176|-4.9524|-5.1742|-5.3855|-5.5880|-5.7833|-5.9725|-6.1564|-7.5003|-8.7407|-9.9451|-11.1362|-12.3222|-13.5060|-14.6889|-15.8714|-17.0537|-18.2358|-19.4180|-20.6001|-21.7822|-22.9642|-24.1463,0,1,2.19,False,0.0289621882542236,2461.3562315874733,0.0734095517542308,0.0001622316176181,0.0009875286453694,0.0018118170569568,0.251,0.244,False,spurious,5155.02,10.278842|10.312319|10.578551|10.076284|10.329902|10.423442|10.577354|10.622404|10.077888|10.259164
219344917,,39.96508137709866,27.37486422,0.0287873802149075,11.012330427522835,2.102,0.755643,0.730862,4.58806,-0.0336659,4853.17,4,,-1.152397549221251,10.4853,0.156981,0.0000|0.0000|0.0000|0.0000|0.0000|0.0000|0.0000|0.0000|0.0000|0.0000|0.0000|0.0000|0.0000|0.0000|0.0000|-0.0000|-0.0000|-0.0000|-0.0000|-0.0000|-0.0000|-0.0000|-0.0000|-0.0000|-0.0000|-0.0000|-0.0000|-0.0000|-0.0000|-0.0000|-0.0000|-0.0000|-0.0000|-0.0000|-0.0000|-0.0000|-0.0000|-0.0000|-0.0000|-0.0000|-0.0000|-0.0000|-0.0000|-0.0001|-0.0002|-0.0011|-0.0054|-0.0327|-0.2243|-0.9361|-1.7797|-2.4369|-2.9677|-3.4221|-3.8264|-4.1950|-4.5366|-4.8568|-5.1598|-5.4484|-5.7250|-5.9915|-6.2492|-6.4993|-6.7429|-8.5218|-10.1501|-11.7197|-13.2671|-14.8057|-16.3408|-17.8743|-19.4072|-20.9398|-22.4723|-24.0046|-25.5370|-27.0694|-28.6017|-30.1340,0,1,1.38,False,0.1102172164119066,1438.2873394736089,0.057574760429815,5.500393688882039e-05,0.0015298513564132,0.0024625693318388,0.151,0.147,False,spurious,871.02,10.340182|10.414177|10.351924|10.611145|10.370620|10.891711|10.355653|10.718414|10.738408|10.647984
259233660,,4.213461274660991,3.35415003,0.0273817994444738,10.973101117409314,1.115,0.558276,0.588183,4.64513,-0.0121106,3419.0,206,,-1.7597999768954122,4.40093,1.3776,-0.0001|-0.0002|-0.0002|-0.0003|-0.0003|-0.0004|-0.0005|-0.0007|-0.0008|-0.0010|-0.0013|-0.0016|-0.0021|-0.0026|-0.0033|-0.0042|-0.0053|-0.0067|-0.0086|-0.0110|-0.0141|-0.0181|-0.0233|-0.0300|-0.0386|-0.0498|-0.0641|-0.0825|-0.1057|-0.1349|-0.1708|-0.2143|-0.2659|-0.3255|-0.3929|-0.4675|-0.5482|-0.6342|-0.7241|-0.8169|-0.9116|-1.0072|-1.1031|-1.1985|-1.2932|-1.3866|-1.4787|-1.5692|-1.6581|-1.7454|-1.8310|-1.9150|-1.9974|-2.0782|-2.1575|-2.2353|-2.3117|-2.3867|-2.4604|-2.5328|-2.6040|-2.6740|-2.7429|-2.8107|-2.8774|-3.3736|-3.8178|-4.2198|-4.5870|-4.9254|-5.2402|-5.5357|-5.8157|-6.0830|-6.3401|-6.5890|-6.8312|-7.0678|-7.2999|-7.5281,0,1,0.99,False,0.1773934030571198,1686.7123052612878,0.0547635988889476,2.8451180759589723e-06,0.0009777464637824,0.001293581679721,0.109,0.102,True,,6000.02,5.324694|4.505695|6.398828|6.901709|2.874289|5.054986|6.798972|3.819747|9.195730|4.231002
129372561,,0.6909219417772063,0.4448659344031854,0.0928158377743861,10.972685168218646,3.315,1.69513,1.94013,4.08839,-0.0368829,7747.94,106,,-1.3810281888443448,9.37319,0.63851,-0.0000|-0.0000|-0.0000|-0.0000|-0.0000|-0.0000|-0.0000|-0.0000|-0.0000|-0.0000|-0.0000|-0.0000|-0.0000|-0.0000|-0.0000|-0.0000|-0.0000|-0.0000|-0.0000|-0.0000|-0.0000|-0.0000|-0.0000|-0.0000|-0.0000|-0.0000|-0.0000|-0.0000|-0.0000|-0.0000|-0.0000|-0.0000|-0.0000|-0.0000|-0.0001|-0.0002|-0.0003|-0.0006|-0.0012|-0.0024|-0.0051|-0.0111|-0.0248|-0.0559|-0.1223|-0.2487|-0.4554|-0.7364|-1.0458|-1.3375|-1.5977|-1.8302|-2.0409|-2.2347|-2.4150|-2.5843|-2.7444|-2.8966|-3.0420|-3.1814|-3.3154|-3.4447|-3.5696|-3.6907|-3.8082|-4.6457|-5.3640|-6.0046|-6.5888|-7.1308|-7.6413|-8.1288|-8.5998|-9.0594|-9.5110|-9.9572|-10.3996|-10.8395|-11.2776|-11.7145,0,1,2.45,False,0.0110619469026548,2229.501051789616,0.1856316755487722,1.2389011814972156e-06,0.001797068059419,0.0022292846143932,0.19,0.179,True,spurious,2672.02,8.854476|8.879361|8.813337|9.444505|10.015800|9.797786|9.930550|9.596939|10.255793|8.143328
278525028,,35.729642287991275,20.950922812375296,0.0824293954941282,10.923622374077135,11.967,1.01839,1.04563,4.4043,0.0259846,5792.8,3,,-1.3873531131012269,10.1495,0.321009,0.0000|0.0000|0.0000|0.0000|0.0000|0.0000|0.0000|0.0000|0.0000|0.0000|-0.0000|-0.0000|-0.0000|-0.0000|-0.0000|-0.0000|-0.0000|-0.0000|-0.0000|-0.0000|-0.0000|-0.0000|-0.0000|-0.0000|-0.0000|-0.0000|-0.0000|-0.0000|-0.0000|-0.0000|-0.0000|-0.0000|-0.0000|-0.0000|-0.0000|-0.0000|-0.0000|-0.0000|-0.0000|-0.0000|-0.0000|-0.0000|-0.0001|-0.0002|-0.0008|-0.0035|-0.0175|-0.1026|-0.5244|-1.3469|-2.0621|-2.6235|-3.0900|-3.4929|-3.8492|-4.1695|-4.4606|-4.7277|-4.9745|-5.2040|-5.4189|-5.6212|-5.8128|-5.9954|-6.1706|-7.4111|-8.5500|-9.6667|-10.7780|-11.8877|-12.9969|-14.1060|-15.2149|-16.3239|-17.4329|-18.5418|-19.6508|-20.7598|-21.8687|-22.9777,0,1,0.68,False,0.247385358004827,1346.3003284214064,0.1648587909882564,8.07942975245152e-05,0.0047349181468808,0.0097967645951764,8.263,8.223,False,spurious,6816.02,10.458505|10.241137|10.503421|10.043013|10.103787|10.476472|10.619438|10.213142|9.951057|10.462936
166739520,,6.778780793200039,2.637998353060929,0.0208879767520548,10.820220597518068,2.25,1.11022,1.17329,4.33978,-0.0696232,6161.44,27,,-1.6727556573868427,9.51818,0.412827,0.0000|-0.0000|-0.0000|-0.0000|-0.0000|-0.0000|-0.0000|-0.0000|-0.0000|-0.0000|-0.0000|-0.0000|-0.0000|-0.0000|-0.0000|-0.0000|-0.0000|-0.0000|-0.0000|-0.0000|-0.0000|-0.0000|-0.0000|-0.0000|-0.0000|-0.0000|-0.0000|-0.0000|-0.0000|-0.0000|-0.0000|-0.0000|-0.0000|-0.0000|-0.0000|-0.0000|-0.0000|-0.0000|-0.0000|-0.0001|-0.0002|-0.0005|-0.0015|-0.0049|-0.0168|-0.0622|-0.2252|-0.6434|-1.2333|-1.7682|-2.2127|-2.5930|-2.9290|-3.2325|-3.5109|-3.7694|-4.0120|-4.2414|-4.4600|-4.6693|-4.8709|-5.0658|-5.2548|-5.4388|-5.6182|-6.9299|-8.1160|-9.2375|-10.3243|-11.3918|-12.4480|-13.4975|-14.5429|-15.5857|-16.6268|-17.6670|-18.7064|-19.7453|-20.7840|-21.8225,0,1,0.08,False,0.4374497184231697,1356.7597856973298,0.0417759535041096,7.902250805810031e-06,0.0012436849047212,0.00240773332884,0.15,0.15,False,,190.02,9.783390|9.978992|9.211369|9.965856|10.258216|9.224231|9.558162|9.562303|9.877006|9.964940
326386495,,0.2266221477755563,0.08333292,0.0554851961344816,10.799813114179722,0.726,0.755802,0.724053,4.59341,0.00729374,4781.4,401,,-1.888341410558347,9.37693,0.322663,-0.0000|-0.0000|-0.0000|-0.0000|-0.0000|-0.0000|-0.0000|-0.0000|-0.0000|-0.0000|-0.0000|-0.0000|-0.0000|-0.0000|-0.0000|-0.0000|-0.0000|-0.0000|-0.0000|-0.0000|-0.0000|-0.0000|-0.0000|-0.0000|-0.0000|-0.0000|-0.0000|-0.0000|-0.0000|-0.0000|-0.0000|-0.0000|-0.0000|-0.0000|-0.0000|-0.0000|-0.0000|-0.0000|-0.0001|-0.0002|-0.0006|-0.0016|-0.0047|-0.0154|-0.0538|-0.1853|-0.5209|-1.0434|-1.5559|-1.9849|-2.3469|-2.6631|-2.9473|-3.2083|-3.4516|-3.6812|-3.8996|-4.1090|-4.3107|-4.5059|-4.6955|-4.8801|-5.0604|-5.2368|-5.4097|-6.6938|-7.8750|-8.9985|-10.0859|-11.1488|-12.1941|-13.2266|-14.2494|-15.2651|-16.2756|-17.2822|-18.2861|-19.2879|-20.2882|-21.2875,1,1,3.59,True,0.0002011263073209,1657.2661187988706,0.1109703922689632,5.324393246201542e-07,0.0069026944131916,0.0075708490048968,0.049,0.048,True,spurious,4424.02,8.877062|9.901817|9.750324|9.065530|9.673466|9.621191|9.271012|9.738001|9.078189|9.321798
178155732,,20.49084942530443,6.534312348250299,0.0299461459358549,10.735551452121362,1.643,1.13273,1.2558,4.28475,-0.187747,6309.65,6,,-1.376910893149345,9.61429,0.450309,-0.0000|-0.0000|-0.0000|-0.0000|-0.0000|-0.0000|-0.0000|-0.0000|-0.0000|-0.0000|-0.0000|-0.0000|-0.0000|-0.0000|-0.0000|-0.0000|-0.0000|-0.0000|-0.0000|-0.0000|-0.0000|-0.0000|-0.0000|-0.0000|-0.0000|-0.0000|-0.0000|-0.0000|-0.0000|-0.0000|-0.0000|-0.0000|-0.0000|-0.0000|-0.0000|-0.0000|-0.0000|-0.0000|-0.0001|-0.0002|-0.0005|-0.0012|-0.0034|-0.0103|-0.0349|-0.1254|-0.3682|-0.7401|-1.1418|-1.5165|-1.8524|-2.1540|-2.4277|-2.6786|-2.9104|-3.1263|-3.3286|-3.5193|-3.7001|-3.8722|-4.0370|-4.1952|-4.3476|-4.4950|-4.6379|-5.6561|-6.5412|-7.3522|-8.1198|-8.8616|-9.5872|-10.3025|-11.0108|-11.7142|-12.4139|-13.1108|-13.8056|-14.4987|-15.1903|-15.8809,1,3,3.12,True,0.0002011263073209,1392.5073312874883,0.0598922918717098,2.8141562044590875e-05,0.0021315021071879,0.0032210378065764,0.108,0.109,False,spurious,396.04,9.436456|9.364596|9.621680|9.218461|10.705004|9.158140|9.457677|10.115339|9.542417|9.705398
356916207,,189.49504722476075,45.633230304815314,0.0472520503709821,10.638616100941965,3.208,1.07667,1.1625,4.33249,0.0118828,5957.0,5,,-1.6021741709099615,4.25816,1.18071,-0.0001|-0.0001|-0.0001|-0.0001|-0.0001|-0.0002|-0.0002|-0.0003|-0.0003|-0.0004|-0.0005|-0.0007|-0.0008|-0.0011|-0.0014|-0.0018|-0.0024|-0.0031|-0.0040|-0.0052|-0.0068|-0.0090|-0.0119|-0.0157|-0.0208|-0.0276|-0.0367|-0.0488|-0.0649|-0.0859|-0.1129|-0.1472|-0.1897|-0.2408|-0.3007|-0.3692|-0.4456|-0.5288|-0.6176|-0.7107|-0.8067|-0.9042|-1.0023|-1.1001|-1.1968|-1.2920|-1.3855|-1.4771|-1.5668|-1.6545|-1.7403|-1.8242|-1.9064|-1.9869|-2.0658|-2.1431|-2.2190|-2.2936|-2.3668|-2.4388|-2.5096|-2.5792|-2.6478|-2.7154|-2.7819|-3.2801|-3.7325|-4.1479|-4.5320|-4.8884|-5.2201|-5.5298|-5.8200|-6.0936|-6.3532|-6.6014|-6.8404|-7.0722|-7.2982|-7.5198,2,1,2.08,False,0.0337892196299275,1728.9924309509806,0.0945041007419642,0.0002782308418259,0.0014600871050717,0.0022237202236006,0.22,0.219,False,spurious|snrd,6044.02,3.048186|7.396101|6.050323|4.418765|9.020354|4.311254|6.443492|6.081983|7.014352|5.141447
209408136,,5.286003375535652,2.5593331888754163,0.0259783521420461,10.625060862270882,4.967,1.19589,1.29085,4.28969,0.155239,6154.01,19,,-1.6710618021479884,9.35502,0.300622,-0.0000|-0.0000|-0.0000|-0.0000|-0.0000|-0.0000|-0.0000|-0.0000|-0.0000|-0.0000|-0.0000|-0.0000|-0.0000|-0.0000|-0.0000|-0.0000|-0.0000|-0.0000|-0.0000|-0.0000|-0.0000|-0.0000|-0.0000|-0.0000|-0.0000|-0.0000|-0.0000|-0.0000|-0.0000|-0.0000|-0.0000|-0.0000|-0.0000|-0.0000|-0.0000|-0.0000|-0.0000|-0.0000|-0.0001|-0.0002|-0.0005|-0.0013|-0.0040|-0.0130|-0.0452|-0.1583|-0.4655|-0.9764|-1.5041|-1.9531|-2.3336|-2.6656|-2.9622|-3.2316|-3.4791|-3.7086|-3.9227|-4.1236|-4.3130|-4.4923|-4.6629|-4.8257|-4.9818|-5.1320|-5.2772|-6.3128|-7.2394|-8.1178|-8.9695|-9.8045|-10.6286|-11.4452|-12.2569|-13.0650|-13.8706|-14.6745|-15.4770|-16.2787|-17.0796|-17.8800,0,1,-0.1,False,0.5120675784392599,1413.511732403189,0.0519567042840922,3.698385099716444e-06,0.0016302039282009,0.001851658727256,0.347,0.345,False,spurious,2681.02,9.334331|9.466036|9.843840|8.805747|9.655338|9.933469|9.374823|9.316823|9.919979|9.156600
137843225,,78.38218662171698,32.192490808805765,0.0240321223680507,10.612160004343108,4.924,0.733078,0.723307,4.58206,-0.00211925,4717.0,4,,-1.6304914256223797,9.56589,0.191687,0.0000|-0.0000|-0.0000|-0.0000|-0.0000|-0.0000|-0.0000|-0.0000|-0.0000|-0.0000|-0.0000|-0.0000|-0.0000|-0.0000|-0.0000|-0.0000|-0.0000|-0.0000|-0.0000|-0.0000|-0.0000|-0.0000|-0.0000|-0.0000|-0.0000|-0.0000|-0.0000|-0.0000|-0.0000|-0.0000|-0.0000|-0.0000|-0.0000|-0.0000|-0.0000|-0.0000|-0.0000|-0.0000|-0.0000|-0.0000|-0.0001|-0.0002|-0.0007|-0.0027|-0.0110|-0.0516|-0.2460|-0.7716|-1.4338|-2.0092|-2.4906|-2.9084|-3.2826|-3.6249|-3.9427|-4.2408|-4.5226|-4.7905|-5.0462|-5.2908|-5.5255|-5.7508|-5.9674|-6.1759|-6.3768|-7.7743|-8.9866|-10.1440|-11.2864|-12.4244|-13.5611|-14.6973|-15.8334|-16.9694|-18.1054|-19.2415|-20.3775|-21.5135|-22.6495|-23.7855,0,1,2.23,False,0.0257441673370876,1743.5975485090166,0.0480642447361014,0.0001666714024431,0.0022523823749487,0.0026961338275734,0.435,0.421,False,spurious,5706.02,9.455814|9.455252|10.001271|9.515046|9.739622|9.454405|9.829431|9.718646|10.263436|9.809659
224279091,,25.64384857086297,14.7551401910654,0.0729416212247386,10.56566893997203,3.045,0.892907,0.853354,4.5241,-0.0930409,5505.71,4,,-1.6250057262084718,9.3482,0.449583,-0.0000|-0.0000|-0.0000|-0.0000|-0.0000|-0.0000|-0.0000|-0.0000|-0.0000|-0.0000|-0.0000|-0.0000|-0.0000|-0.0000|-0.0000|-0.0000|-0.0000|-0.0000|-0.0000|-0.0000|-0.0000|-0.0000|-0.0000|-0.0000|-0.0000|-0.0000|-0.0000|-0.0000|-0.0000|-0.0000|-0.0000|-0.0000|-0.0000|-0.0000|-0.0000|-0.0000|-0.0000|-0.0000|-0.0001|-0.0002|-0.0004|-0.0012|-0.0037|-0.0121|-0.0429|-0.1540|-0.4628|-0.9813|-1.5182|-1.9759|-2.3625|-2.6996|-3.0020|-3.2787|-3.5354|-3.7763|-4.0039|-4.2202|-4.4269|-4.6249|-4.8154|-4.9991|-5.1765|-5.3484|-5.5153|-6.7087|-7.7611|-8.7453|-9.6919|-10.6152|-11.5233|-12.4215|-13.3130|-14.2002|-15.0844|-15.9666|-16.8476|-17.7277|-18.6073|-19.4864,0,1,0.4,False,0.3278358809332261,1368.8959433338605,0.1458832424494772,5.89821381246208e-05,0.0029801213563312,0.0038274063532866,0.222,0.207,True,spurious,4658.02,8.871518|9.526334|9.154831|9.655378|9.474073|9.877562|9.466749|10.038607|9.639979|9.120827
303204165,,3.293091011938053,2.147575936147449,0.0456364329033055,10.420107554208482,1.463,1.01152,0.970113,4.46606,0.0254994,5771.64,29,,-1.6554473759784671,9.76607,0.175055,0.0000|0.0000|0.0000|0.0000|0.0000|0.0000|0.0000|0.0000|0.0000|0.0000|0.0000|-0.0000|-0.0000|-0.0000|-0.0000|-0.0000|-0.0000|-0.0000|-0.0000|-0.0000|-0.0000|-0.0000|-0.0000|-0.0000|-0.0000|-0.0000|-0.0000|-0.0000|-0.0000|-0.0000|-0.0000|-0.0000|-0.0000|-0.0000|-0.0000|-0.0000|-0.0000|-0.0000|-0.0000|-0.0000|-0.0000|-0.0000|-0.0001|-0.0006|-0.0030|-0.0190|-0.1490|-0.8223|-1.7578|-2.4880|-3.0650|-3.5459|-3.9624|-4.3336|-4.6721|-4.9865|-5.2829|-5.5658|-5.8385|-6.1033|-6.3619|-6.6155|-6.8651|-7.1115|-7.3552|-9.2339|-11.0595|-12.8620|-14.6526|-16.4366|-18.2166|-19.9939|-21.7694|-23.5436|-25.3168|-27.0893|-28.8612|-30.6326|-32.4036|-34.1742,0,2,1.68,False,0.0724054706355591,2449.847095438745,0.091272865806611,2.3452691240440466e-06,0.0004842689082207,0.0007538006900392,0.098,0.092,True,,4647.03,9.612753|9.845938|9.799569|10.138792|9.601598|9.854730|9.862990|9.771876|9.921203|9.572900
294097592,,39.56211080120983,33.495293047234114,0.0100728467749616,10.403663735403628,10.905,0.81582,0.794328,4.54906,0.155111,4987.55,3,,-1.3063968176038665,9.69049,0.27868,0.0000|-0.0000|-0.0000|-0.0000|-0.0000|-0.0000|-0.0000|-0.0000|-0.0000|-0.0000|-0.0000|-0.0000|-0.0000|-0.0000|-0.0000|-0.0000|-0.0000|-0.0000|-0.0000|-0.0000|-0.0000|-0.0000|-0.0000|-0.0000|-0.0000|-0.0000|-0.0000|-0.0000|-0.0000|-0.0000|-0.0000|-0.0000|-0.0000|-0.0000|-0.0000|-0.0000|-0.0000|-0.0000|-0.0000|-0.0000|-0.0001|-0.0003|-0.0011|-0.0037|-0.0145|-0.0615|-0.2567|-0.7625|-1.4012|-1.9423|-2.3844|-2.7610|-3.0925|-3.3912|-3.6646|-3.9179|-4.1548|-4.3783|-4.5905|-4.7931|-4.9874|-5.1745|-5.3553|-5.5306|-5.7009|-6.9334|-8.0441|-9.1013|-10.1331|-11.1519|-12.1634|-13.1710|-14.1761|-15.1799|-16.1827|-17.1850|-18.1869|-19.1886|-20.1901|-21.1915,0,1,1.27,False,0.1267095736122284,2997.598520248197,0.0201456935499232,0.0001307176344781,0.001519363134333,0.002387661296271,0.778,0.762,False,spurious,4286.02,9.552074|9.361124|9.755394|9.921886|9.569170|10.086980|9.204595|9.731443|9.702404|10.114915
432758245,,11.249616892050987,8.787140219930587,0.0287489970125746,10.182192649190323,3.264,0.871046,0.851928,4.51886,0.0185278,5317.0,5,,-1.2461718801553374,9.1668,0.299976,-0.0000|-0.0000|-0.0000|-0.0000|-0.0000|-0.0000|-0.0000|-0.0000|-0.0000|-0.0000|-0.0000|-0.0000|-0.0000|-0.0000|-0.0000|-0.0000|-0.0000|-0.0000|-0.0000|-0.0000|-0.0000|-0.0000|-0.0000|-0.0000|-0.0000|-0.0000|-0.0000|-0.0000|-0.0000|-0.0000|-0.0000|-0.0000|-0.0000|-0.0000|-0.0000|-0.0000|-0.0000|-0.0000|-0.0001|-0.0003|-0.0007|-0.0020|-0.0060|-0.0202|-0.0730|-0.2450|-0.6096|-1.0985|-1.5601|-1.9516|-2.2887|-2.5861|-2.8531|-3.0957|-3.3178|-3.5225|-3.7122|-3.8887|-4.0535|-4.2080|-4.3534|-4.4907|-4.6207|-4.7441|-4.8616|-5.6459|-6.2818|-6.8603|-7.4169|-7.9647|-8.5088|-9.0511|-9.5926|-10.1337|-10.6746|-11.2154|-11.7562|-12.2969|-12.8376|-13.3784,0,1,0.08,False,0.4364440868865648,1773.4806641144678,0.0574979940251492,2.159086186832469e-05,0.003874230109193,0.0032998773136252,0.293,0.282,False,spurious,6254.02,9.773606|9.141424|9.773606|9.045665|9.045665|9.045665|9.247583|9.773606|9.773606|9.045665
224293782,,11.803757920815446,2.690406584803516,0.0141761400971735,10.146843613701476,11.205,1.44413,2.20094,3.9044,-0.25861,6640.81,10,,-1.7678559976254151,8.41798,0.513185,-0.0000|-0.0000|-0.0000|-0.0000|-0.0000|-0.0000|-0.0000|-0.0000|-0.0000|-0.0000|-0.0000|-0.0000|-0.0000|-0.0000|-0.0000|-0.0000|-0.0000|-0.0000|-0.0000|-0.0000|-0.0000|-0.0000|-0.0000|-0.0000|-0.0000|-0.0000|-0.0000|-0.0000|-0.0000|-0.0000|-0.0000|-0.0000|-0.0000|-0.0000|-0.0000|-0.0001|-0.0001|-0.0003|-0.0008|-0.0021|-0.0060|-0.0189|-0.0636|-0.2061|-0.5031|-0.9048|-1.3175|-1.6905|-2.0211|-2.3179|-2.5883|-2.8374|-3.0691|-3.2860|-3.4902|-3.6834|-3.8670|-4.0422|-4.2100|-4.3712|-4.5266|-4.6768|-4.8225|-4.9640|-5.1020|-6.1051|-7.0034|-7.8392|-8.6332|-9.3990|-10.1465|-10.8823|-11.6108|-12.3350|-13.0564|-13.7762|-14.4950|-15.2131|-15.9308|-16.6483,0,1,-0.27,False,0.5587288817377313,1714.093560137786,0.028352280194347,6.338165635984947e-05,0.003510026450539,0.0087704327903414,0.666,0.68,True,spurious,5603.02,8.210735|8.603841|8.532405|9.274644|8.548011|9.187062|9.350678|8.588481|8.425762|8.522746
71347873,,31.910833960513614,16.916650347731796,0.0223332367577146,10.088856660767483,2.51,0.488322,0.502862,4.7203,-0.0593014,3643.48,7,,-1.22888814798951,9.28619,0.300187,0.0000|0.0000|0.0000|0.0000|0.0000|-0.0000|-0.0000|-0.0000|-0.0000|-0.0000|-0.0000|-0.0000|-0.0000|-0.0000|-0.0000|-0.0000|-0.0000|-0.0000|-0.0000|-0.0000|-0.0000|-0.0000|-0.0000|-0.0000|-0.0000|-0.0000|-0.0000|-0.0000|-0.0000|-0.0000|-0.0000|-0.0000|-0.0000|-0.0000|-0.0000|-0.0000|-0.0000|-0.0000|-0.0000|-0.0000|-0.0001|-0.0005|-0.0017|-0.0067|-0.0292|-0.1368|-0.5206|-1.1726|-1.7819|-2.2771|-2.6909|-3.0490|-3.3658|-3.6500|-3.9070|-4.1407|-4.3542|-4.5502|-4.7310|-4.8988|-5.0556|-5.2032|-5.3432|-5.4767|-5.6051|-6.5232|-7.3730|-8.2062|-9.0336|-9.8576|-10.6791|-11.4984|-12.3158|-13.1315|-13.9458|-14.7587|-15.5706|-16.3814|-17.1914|-18.0006,0,1,1.59,False,0.082864038616251,1859.428438222967,0.0446664735154292,7.568559966927006e-05,0.0025482664349265,0.0019740400124866,0.22,0.213,True,spurious,2293.02,9.921215|9.155029|9.611578|9.439093|9.803902|9.118588|9.600642|9.311707|9.542310|9.333631
50751260,,0.5754998200589622,0.4259258879784742,0.1219628297230401,10.088254229230325,4.074,1.29706,1.41444,4.24486,-0.12366,6735.81,80,,-1.125572574968637,1.91244,0.550525,-0.0127|-0.0142|-0.0158|-0.0176|-0.0197|-0.0219|-0.0245|-0.0274|-0.0306|-0.0342|-0.0382|-0.0427|-0.0477|-0.0533|-0.0596|-0.0666|-0.0745|-0.0832|-0.0930|-0.1038|-0.1159|-0.1294|-0.1443|-0.1607|-0.1789|-0.1990|-0.2209|-0.2450|-0.2712|-0.2996|-0.3303|-0.3633|-0.3985|-0.4360|-0.4757|-0.5175|-0.5612|-0.6067|-0.6538|-0.7024|-0.7522|-0.8031|-0.8548|-0.9072|-0.9602|-1.0135|-1.0671|-1.1207|-1.1743|-1.2277|-1.2809|-1.3338|-1.3864|-1.4385|-1.4901|-1.5412|-1.5917|-1.6417|-1.6911|-1.7399|-1.7881|-1.8356|-1.8825|-1.9289|-1.9745|-2.3169|-2.6250|-2.9042|-3.1588|-3.3925|-3.6085|-3.8093|-3.9972|-4.1740|-4.3413|-4.5005|-4.6527|-4.7989|-4.9398|-5.0762,0,1,1.26,False,0.1281174577634754,2964.442467567977,0.2439256594460802,2.1674435160354573e-06,0.0017296549170629,0.0030056784741564,0.271,0.259,True,spurious,4785.02,7.826753|1.947761|1.801004|1.932925|9.074527|2.012303
237913194,,78.1524062738221,70.0690969,0.0958475691756505,10.03485049952926,3.888,1.05321,1.0676,4.39892,0.164167,5789.25,3,,-1.4554491340947917,9.45426,0.170956,0.0000|0.0000|0.0000|0.0000|0.0000|0.0000|0.0000|0.0000|0.0000|-0.0000|-0.0000|-0.0000|-0.0000|-0.0000|-0.0000|-0.0000|-0.0000|-0.0000|-0.0000|-0.0000|-0.0000|-0.0000|-0.0000|-0.0000|-0.0000|-0.0000|-0.0000|-0.0000|-0.0000|-0.0000|-0.0000|-0.0000|-0.0000|-0.0000|-0.0000|-0.0000|-0.0000|-0.0000|-0.0000|-0.0000|-0.0000|-0.0001|-0.0006|-0.0028|-0.0160|-0.1099|-0.6146|-1.4907|-2.2165|-2.7847|-3.2526|-3.6534|-4.0075|-4.3275|-4.6221|-4.8969|-5.1562|-5.4027|-5.6387|-5.8658|-6.0854|-6.2985|-6.5059|-6.7084|-6.9066|-8.3792|-9.7556|-11.0964|-12.4241|-13.7467|-15.0673|-16.3871|-17.7065|-19.0257|-20.3449|-21.6641|-22.9833|-24.3024|-25.6216|-26.9407,0,1,1.44,False,0.1025744167337087,1395.4157204250805,0.191695138351301,0.0001783144606302,0.004835209375435,0.0039132903616116,0.289,0.275,False,spurious,2179.02,9.731345|9.224952|9.693021|9.370027|9.425812|9.399249|9.497384|9.342052|9.732083|9.381420
26305150,,24.030675243363312,0.0856678140636427,0.0385099174265908,9.998698437430123,11.652,1.13412,1.68008,4.03078,0.257135,5664.48,4,,-1.797488657635954,8.66962,0.381248,-0.0000|-0.0000|-0.0000|-0.0000|-0.0000|-0.0000|-0.0000|-0.0000|-0.0000|-0.0000|-0.0000|-0.0000|-0.0000|-0.0000|-0.0000|-0.0000|-0.0000|-0.0000|-0.0000|-0.0000|-0.0000|-0.0000|-0.0000|-0.0000|-0.0000|-0.0000|-0.0000|-0.0000|-0.0000|-0.0000|-0.0000|-0.0000|-0.0000|-0.0000|-0.0000|-0.0000|-0.0001|-0.0002|-0.0006|-0.0015|-0.0047|-0.0154|-0.0562|-0.2020|-0.5390|-0.9992|-1.4523|-1.8488|-2.1944|-2.5015|-2.7791|-3.0332|-3.2679|-3.4862|-3.6906|-3.8830|-4.0649|-4.2378|-4.4027|-4.5606|-4.7123|-4.8584|-4.9998|-5.1368|-5.2699|-6.2333|-7.0994|-7.9193|-8.7143|-9.4948|-10.2664|-11.0320|-11.7936|-12.5523|-13.3088|-14.0637|-14.8173|-15.5698|-16.3215|-17.0723,0,1,0.26,False,0.3706757843925986,2255.93477719836,0.0770198348531816,5.831924020526939e-05,0.0021983088436678,0.0035510598187162,0.913,0.894,False,spurious,4845.02,8.622077|8.283380|9.369286|8.429044|9.213365|8.688789|8.577344|8.809568|8.376343|8.712399
144301273,,43.58810168364399,27.335951810204108,0.066138567447018,9.91703444454604,5.512,0.97022,0.972155,4.44156,0.260619,5468.04,3,,-0.8819402684500113,9.39541,0.198246,-0.0000|-0.0000|-0.0000|-0.0000|-0.0000|-0.0000|-0.0000|-0.0000|-0.0000|-0.0000|-0.0000|-0.0000|-0.0000|-0.0000|-0.0000|-0.0000|-0.0000|-0.0000|-0.0000|-0.0000|-0.0000|-0.0000|-0.0000|-0.0000|-0.0000|-0.0000|-0.0000|-0.0000|-0.0000|-0.0000|-0.0000|-0.0000|-0.0000|-0.0000|-0.0000|-0.0000|-0.0000|-0.0000|-0.0000|-0.0001|-0.0002|-0.0007|-0.0023|-0.0080|-0.0313|-0.1294|-0.4652|-1.0891|-1.7054|-2.2100|-2.6332|-3.0031|-3.3363|-3.6421|-3.9267|-4.1941|-4.4468|-4.6871|-4.9162|-5.1353|-5.3453|-5.5470|-5.7410|-5.9279|-6.1084|-7.3791|-8.5024|-9.5808|-10.6446|-11.7018|-12.7550|-13.8052|-14.8529|-15.8988|-16.9430|-17.9859|-19.0278|-20.0688|-21.1092|-22.1490,1,1,1.22,False,0.1363636363636363,1381.476608298719,0.132277134894036,9.604840957652192e-05,0.005814853626145,0.0046910055225014,0.469,0.444,False,spurious,376.02,9.427227|9.688161|8.999393|9.879983|9.268205|9.466696|9.781541|9.747428|9.610088|9.114436
191284318,,56.87250599863606,8.195939352847429,0.0669646583799512,9.838814969184074,4.187,1.13557,1.17731,4.34614,0.0452188,6089.94,3,,-1.6576356838333026,9.33934,0.139013,0.0000|0.0000|0.0000|0.0000|0.0000|0.0000|0.0000|0.0000|0.0000|0.0000|0.0000|0.0000|0.0000|0.0000|0.0000|0.0000|0.0000|0.0000|0.0000|-0.0000|-0.0000|-0.0000|-0.0000|-0.0000|-0.0000|-0.0000|-0.0000|-0.0000|-0.0000|-0.0000|-0.0000|-0.0000|-0.0000|-0.0000|-0.0000|-0.0000|-0.0000|-0.0000|-0.0000|-0.0000|-0.0000|-0.0000|-0.0002|-0.0013|-0.0109|-0.1328|-1.1176|-2.2610|-3.0659|-3.6979|-4.2264|-4.6880|-5.1030|-5.4841|-5.8403|-6.1778|-6.5012|-6.8139|-7.1183|-7.4162|-7.7090|-7.9979|-8.2835|-8.5665|-8.8474|-11.0379|-13.1913|-15.3274|-17.4528|-19.5713|-21.6853|-23.7965|-25.9059|-28.0142|-30.1218|-32.2289|-34.3358|-36.4425|-38.5491|-40.6556,0,1,1.29,False,0.1240949316170555,1772.889165986329,0.1339293167599024,0.0001566359582747,0.0039068040404394,0.0044355265723834,0.302,0.296,False,spurious,1458.02,9.508303|9.422024|9.409375|9.446264|9.251955|9.126899|9.422024|9.519420|9.421920|9.347091
139251123,,0.7456653016349027,0.4614277976313267,0.0185341862501952,9.757592679486194,3.624,1.17759,2.08423,3.85516,0.0187528,5531.54,144,,-1.357828351306252,8.46155,0.496598,-0.0000|-0.0000|-0.0000|-0.0000|-0.0000|-0.0000|-0.0000|-0.0000|-0.0000|-0.0000|-0.0000|-0.0000|-0.0000|-0.0000|-0.0000|-0.0000|-0.0000|-0.0000|-0.0000|-0.0000|-0.0000|-0.0000|-0.0000|-0.0000|-0.0000|-0.0000|-0.0000|-0.0000|-0.0000|-0.0000|-0.0000|-0.0000|-0.0000|-0.0001|-0.0002|-0.0004|-0.0008|-0.0019|-0.0043|-0.0101|-0.0248|-0.0616|-0.1477|-0.3199|-0.5958|-0.9380|-1.2771|-1.5789|-1.8439|-2.0804|-2.2953|-2.4935|-2.6783|-2.8523|-3.0171|-3.1741|-3.3244|-3.4687|-3.6078|-3.7423|-3.8727|-3.9993|-4.1226|-4.2428|-4.3602|-5.2180|-5.9862|-6.7017|-7.3842|-8.0448|-8.6904|-9.3251|-9.9520|-10.5729|-11.1892|-11.8020|-12.4120|-13.0198|-13.6258|-14.2303,0,1,0.73,False,0.2333065164923572,1325.810040754266,0.0370683725003904,7.551974597937283e-07,0.002157902365058,0.0020096955702882,0.289,0.285,True,spurious,2488.02,8.941068|7.944736|8.224888|7.590894|8.848768|9.252431|8.341875|9.030617|8.287808|8.680769
400899926,,0.3705263922173061,0.31944286,0.010416615,9.75009329820504,4.922,1.29556,1.31492,4.31272,0.070836,6538.96,317,,-1.7761870627717695,8.77245,0.264339,-0.0000|-0.0000|-0.0000|-0.0000|-0.0000|-0.0000|-0.0000|-0.0000|-0.0000|-0.0000|-0.0000|-0.0000|-0.0000|-0.0000|-0.0000|-0.0000|-0.0000|-0.0000|-0.0000|-0.0000|-0.0000|-0.0000|-0.0000|-0.0000|-0.0000|-0.0000|-0.0000|-0.0000|-0.0000|-0.0000|-0.0000|-0.0000|-0.0000|-0.0000|-0.0000|-0.0000|-0.0000|-0.0001|-0.0002|-0.0006|-0.0019|-0.0066|-0.0250|-0.1013|-0.3851|-0.9986|-1.6463|-2.1690|-2.5938|-2.9549|-3.2722|-3.5575|-3.8183|-4.0596|-4.2849|-4.4968|-4.6975|-4.8885|-5.0713|-5.2470|-5.4166|-5.5809|-5.7407|-5.8965|-6.0489|-7.1804|-8.2368|-9.2618|-10.2725|-11.2762|-12.2763|-13.2745|-14.2716|-15.2681|-16.2642|-17.2599|-18.2555|-19.2508|-20.2460|-21.2411,0,1,1.27,False,0.1261061946902655,2718.955654312391,0.02083323,5.132158582544444e-07,0.0004982992781943,0.000883536205612,0.326,0.333,True,spurious,4082.02,9.069273|9.115359|8.867753|9.124421|8.838504|8.890254|8.523016|8.837651|8.673893|8.160236
396649769,,8.08092152169815,2.3054184731397585,0.0580141848192714,9.681013411796746,11.733,1.28466,1.61019,4.11204,0.131278,6064.95,10,,-1.8215269189359675,8.18177,0.369991,-0.0000|-0.0000|-0.0000|-0.0000|-0.0000|-0.0000|-0.0000|-0.0000|-0.0000|-0.0000|-0.0000|-0.0000|-0.0000|-0.0000|-0.0000|-0.0000|-0.0000|-0.0000|-0.0000|-0.0000|-0.0000|-0.0000|-0.0000|-0.0000|-0.0000|-0.0000|-0.0000|-0.0000|-0.0000|-0.0000|-0.0000|-0.0000|-0.0000|-0.0001|-0.0001|-0.0003|-0.0008|-0.0020|-0.0054|-0.0152|-0.0452|-0.1334|-0.3384|-0.6798|-1.0859|-1.4671|-1.8002|-2.0931|-2.3560|-2.5960|-2.8181|-3.0257|-3.2213|-3.4067|-3.5836|-3.7529|-3.9157|-4.0728|-4.2248|-4.3723|-4.5157|-4.6556|-4.7921|-4.9258|-5.0567|-6.0279|-6.9203|-7.7699|-8.5939|-9.4010|-10.1962|-10.9825|-11.7616|-12.5349|-13.3035|-14.0679|-14.8290|-15.5872|-16.3429|-17.0964,0,1,-0.96,False,0.7767497988736927,3071.051941095852,0.1160283696385428,3.431209749435238e-05,0.0021293407819901,0.0032767064983684,0.857,0.821,True,spurious,5039.02,7.773918|8.416031|8.003279|7.737098|8.817744|7.861442|8.411275|7.796585|8.560295|8.440076
402026209,,91.99614379787997,12.250584939904572,0.0165743301589849,9.679619263484897,6.492,0.937719,0.900458,4.49865,0.119855,5452.75,3,,-1.3882657761240975,9.30663,0.148713,0.0000|0.0000|0.0000|0.0000|0.0000|0.0000|0.0000|0.0000|0.0000|0.0000|0.0000|0.0000|0.0000|0.0000|0.0000|0.0000|0.0000|0.0000|-0.0000|-0.0000|-0.0000|-0.0000|-0.0000|-0.0000|-0.0000|-0.0000|-0.0000|-0.0000|-0.0000|-0.0000|-0.0000|-0.0000|-0.0000|-0.0000|-0.0000|-0.0000|-0.0000|-0.0000|-0.0000|-0.0000|-0.0000|-0.0001|-0.0003|-0.0020|-0.0176|-0.2196|-1.3155|-2.3662|-3.1041|-3.6865|-4.1861|-4.6330|-5.0423|-5.4233|-5.7827|-6.1253|-6.4552|-6.7751|-7.0872|-7.3934|-7.6948|-7.9924|-8.2871|-8.5794|-8.8697|-11.1402|-13.3812|-15.6114|-17.8357|-20.0561|-22.2735|-24.4887|-26.7020|-28.9138|-31.1243|-33.3337|-35.5422|-37.7498|-39.9568|-42.1632,4,1,2.02,False,0.0390185036202735,1366.3746418561786,0.0331486603179698,0.0001419918950465,0.0015604561627846,0.0024397672925848,0.459,0.459,False,spurious,232.02,9.363386|9.342026|9.333794|9.532324|9.333794|9.333794|9.294922|9.018633|9.294922|9.333794
36592530,,15.849631645580342,6.368166249138648,0.0269387930439149,9.673892290581351,5.906,1.15549,1.23529,4.31215,0.0807951,6121.32,3,,-1.2166315540246466,9.01209,0.268948,-0.0000|-0.0000|-0.0000|-0.0000|-0.0000|-0.0000|-0.0000|-0.0000|-0.0000|-0.0000|-0.0000|-0.0000|-0.0000|-0.0000|-0.0000|-0.0000|-0.0000|-0.0000|-0.0000|-0.0000|-0.0000|-0.0000|-0.0000|-0.0000|-0.0000|-0.0000|-0.0000|-0.0000|-0.0000|-0.0000|-0.0000|-0.0000|-0.0000|-0.0000|-0.0000|-0.0000|-0.0000|-0.0000|-0.0001|-0.0002|-0.0008|-0.0026|-0.0096|-0.0403|-0.1766|-0.5812|-1.1863|-1.7415|-2.2048|-2.6029|-2.9558|-3.2760|-3.5713|-3.8472|-4.1079|-4.3564|-4.5951|-4.8257|-5.0497|-5.2681|-5.4818|-5.6914|-5.8976|-6.1007|-6.3011|-7.8255|-9.2722|-10.6743|-12.0480|-13.4023|-14.7426|-16.0725|-17.3946|-18.7105|-20.0218|-21.3294|-22.6342|-23.9367|-25.2374|-26.5366,0,1,0.07,False,0.4400643604183427,2454.0690643247217,0.0538775860878298,4.670260088765093e-05,0.0012889729067775,0.002510403303477,0.417,0.419,True,spurious,4525.02,8.825428|9.278691|9.335757|8.820922|8.825394|9.277859|8.826874|9.065208|8.823103|9.503378
304339227,,17.974332332868645,1.3857823627742272,0.0138099204474118,9.66598146484624,3.309,1.06895,1.09442,4.38227,-0.113132,6087.49,4,,-1.4305017787213516,8.74588,0.351342,-0.0000|-0.0000|-0.0000|-0.0000|-0.0000|-0.0000|-0.0000|-0.0000|-0.0000|-0.0000|-0.0000|-0.0000|-0.0000|-0.0000|-0.0000|-0.0000|-0.0000|-0.0000|-0.0000|-0.0000|-0.0000|-0.0000|-0.0000|-0.0000|-0.0000|-0.0000|-0.0000|-0.0000|-0.0000|-0.0000|-0.0000|-0.0000|-0.0000|-0.0000|-0.0000|-0.0000|-0.0001|-0.0002|-0.0006|-0.0015|-0.0042|-0.0126|-0.0399|-0.1281|-0.3810|-0.8720|-1.4148|-1.8710|-2.2487|-2.5727|-2.8588|-3.1164|-3.3516|-3.5686|-3.7704|-3.9593|-4.1371|-4.3052|-4.4649|-4.6172|-4.7631|-4.9033|-5.0384|-5.1692|-5.2960|-6.2113|-7.0399|-7.8345|-8.6141|-9.3861|-10.1538|-10.9187|-11.6816|-12.4429|-13.2027|-13.9613|-14.7187|-15.4751|-16.2305|-16.9850,0,1,0.19,False,0.3907884151246983,1655.314649288077,0.0276198408948236,1.968315555786621e-05,0.0016387826527177,0.0018419043733364,0.224,0.223,False,spurious,4629.02,8.772227|8.927625|9.116674|9.126411|8.890822|8.165830|8.977446|8.576149|9.148188|8.178665
418301643,,5.651249563945092,3.4841595219247368,0.0812931433668148,9.608873159133218,1.785,1.34535,1.50011,4.20115,-0.0830541,6675.0,60,,-1.3910467858434807,8.81894,0.297997,-0.0000|-0.0000|-0.0000|-0.0000|-0.0000|-0.0000|-0.0000|-0.0000|-0.0000|-0.0000|-0.0000|-0.0000|-0.0000|-0.0000|-0.0000|-0.0000|-0.0000|-0.0000|-0.0000|-0.0000|-0.0000|-0.0000|-0.0000|-0.0000|-0.0000|-0.0000|-0.0000|-0.0000|-0.0000|-0.0000|-0.0000|-0.0000|-0.0000|-0.0000|-0.0000|-0.0000|-0.0000|-0.0000|-0.0001|-0.0002|-0.0007|-0.0027|-0.0107|-0.0482|-0.2218|-0.7555|-1.4712|-2.0690|-2.5507|-2.9562|-3.3089|-3.6219|-3.9028|-4.1565|-4.3863|-4.5952|-4.7861|-4.9617|-5.1247|-5.2774|-5.4220|-5.5603|-5.6937|-5.8234|-5.9502|-6.9102|-7.8429|-8.7682|-9.6891|-10.6066|-11.5213|-12.4335|-13.3438|-14.2523|-15.1595|-16.0654|-16.9702|-17.8742|-18.7773|-19.6798,0,1,1.15,False,0.1500402252614642,1768.17440789612,0.1625862867336296,9.8032398518269e-06,0.0029379386998144,0.0023209769260622,0.116,0.111,True,,6247.02,8.841861|8.922111|8.661171|9.185047|9.271345|9.078869|8.899362|9.063473|9.256765|8.532841
66151343,,32.27545486465204,24.037026062109675,0.0186989795916144,9.607321628824618,23.017,1.29205,1.31785,4.30117,-0.07158,6636.33,3,,-1.5773213405126982,8.79949,0.30934,-0.0000|-0.0000|-0.0000|-0.0000|-0.0000|-0.0000|-0.0000|-0.0000|-0.0000|-0.0000|-0.0000|-0.0000|-0.0000|-0.0000|-0.0000|-0.0000|-0.0000|-0.0000|-0.0000|-0.0000|-0.0000|-0.0000|-0.0000|-0.0000|-0.0000|-0.0000|-0.0000|-0.0000|-0.0000|-0.0000|-0.0000|-0.0000|-0.0000|-0.0000|-0.0000|-0.0000|-0.0000|-0.0001|-0.0003|-0.0007|-0.0022|-0.0074|-0.0266|-0.1024|-0.3810|-1.0005|-1.6530|-2.1787|-2.6066|-2.9709|-3.2926|-3.5840|-3.8530|-4.1045|-4.3420|-4.5680|-4.7844|-4.9925|-5.1933|-5.3876|-5.5759|-5.7586|-5.9361|-6.1087|-6.2766|-7.4746|-8.5161|-9.4954|-10.4543|-11.4068|-12.3573|-13.3071|-14.2567|-15.2063|-16.1558|-17.1053|-18.0549|-19.0044|-19.9539|-20.9034,0,1,1.46,False,0.1007642799678198,2987.975996812805,0.0373979591832288,8.797415546048323e-05,0.00114815570296,0.0022700131950534,1.453,1.472,False,spurious,2846.02,8.466955|8.032465|8.969840|8.926834|8.933531|8.987937|8.933531|9.125123|8.677160|8.947517
229944666,,156.34742561503543,31.15262326,0.0411953200658724,9.576865576094685,3.15,0.874069,0.842851,4.52003,0.0441571,5269.14,5,,-0.9754173905688523,3.80467,1.09858,-0.0004|-0.0005|-0.0006|-0.0007|-0.0008|-0.0010|-0.0012|-0.0015|-0.0018|-0.0021|-0.0026|-0.0031|-0.0038|-0.0046|-0.0056|-0.0068|-0.0083|-0.0102|-0.0125|-0.0153|-0.0187|-0.0230|-0.0283|-0.0348|-0.0428|-0.0526|-0.0647|-0.0793|-0.0970|-0.1182|-0.1433|-0.1725|-0.2060|-0.2439|-0.2859|-0.3319|-0.3815|-0.4343|-0.4899|-0.5479|-0.6078|-0.6693|-0.7320|-0.7955|-0.8595|-0.9237|-0.9879|-1.0519|-1.1156|-1.1787|-1.2413|-1.3033|-1.3645|-1.4250|-1.4848|-1.5439|-1.6022|-1.6597|-1.7166|-1.7727|-1.8281|-1.8828|-1.9369|-1.9903|-2.0430|-2.4418|-2.8085|-3.1487|-3.4665|-3.7655|-4.0485|-4.3177|-4.5752|-4.8227|-5.0615|-5.2929|-5.5177|-5.7369|-5.9511|-6.1609,1,1,2.09,False,0.0335880933226065,1714.511367471889,0.0823906401317448,0.0002068001243084,0.0017875751850755,0.0021766338844432,0.253,0.249,False,spurious,1464.02,4.898914|3.542050|3.650741|9.284549|4.387093|8.372143|9.550005|3.551427|9.463293|4.836610
183532609,,13.950831022646906,13.897231534834166,0.1091792926759273,9.532445239053528,2.69,0.998158,0.969171,4.462,0.210974,5587.16,3,,-1.6286956728214896,8.92089,0.162397,0.0000|0.0000|0.0000|0.0000|0.0000|0.0000|-0.0000|-0.0000|-0.0000|-0.0000|-0.0000|-0.0000|-0.0000|-0.0000|-0.0000|-0.0000|-0.0000|-0.0000|-0.0000|-0.0000|-0.0000|-0.0000|-0.0000|-0.0000|-0.0000|-0.0000|-0.0000|-0.0000|-0.0000|-0.0000|-0.0000|-0.0000|-0.0000|-0.0000|-0.0000|-0.0000|-0.0000|-0.0000|-0.0000|-0.0001|-0.0003|-0.0013|-0.0066|-0.0414|-0.2791|-1.0559|-1.8852|-2.5205|-3.0220|-3.4341|-3.7812|-4.0793|-4.3400|-4.5725|-4.7837|-4.9786|-5.1611|-5.3343|-5.5001|-5.6603|-5.8160|-5.9681|-6.1173|-6.2642|-6.4091|-7.5190|-8.5902|-9.6437|-10.6868|-11.7232|-12.7549|-13.7832|-14.8088|-15.8325|-16.8547|-17.8757|-18.8959|-19.9155|-20.9345|-21.9532,0,1,0.04,False,0.4549477071600965,1368.021375497803,0.2183585853518546,3.859044184705434e-05,0.003075305353315,0.0026226625084568,0.194,0.185,True,spurious,191.02,8.700825|9.153497|8.779730|8.724679|9.080655|9.062881|8.789443|9.109394|8.860915|8.946862
160440924,,101.35871137019784,88.5900238516235,0.0388169844345871,9.47538038823368,9.169,1.12936,2.20935,3.78945,0.185726,5051.55,3,,-1.0643064980879522,3.65851,2.3576,-0.0027|-0.0032|-0.0036|-0.0042|-0.0048|-0.0056|-0.0065|-0.0075|-0.0087|-0.0101|-0.0117|-0.0136|-0.0158|-0.0183|-0.0213|-0.0248|-0.0289|-0.0336|-0.0392|-0.0456|-0.0532|-0.0619|-0.0721|-0.0840|-0.0977|-0.1135|-0.1316|-0.1524|-0.1760|-0.2027|-0.2327|-0.2661|-0.3030|-0.3434|-0.3872|-0.4343|-0.4846|-0.5377|-0.5934|-0.6514|-0.7113|-0.7729|-0.8357|-0.8995|-0.9640|-1.0290|-1.0941|-1.1593|-1.2243|-1.2890|-1.3533|-1.4171|-1.4803|-1.5428|-1.6047|-1.6659|-1.7263|-1.7860|-1.8449|-1.9031|-1.9605|-2.0172|-2.0732|-2.1285|-2.1831|-2.5943|-2.9694|-3.3143|-3.6330|-3.9290|-4.2046|-4.4622|-4.7036|-4.9306|-5.1449|-5.3481|-5.5415|-5.7263|-5.9038|-6.0748,2,1,1.83,False,0.0563153660498793,2479.2464764486067,0.0776339688691742,0.0006342189623643,0.0049577170601847,0.004831365888843,0.694,0.686,False,spurious,1814.02,4.997725|4.214778|8.640038|2.651781|3.469740|4.276506|7.857914|9.406477|1.448498
291109653,,28.9449820478324,16.030055631594134,0.0351903069191722,9.456518936276096,3.374,0.53759,0.560745,4.6649,0.10129,3716.65,3,,-1.2679131871052478,8.60887,0.302662,-0.0000|-0.0000|-0.0000|-0.0000|-0.0000|-0.0000|-0.0000|-0.0000|-0.0000|-0.0000|-0.0000|-0.0000|-0.0000|-0.0000|-0.0000|-0.0000|-0.0000|-0.0000|-0.0000|-0.0000|-0.0000|-0.0000|-0.0000|-0.0000|-0.0000|-0.0000|-0.0000|-0.0000|-0.0000|-0.0000|-0.0000|-0.0000|-0.0000|-0.0000|-0.0000|-0.0000|-0.0001|-0.0002|-0.0005|-0.0013|-0.0041|-0.0140|-0.0517|-0.1891|-0.5295|-1.0255|-1.5171|-1.9429|-2.3126|-2.6409|-2.9378|-3.2097|-3.4614|-3.6963|-3.9170|-4.1256|-4.3237|-4.5129|-4.6941|-4.8686|-5.0369|-5.2000|-5.3583|-5.5125|-5.6629|-6.7631|-7.7594|-8.7002|-9.6089|-10.4983|-11.3760|-12.2464|-13.1124|-13.9755|-14.8369|-15.6970|-16.5564|-17.4152|-18.2737|-19.1320,1,1,1.74,False,0.0663716814159292,1946.3381377807816,0.0703806138383444,6.708145103194987e-05,0.0031869875320212,0.0037353567895708,0.309,0.291,False,spurious,5486.02,8.242404|8.685081|8.990286|8.643001|8.434934|9.099088|8.619011|8.435343|9.274983|8.673347
201642601,,75.59531808583135,11.162039174045852,0.0085359915369568,9.377603875521215,9.133,0.736068,0.716436,4.59202,0.297638,4543.1,3,,-1.3750460191699994,9.14491,0.0523462,0.0000|0.0000|0.0000|0.0000|0.0000|0.0000|0.0000|0.0000|0.0000|0.0000|0.0000|0.0000|0.0000|0.0000|0.0000|0.0000|0.0000|0.0000|0.0000|0.0000|-0.0000|-0.0000|-0.0000|-0.0000|-0.0000|-0.0000|-0.0000|-0.0000|-0.0000|-0.0000|-0.0000|-0.0000|-0.0000|-0.0000|-0.0000|-0.0000|-0.0000|-0.0000|-0.0000|-0.0000|-0.0000|-0.0000|-0.0001|-0.0010|-0.0206|-0.8838|-2.6011|-3.6584|-4.4545|-5.1155|-5.6993|-6.2395|-6.7550|-7.2560|-7.7478|-8.2337|-8.7153|-9.1939|-9.6701|-10.1445|-10.6173|-11.0888|-11.5592|-12.0286|-12.4972|-16.2017|-19.8789|-23.5379|-27.1840|-30.8205|-34.4500|-38.0742|-41.6944|-45.3114|-48.9258|-52.5382|-56.1489|-59.7583|-63.3665|-66.9737,9,1,2.24,False,0.0245374094931617,1665.0913214525208,0.0170719830739136,5.110826683157628e-05,0.0009355968510283,0.0014012862710956,0.682,0.672,False,spurious,1067.02,9.185259|9.218790|9.108417|9.160188|9.081483|9.106299|9.220181|9.164798|9.149670|9.166457
125424836,,17.893856774891358,9.876069916080825,0.0232295282635036,9.320500382595412,8.162,1.07192,1.14261,4.34503,0.238929,5786.67,3,,-1.5115695791165376,8.69215,0.209033,0.0000|0.0000|0.0000|-0.0000|-0.0000|-0.0000|-0.0000|-0.0000|-0.0000|-0.0000|-0.0000|-0.0000|-0.0000|-0.0000|-0.0000|-0.0000|-0.0000|-0.0000|-0.0000|-0.0000|-0.0000|-0.0000|-0.0000|-0.0000|-0.0000|-0.0000|-0.0000|-0.0000|-0.0000|-0.0000|-0.0000|-0.0000|-0.0000|-0.0000|-0.0000|-0.0000|-0.0000|-0.0000|-0.0001|-0.0003|-0.0012|-0.0054|-0.0277|-0.1587|-0.6716|-1.4237|-2.0739|-2.6057|-3.0581|-3.4565|-3.8160|-4.1462|-4.4534|-4.7422|-5.0158|-5.2768|-5.5269|-5.7679|-6.0007|-6.2265|-6.4461|-6.6600|-6.8690|-7.0735|-7.2740|-8.7672|-10.1635|-11.5240|-12.8714|-14.2138|-15.5542|-16.8937|-18.2328|-19.5718|-20.9106|-22.2494|-23.5882|-24.9269|-26.2657|-27.6044,0,1,-0.06,False,0.4915526950925181,1609.9551581284031,0.0464590565270072,6.423316572193507e-05,0.006513951731048,0.0027416126847072,0.642,0.632,True,spurious,3250.02,8.628782|8.670908|8.677074|8.265252|8.669598|8.789192|8.781001|8.649222|8.623364|9.167143
234519192,,1.7296131906833236,0.4533019233104335,0.2611867116096941,9.278521844913053,2.964,1.99434,3.94907,3.5347,0.0115774,6646.46,109,,-1.872734561899394,7.58057,0.44619,-0.0000|-0.0000|-0.0000|-0.0000|-0.0000|-0.0000|-0.0000|-0.0000|-0.0000|-0.0000|-0.0000|-0.0000|-0.0000|-0.0000|-0.0000|-0.0000|-0.0000|-0.0000|-0.0000|-0.0000|-0.0000|-0.0000|-0.0000|-0.0000|-0.0000|-0.0000|-0.0000|-0.0000|-0.0000|-0.0000|-0.0001|-0.0001|-0.0003|-0.0006|-0.0013|-0.0031|-0.0074|-0.0186|-0.0481|-0.1235|-0.2895|-0.5681|-0.9154|-1.2645|-1.5827|-1.8667|-2.1223|-2.3555|-2.5711|-2.7722|-2.9615|-3.1408|-3.3116|-3.4751|-3.6322|-3.7838|-3.9304|-4.0727|-4.2111|-4.3460|-4.4777|-4.6066|-4.7329|-4.8568|-4.9784|-5.8848|-6.7145|-7.4951|-8.2423|-8.9659|-9.6721|-10.3651|-11.0477|-11.7219|-12.3892|-13.0509|-13.7077|-14.3606|-15.0102|-15.6570,0,1,0.98,False,0.1794046661303298,1325.8002220434137,0.5223734232193882,1.5833427504467506e-06,0.001386198963453,0.0018655940277354,0.183,0.178,False,spurious,196.02,8.518887|7.790473|7.913156|6.733991|7.656466|7.621839|7.401690|7.645965|7.154260|7.515250
284441182,,18.08816496351617,7.480403977281909,0.0537352463300046,9.266995258461725,2.079,0.448659,0.455431,4.7674,-0.406514,3693.35,4,,-1.682432724953567,8.28744,0.305229,-0.0000|-0.0000|-0.0000|-0.0000|-0.0000|-0.0000|-0.0000|-0.0000|-0.0000|-0.0000|-0.0000|-0.0000|-0.0000|-0.0000|-0.0000|-0.0000|-0.0000|-0.0000|-0.0000|-0.0000|-0.0000|-0.0000|-0.0000|-0.0000|-0.0000|-0.0000|-0.0000|-0.0000|-0.0000|-0.0000|-0.0000|-0.0000|-0.0000|-0.0000|-0.0000|-0.0000|-0.0001|-0.0003|-0.0009|-0.0031|-0.0120|-0.0548|-0.2536|-0.6974|-1.2118|-1.6858|-2.1015|-2.4690|-2.7994|-3.1010|-3.3799|-3.6406|-3.8862|-4.1193|-4.3420|-4.5557|-4.7617|-4.9611|-5.1546|-5.3431|-5.5271|-5.7071|-5.8837|-6.0571|-6.2278|-7.5174|-8.7383|-9.9272|-11.0990|-12.2607|-13.4158|-14.5663|-15.7134|-16.8580|-18.0004|-19.1411|-20.2803|-21.4183|-22.5550|-23.6907,0,1,0.97,False,0.1810136765888978,1772.1722831614316,0.1074704926600092,4.948666950647563e-05,0.0031880486888703,0.007638136364808,0.201,0.191,True,spurious,1470.02,8.178191|9.092623|8.117952|8.464238|8.459090|8.176444|8.073314|8.118141|8.121147|8.203807
153976959,,3.2355731405338544,2.698894220263653,0.0394634929212922,9.178256953638504,1.105,0.852757,0.813668,4.54347,0.146081,5098.03,49,,-1.4771981817448478,8.45497,0.21351,-0.0000|-0.0000|-0.0000|-0.0000|-0.0000|-0.0000|-0.0000|-0.0000|-0.0000|-0.0000|-0.0000|-0.0000|-0.0000|-0.0000|-0.0000|-0.0000|-0.0000|-0.0000|-0.0000|-0.0000|-0.0000|-0.0000|-0.0000|-0.0000|-0.0000|-0.0000|-0.0000|-0.0000|-0.0000|-0.0000|-0.0000|-0.0000|-0.0000|-0.0000|-0.0000|-0.0000|-0.0000|-0.0001|-0.0004|-0.0013|-0.0050|-0.0205|-0.0928|-0.3827|-0.9945|-1.6337|-2.1555|-2.5895|-2.9655|-3.2998|-3.6021|-3.8786|-4.1341|-4.3722|-4.5960|-4.8082|-5.0107|-5.2054|-5.3936|-5.5764|-5.7547|-5.9293|-6.1006|-6.2693|-6.4356|-7.7019|-8.9103|-10.0881|-11.2471|-12.3937|-13.5312|-14.6619|-15.7870|-16.9077|-18.0246|-19.1385|-20.2499|-21.3593|-22.4669|-23.5732,0,1,1.03,False,0.1701528559935639,1686.0548940049484,0.0789269858425844,7.051100332425599e-06,0.0017225729601776,0.0029289942066936,0.085,0.081,True,spurious,1435.02,8.156568|8.872805|8.488783|8.494958|8.069428|8.518987|8.435551|8.813859|8.436120|8.557294
34646336,,19.39891636466559,17.172541044340186,0.0201858453413692,9.175030084408649,9.144,0.949469,0.968651,4.43591,0.127644,5521.87,7,,-1.5160135428827073,8.44339,0.236699,-0.0000|-0.0000|-0.0000|-0.0000|-0.0000|-0.0000|-0.0000|-0.0000|-0.0000|-0.0000|-0.0000|-0.0000|-0.0000|-0.0000|-0.0000|-0.0000|-0.0000|-0.0000|-0.0000|-0.0000|-0.0000|-0.0000|-0.0000|-0.0000|-0.0000|-0.0000|-0.0000|-0.0000|-0.0000|-0.0000|-0.0000|-0.0000|-0.0000|-0.0000|-0.0000|-0.0000|-0.0000|-0.0001|-0.0003|-0.0010|-0.0040|-0.0176|-0.0871|-0.3896|-1.0270|-1.6821|-2.2165|-2.6614|-3.0496|-3.3998|-3.7230|-4.0261|-4.3137|-4.5891|-4.8547|-5.1123|-5.3632|-5.6085|-5.8491|-6.0857|-6.3188|-6.5490|-6.7767|-7.0021|-7.2256|-8.9541|-10.6314|-12.2808|-13.9126|-15.5322|-17.1433|-18.7481|-20.3483|-21.9449|-23.5387|-25.1303|-26.7200|-28.3082|-29.8950|-31.4806,0,1,0.07,False,0.4408688656476267,2491.354228898883,0.0403716906827384,6.479082841121656e-05,0.002364168002419,0.002743395535318,0.816,0.788,False,spurious,3675.02,8.451711|8.784424|8.169801|8.533067|8.231584|8.868095|8.592417|8.499610|8.446604|8.296860
256158543,,29.42505923493915,26.611784706078065,0.1633723297799437,9.169284724403605,4.771,1.05295,1.32527,4.20839,-0.583947,6539.55,3,,-1.206476957299039,8.96678,0.0616383,0.0000|0.0000|0.0000|0.0000|0.0000|0.0000|0.0000|0.0000|0.0000|0.0000|0.0000|0.0000|0.0000|0.0000|0.0000|0.0000|0.0000|0.0000|0.0000|0.0000|-0.0000|-0.0000|-0.0000|-0.0000|-0.0000|-0.0000|-0.0000|-0.0000|-0.0000|-0.0000|-0.0000|-0.0000|-0.0000|-0.0000|-0.0000|-0.0000|-0.0000|-0.0000|-0.0000|-0.0000|-0.0000|-0.0001|-0.0005|-0.0059|-0.1469|-1.5964|-2.8570|-3.7202|-4.3876|-4.9420|-5.4229|-5.8534|-6.2501|-6.6244|-6.9841|-7.3342|-7.6780|-8.0173|-8.3536|-8.6877|-9.0201|-9.3512|-9.6813|-10.0107|-10.3393|-12.9376|-15.5209|-18.0973|-20.6705|-23.2422|-25.8132|-28.3838|-30.9542|-33.5246|-36.0950|-38.6653|-41.2356|-43.8059|-46.3762|-48.9466,0,1,0.97,False,0.1816170555108608,1654.0213819751516,0.3267446595598874,0.0002354352989811,0.0173243921534991,0.011905094024552,0.359,0.341,True,spurious,3329.02,8.911052|8.925679|9.080592|8.933796|8.995770|8.915028|9.037895|9.039971|8.962652|9.022160
142618165,,18.32942596201488,17.489595354670527,0.0330649639929601,9.149315112932808,4.378,1.07623,1.04767,4.42744,0.201672,5813.37,12,,-1.8174620796556396,8.48454,0.182223,0.0000|0.0000|0.0000|0.0000|0.0000|-0.0000|-0.0000|-0.0000|-0.0000|-0.0000|-0.0000|-0.0000|-0.0000|-0.0000|-0.0000|-0.0000|-0.0000|-0.0000|-0.0000|-0.0000|-0.0000|-0.0000|-0.0000|-0.0000|-0.0000|-0.0000|-0.0000|-0.0000|-0.0000|-0.0000|-0.0000|-0.0000|-0.0000|-0.0000|-0.0000|-0.0000|-0.0000|-0.0000|-0.0001|-0.0003|-0.0016|-0.0085|-0.0570|-0.3942|-1.2696|-2.0787|-2.7001|-3.2076|-3.6415|-4.0205|-4.3566|-4.6591|-4.9357|-5.1922|-5.4334|-5.6626|-5.8824|-6.0946|-6.3006|-6.5013|-6.6977|-6.8902|-7.0795|-7.2659|-7.4499|-8.8525|-10.1987|-11.5224|-12.8364|-14.1458|-15.4530|-16.7592|-18.0647|-19.3700|-20.6752|-21.9803|-23.2853|-24.5904|-25.8954|-27.2004,0,1,0.2,False,0.3903861625100563,1700.872523302678,0.0661299279859202,8.620034819891096e-05,0.0046707165556127,0.0036187129672332,0.321,0.319,False,spurious,3853.02,8.304685|8.611224|8.380011|8.496939|8.560909|8.538300|8.507146|8.817406|8.531924|8.260217
210083929,,13.067510482354471,7.695745128708844,0.036831058483469,9.12851269196673,4.546,1.08054,1.16846,4.32927,0.0096837,5967.0,3,,-1.4317868450009197,7.92508,0.508241,-0.0000|-0.0000|-0.0000|-0.0000|-0.0000|-0.0000|-0.0000|-0.0000|-0.0000|-0.0000|-0.0000|-0.0000|-0.0000|-0.0000|-0.0000|-0.0000|-0.0000|-0.0000|-0.0000|-0.0000|-0.0000|-0.0000|-0.0000|-0.0000|-0.0000|-0.0000|-0.0000|-0.0000|-0.0000|-0.0000|-0.0000|-0.0000|-0.0000|-0.0001|-0.0002|-0.0005|-0.0012|-0.0031|-0.0085|-0.0250|-0.0766|-0.2205|-0.4956|-0.8527|-1.2205|-1.5608|-1.8670|-2.1442|-2.3981|-2.6328|-2.8516|-3.0567|-3.2500|-3.4330|-3.6070|-3.7730|-3.9321|-4.0849|-4.2322|-4.3747|-4.5128|-4.6471|-4.7780|-4.9058|-5.0309|-5.9566|-6.8099|-7.6269|-8.4231|-9.2059|-9.9793|-10.7459|-11.5073|-12.2644|-13.0183|-13.7695|-14.5185|-15.2657|-16.0115|-16.7561,0,1,0.04,False,0.4543443282381335,2832.9636452547275,0.073662116966938,6.466255404381743e-05,0.0022131859345591,0.0043417284611336,0.359,0.353,True,spurious,6130.02,7.377978|7.731218|7.998909|8.073027|8.606462|7.927270|7.968494|7.819694|7.947376|8.907380
163539739,,6.307612456929017,1.29470733668407,0.0241645571336414,9.069056534707553,1.875,0.528225,0.538024,4.69131,-0.274201,3813.06,23,,-1.5232080600489308,8.09589,0.349744,-0.0000|-0.0000|-0.0000|-0.0000|-0.0000|-0.0000|-0.0000|-0.0000|-0.0000|-0.0000|-0.0000|-0.0000|-0.0000|-0.0000|-0.0000|-0.0000|-0.0000|-0.0000|-0.0000|-0.0000|-0.0000|-0.0000|-0.0000|-0.0000|-0.0000|-0.0000|-0.0000|-0.0000|-0.0000|-0.0000|-0.0000|-0.0000|-0.0000|-0.0000|-0.0000|-0.0001|-0.0003|-0.0008|-0.0023|-0.0076|-0.0273|-0.1056|-0.3563|-0.8085|-1.3155|-1.7676|-2.1564|-2.4994|-2.8092|-3.0938|-3.3587|-3.6074|-3.8427|-4.0666|-4.2806|-4.4860|-4.6840|-4.8755|-5.0612|-5.2418|-5.4179|-5.5900|-5.7586|-5.9240|-6.0866|-7.3069|-8.4466|-9.5401|-10.6033|-11.6457|-12.6736|-13.6915|-14.7024|-15.7086|-16.7114|-17.7120|-18.7109|-19.7087|-20.7056|-21.7020,0,1,0.57,False,0.2747385358004827,1712.667631600052,0.0483291142672828,1.5195421675860912e-05,0.0029838262938482,0.0040049235120356,0.176,0.167,True,spurious,1278.02,8.104334|8.118935|8.070988|8.049584|8.731589|7.718201|8.604839|8.047020|7.970739|8.365498
399794420,,50.60106028736511,13.792195394143103,0.1438528116598403,9.06555337198218,14.251,0.930968,1.05459,4.35138,-0.354691,5977.19,3,,-1.2666490113643518,8.49291,0.225112,-0.0000|-0.0000|-0.0000|-0.0000|-0.0000|-0.0000|-0.0000|-0.0000|-0.0000|-0.0000|-0.0000|-0.0000|-0.0000|-0.0000|-0.0000|-0.0000|-0.0000|-0.0000|-0.0000|-0.0000|-0.0000|-0.0000|-0.0000|-0.0000|-0.0000|-0.0000|-0.0000|-0.0000|-0.0000|-0.0000|-0.0000|-0.0000|-0.0000|-0.0000|-0.0000|-0.0000|-0.0000|-0.0001|-0.0003|-0.0011|-0.0041|-0.0180|-0.0910|-0.4015|-0.9924|-1.6020|-2.1103|-2.5372|-2.9074|-3.2360|-3.5331|-3.8053|-4.0575|-4.2932|-4.5152|-4.7255|-4.9256|-5.1170|-5.3007|-5.4777|-5.6489|-5.8149|-5.9764|-6.1339|-6.2881|-7.4335|-8.5054|-9.5465|-10.5718|-11.5877|-12.5978|-13.6044|-14.6085|-15.6112|-16.6128|-17.6139|-18.6145|-19.6148|-20.6150|-21.6151,0,1,1.23,False,0.1343523732904263,2404.452587875072,0.2877056233196806,0.000103170494976,0.0028189818333575,0.0050736453630174,1.281,1.206,False,spurious,4476.02,8.297133|8.349355|8.937959|8.657206|8.366145|8.387228|8.344321|8.469432|8.293018|8.849169
122706449,,28.564055396780383,0.0550136052118732,0.0338309796430574,9.052061402726572,14.35,1.01406,1.03574,4.41068,0.026181,5780.0,3,,-1.2713148020520055,7.92119,0.375886,-0.0000|-0.0000|-0.0000|-0.0000|-0.0000|-0.0000|-0.0000|-0.0000|-0.0000|-0.0000|-0.0000|-0.0000|-0.0000|-0.0000|-0.0000|-0.0000|-0.0000|-0.0000|-0.0000|-0.0000|-0.0000|-0.0000|-0.0000|-0.0000|-0.0000|-0.0000|-0.0000|-0.0000|-0.0000|-0.0000|-0.0000|-0.0001|-0.0001|-0.0002|-0.0005|-0.0011|-0.0025|-0.0059|-0.0148|-0.0391|-0.1034|-0.2466|-0.4898|-0.8083|-1.1433|-1.4532|-1.7303|-1.9799|-2.2078|-2.4184|-2.6150|-2.7998|-2.9745|-3.1403|-3.2982|-3.4491|-3.5935|-3.7320|-3.8651|-3.9933|-4.1168|-4.2361|-4.3514|-4.4631|-4.5713|-5.3359|-5.9843|-6.5662|-7.1083|-7.6259|-8.1278|-8.6196|-9.1046|-9.5850|-10.0622|-10.5373|-11.0109|-11.4834|-11.9551|-12.4263,0,1,0.59,False,0.2703137570394207,3312.920931564644,0.0676619592861148,0.000404756348148,0.0022787726090556,0.003147546719748,14.546,14.419,True,,7398.02,7.876342|8.003606|8.331771|7.517267|7.461991|8.242064|8.573222|7.808698|8.782641|7.449270
52928939,,0.2168006504322657,0.0850775249060167,0.0314104881839537,8.921970852123989,1.377,0.854449,0.820725,4.53459,-0.158872,5417.6,420,,-1.9132625174931632,8.1411,0.178388,0.0000|0.0000|-0.0000|-0.0000|-0.0000|-0.0000|-0.0000|-0.0000|-0.0000|-0.0000|-0.0000|-0.0000|-0.0000|-0.0000|-0.0000|-0.0000|-0.0000|-0.0000|-0.0000|-0.0000|-0.0000|-0.0000|-0.0000|-0.0000|-0.0000|-0.0000|-0.0000|-0.0000|-0.0000|-0.0000|-0.0000|-0.0000|-0.0000|-0.0000|-0.0000|-0.0000|-0.0001|-0.0002|-0.0007|-0.0028|-0.0132|-0.0725|-0.3893|-1.1507|-1.8816|-2.4529|-2.9219|-3.3277|-3.6906|-4.0223|-4.3294|-4.6165|-4.8865|-5.1420|-5.3848|-5.6165|-5.8386|-6.0523|-6.2588|-6.4589|-6.6535|-6.8434|-7.0292|-7.2115|-7.3909|-8.7489|-10.0494|-11.3303|-12.6039|-13.8747|-15.1443|-16.4133|-17.6822|-18.9510|-20.2197|-21.4884|-22.7571|-24.0259|-25.2946|-26.5633,0,1,2.87,True,0.0002011263073209,2963.8629311327823,0.0628209763679074,2.469046600666839e-07,0.0005066877882559,0.0008014102271332,0.115,0.109,True,spurious,4245.02,8.208679|8.208679|8.003244|8.208679|7.939171|8.250174|8.202196|8.489972|8.205831|7.809309
203377303,,18.96804900006216,12.396435032148812,0.1086229554396636,8.907668421652744,2.407,1.03375,1.16137,4.31384,-0.0551138,5935.84,3,,-1.0534356403366991,8.77857,0.0216536,0.0000|0.0000|0.0000|0.0000|0.0000|0.0000|0.0000|0.0000|0.0000|0.0000|0.0000|0.0000|0.0000|0.0000|0.0000|0.0000|0.0000|0.0000|0.0000|0.0000|0.0000|0.0000|0.0000|0.0000|0.0000|-0.0000|-0.0000|-0.0000|-0.0000|-0.0000|-0.0000|-0.0000|-0.0000|-0.0000|-0.0000|-0.0000|-0.0000|-0.0000|-0.0000|-0.0000|-0.0000|-0.0000|-0.0003|-0.0099|-1.0233|-2.9328|-3.9965|-4.7724|-5.4260|-6.0194|-6.5796|-7.1202|-7.6484|-8.1686|-8.6832|-9.1937|-9.7011|-10.2061|-10.7091|-11.2106|-11.7107|-12.2096|-12.7076|-13.2047|-13.7011|-17.6311|-21.5431|-25.4465|-29.3447|-33.2392|-37.1311|-41.0207|-44.9085|-48.7949|-52.6801|-56.5643|-60.4478|-64.3306|-68.2130|-72.0949,2,1,0.22,False,0.3843523732904264,2320.687404315453,0.2172459108793272,7.704189119395659e-05,0.0045437505564655,0.002949760118589,0.186,0.178,False,spurious,3493.02,8.772064|8.793261|8.825821|8.831834|8.784198|8.788449|8.783510|8.825270|8.828346|8.804458
437333618,,40.66460407836732,23.73534279419613,0.05568161795971,8.859405191998082,7.056,1.05176,1.06387,4.39838,0.0899622,5832.66,3,,-1.2827586123998325,8.7048,0.0353932,0.0000|0.0000|0.0000|0.0000|0.0000|0.0000|0.0000|0.0000|0.0000|0.0000|0.0000|0.0000|0.0000|0.0000|0.0000|0.0000|0.0000|0.0000|0.0000|0.0000|0.0000|0.0000|-0.0000|-0.0000|-0.0000|-0.0000|-0.0000|-0.0000|-0.0000|-0.0000|-0.0000|-0.0000|-0.0000|-0.0000|-0.0000|-0.0000|-0.0000|-0.0000|-0.0000|-0.0000|-0.0000|-0.0001|-0.0016|-0.0478|-1.4487|-2.9447|-3.9132|-4.6661|-5.3218|-5.9291|-6.5083|-7.0685|-7.6150|-8.1506|-8.6777|-9.1979|-9.7125|-10.2224|-10.7285|-11.2313|-11.7313|-12.2289|-12.7245|-13.2184|-13.7107|-17.5899|-21.4360|-25.2700|-29.0993|-32.9267|-36.7533|-40.5794|-44.4052|-48.2308|-52.0561|-55.8813|-59.7063|-63.5312|-67.3558|-71.1803,0,1,0.9,False,0.1946902654867256,1623.835226063151,0.11136323591942,0.0001682362959203,0.0029232061560933,0.0043786844258672,0.569,0.55,False,spurious,843.02,8.702170|8.711155|8.701906|8.665996|8.672010|8.669173|8.702211|8.701858|8.794991|8.726503
381789320,,22.93897898331093,17.11026999627494,0.0267056011880169,8.839091715999476,9.084,1.15922,1.32617,4.24759,-0.00622262,6150.89,3,,-1.2556594904748932,8.43632,0.160132,0.0000|0.0000|0.0000|0.0000|0.0000|0.0000|0.0000|0.0000|-0.0000|-0.0000|-0.0000|-0.0000|-0.0000|-0.0000|-0.0000|-0.0000|-0.0000|-0.0000|-0.0000|-0.0000|-0.0000|-0.0000|-0.0000|-0.0000|-0.0000|-0.0000|-0.0000|-0.0000|-0.0000|-0.0000|-0.0000|-0.0000|-0.0000|-0.0000|-0.0000|-0.0000|-0.0000|-0.0000|-0.0001|-0.0002|-0.0011|-0.0066|-0.0517|-0.4305|-1.4309|-2.2882|-2.9263|-3.4379|-3.8705|-4.2480|-4.5846|-4.8900|-5.1715|-5.4349|-5.6847|-5.9242|-6.1559|-6.3816|-6.6026|-6.8201|-7.0346|-7.2469|-7.4574|-7.6663|-7.8740|-9.4991|-11.1002|-12.6899|-14.2724|-15.8497|-17.4229|-18.9930|-20.5604|-22.1256|-23.6891|-25.2511|-26.8118|-28.3714|-29.9301|-31.4880,1,1,0.15,False,0.4080852775543041,1674.147035105154,0.0534112023760338,7.253224045321066e-05,0.0053743066385293,0.0027776598038912,0.677,0.681,True,spurious,3304.02,8.518452|8.360928|8.503254|8.372980|8.529738|8.523092|8.424711|8.711466|8.672664|8.275957
104208182,,48.34047359991176,9.297995291926895,0.112772865558696,8.820387756035064,3.302,0.598182,0.638821,4.60213,0.0265662,4007.1,3,,-1.231666166939868,8.50954,0.0434126,0.0000|0.0000|0.0000|0.0000|0.0000|0.0000|0.0000|0.0000|0.0000|0.0000|0.0000|0.0000|0.0000|0.0000|0.0000|0.0000|0.0000|0.0000|-0.0000|-0.0000|-0.0000|-0.0000|-0.0000|-0.0000|-0.0000|-0.0000|-0.0000|-0.0000|-0.0000|-0.0000|-0.0000|-0.0000|-0.0000|-0.0000|-0.0000|-0.0000|-0.0000|-0.0000|-0.0000|-0.0000|-0.0002|-0.0015|-0.0155|-0.2737|-1.5138|-2.5589|-3.3097|-3.9067|-4.4114|-4.8573|-5.2634|-5.6417|-5.9999|-6.3435|-6.6761|-7.0007|-7.3192|-7.6330|-7.9432|-8.2507|-8.5560|-8.8596|-9.1617|-9.4627|-9.7627|-12.1273|-14.4725|-16.8093|-19.1422|-21.4732|-23.8033|-26.1330|-28.4624|-30.7918|-33.1211|-35.4503|-37.7796|-40.1088|-42.4381|-44.7673,0,1,2.34,False,0.0174979887369267,1799.9633259209804,0.225545731117392,0.0001872181072008,0.0057099128412987,0.0050153867237744,0.235,0.232,False,spurious,1738.02,8.535557|8.496468|8.585512|8.799601|8.506810|8.542403|8.542981|8.584087|8.539225|8.584087
285505979,,12.95941137954918,10.50930054445889,0.0589774706178756,8.808232027899592,2.893,0.657011,0.664506,4.60951,-0.0064671,4351.7,4,,-1.3882751010187455,8.1238,0.260418,-0.0000|-0.0000|-0.0000|-0.0000|-0.0000|-0.0000|-0.0000|-0.0000|-0.0000|-0.0000|-0.0000|-0.0000|-0.0000|-0.0000|-0.0000|-0.0000|-0.0000|-0.0000|-0.0000|-0.0000|-0.0000|-0.0000|-0.0000|-0.0000|-0.0000|-0.0000|-0.0000|-0.0000|-0.0000|-0.0000|-0.0000|-0.0000|-0.0000|-0.0000|-0.0000|-0.0001|-0.0002|-0.0006|-0.0019|-0.0067|-0.0259|-0.1079|-0.3953|-0.9532|-1.5424|-2.0349|-2.4454|-2.7994|-3.1122|-3.3931|-3.6476|-3.8791|-4.0899|-4.2817|-4.4560|-4.6142|-4.7578|-4.8885|-5.0079|-5.1176|-5.2194|-5.3145|-5.4042|-5.4895|-5.5713|-6.1573|-6.7045|-7.2443|-7.7825|-8.3204|-8.8581|-9.3959|-9.9336|-10.4713|-11.0091|-11.5468|-12.0845|-12.6222|-13.1600|-13.6977,0,1,0.7,False,0.2413515687851971,1801.1747190090828,0.1179549412357512,4.756345495612236e-05,0.0032234747735281,0.0042140684036002,0.408,0.391,False,spurious,6299.02,8.193022|7.876184|8.197940|8.348502|8.178997|7.707600|8.618797|8.084572|7.892409|8.256056
186470968,,32.280460688599,8.084147265614133,0.0864579732955562,8.793628696184498,5.518,0.638459,0.663657,4.60161,0.175288,4121.97,3,,-1.711224670046641,7.89001,0.248579,-0.0000|-0.0000|-0.0000|-0.0000|-0.0000|-0.0000|-0.0000|-0.0000|-0.0000|-0.0000|-0.0000|-0.0000|-0.0000|-0.0000|-0.0000|-0.0000|-0.0000|-0.0000|-0.0000|-0.0000|-0.0000|-0.0000|-0.0000|-0.0000|-0.0000|-0.0000|-0.0000|-0.0000|-0.0000|-0.0000|-0.0000|-0.0000|-0.0000|-0.0000|-0.0001|-0.0002|-0.0004|-0.0014|-0.0048|-0.0180|-0.0738|-0.2859|-0.7667|-1.3531|-1.8666|-2.2973|-2.6694|-2.9996|-3.2981|-3.5714|-3.8239|-4.0591|-4.2795|-4.4871|-4.6837|-4.8707|-5.0493|-5.2204|-5.3850|-5.5437|-5.6973|-5.8464|-5.9913|-6.1326|-6.2705|-7.2837|-8.2100|-9.0977|-9.9683|-10.8313|-11.6909|-12.5489|-13.4061|-14.2630|-15.1197|-15.9763|-16.8329|-17.6895|-18.5461|-19.4026,0,1,2.31,False,0.0197103781174577,2971.9948389925994,0.1729159465911124,0.0002041936632296,0.0029643730720986,0.0048732854984474,0.372,0.369,False,spurious,4832.02,7.539026|7.697877|8.229255|8.329282|7.862906|7.982906|7.861557|7.828906|8.088790|7.650091
301235044,,2.724169628514088,0.0443950834822412,0.0059767512522472,8.778754431913255,2.544,0.683102,0.684675,4.60009,-0.00497576,4477.0,13,,-1.5521963069037752,7.51936,0.379139,-0.0000|-0.0000|-0.0000|-0.0000|-0.0000|-0.0000|-0.0000|-0.0000|-0.0000|-0.0000|-0.0000|-0.0000|-0.0000|-0.0000|-0.0000|-0.0000|-0.0000|-0.0000|-0.0000|-0.0000|-0.0000|-0.0000|-0.0000|-0.0000|-0.0000|-0.0000|-0.0000|-0.0000|-0.0000|-0.0000|-0.0000|-0.0001|-0.0001|-0.0003|-0.0007|-0.0017|-0.0045|-0.0126|-0.0367|-0.1077|-0.2808|-0.5818|-0.9569|-1.3310|-1.6684|-1.9674|-2.2355|-2.4795|-2.7046|-2.9140|-3.1105|-3.2959|-3.4718|-3.6393|-3.7994|-3.9531|-4.1010|-4.2436|-4.3817|-4.5155|-4.6455|-4.7721|-4.8957|-5.0164|-5.1345|-6.0052|-6.7981|-7.5482|-8.2727|-8.9805|-9.6769|-10.3651|-11.0472|-11.7245|-12.3979|-13.0683|-13.7361|-14.4017|-15.0655|-15.7277,0,1,0.53,False,0.2843925985518906,2447.7449666270986,0.0119535025044944,2.8674957267181294e-06,0.0009356427216691,0.0012381325216354,0.343,0.327,False,spurious,6835.02,7.305638|7.682937|7.088366|7.719262|7.152491|8.381966|7.587441|7.523190|7.679763|8.096306
231663901,,3.584757978481844,1.845392409937581,0.0138963108154816,8.777364616548027,3.834,0.934825,0.889221,4.5072,-0.15545,5717.82,31,,-1.5801613123948846,7.7635,0.349926,-0.0000|-0.0000|-0.0000|-0.0000|-0.0000|-0.0000|-0.0000|-0.0000|-0.0000|-0.0000|-0.0000|-0.0000|-0.0000|-0.0000|-0.0000|-0.0000|-0.0000|-0.0000|-0.0000|-0.0000|-0.0000|-0.0000|-0.0000|-0.0000|-0.0000|-0.0000|-0.0000|-0.0000|-0.0000|-0.0000|-0.0000|-0.0000|-0.0000|-0.0000|-0.0001|-0.0003|-0.0007|-0.0021|-0.0071|-0.0277|-0.1215|-0.4177|-0.8581|-1.3118|-1.7236|-2.0893|-2.4172|-2.7152|-2.9888|-3.2420|-3.4780|-3.6992|-3.9076|-4.1048|-4.2922|-4.4709|-4.6420|-4.8063|-4.9646|-5.1177|-5.2660|-5.4102|-5.5506|-5.6878|-5.8220|-6.8157|-7.7338|-8.6163|-9.4806|-10.3350|-11.1834|-12.0281|-12.8702|-13.7104|-14.5491|-15.3866|-16.2231|-17.0587|-17.8935|-18.7276,5,1,-0.1,False,0.5110619469026548,1327.154072866775,0.0277926216309632,3.0820898273100765e-06,0.0015535485114979,0.0005508413427266,0.295,0.294,True,,101.02,7.658361|8.428263|7.683772|7.658361|7.658361|7.658361|7.872080|7.658361|7.658361|8.428263
122785299,,63.51641245174555,49.36781069,0.0201797590827027,8.74160538055732,17.198,0.833902,0.850531,4.49651,-0.0158256,5269.82,3,,-1.2797243898907869,8.65168,4.33202e-12,0.0000|0.0000|0.0000|0.0000|0.0000|0.0000|0.0000|0.0000|0.0000|0.0000|0.0000|0.0000|0.0000|0.0000|0.0000|0.0000|0.0000|0.0000|0.0000|0.0000|0.0000|0.0000|0.0000|0.0000|0.0000|-0.0000|-0.0000|-0.0000|-0.0000|-0.0000|-0.0000|-0.0000|-0.0000|-0.0000|-0.0000|-0.0000|-0.0000|-0.0000|-0.0000|-0.0000|-0.0000|-0.0000|-0.0007|-0.0464|-2.2855|-3.8037|-4.7734|-5.5313|-6.1967|-6.8179|-7.4154|-7.9982|-8.5709|-9.1361|-9.6955|-10.2502|-10.8011|-11.3491|-11.8945|-12.4380|-12.9799|-13.5204|-14.0598|-14.5983|-15.1361|-19.3986|-23.6510|-27.9011|-32.1506|-36.4000|-40.6494|-44.8987|-49.1481|-53.3974|-57.6468|-61.8961|-66.1455|-70.3948|-74.6442|-78.8935,0,1,2.38,False,0.0146822204344328,2440.028287795838,0.0403595181654054,0.0001825619696165,0.0021209378121291,0.0028323347085276,1.534,1.488,False,spurious,4592.02,8.651675|8.651675|8.660291|8.660291|8.651675|8.660291|8.651675|8.651675|8.651675|8.660291
173260345,,9.112039125386444,5.670297324132777,0.0212629704483373,8.705505508265041,9.591,1.07266,1.07026,4.40655,-0.365752,6387.61,9,,-1.2174522284946343,7.88732,0.350232,-0.0000|-0.0000|-0.0000|-0.0000|-0.0000|-0.0000|-0.0000|-0.0000|-0.0000|-0.0000|-0.0000|-0.0000|-0.0000|-0.0000|-0.0000|-0.0000|-0.0000|-0.0000|-0.0000|-0.0000|-0.0000|-0.0000|-0.0000|-0.0000|-0.0000|-0.0000|-0.0000|-0.0000|-0.0000|-0.0000|-0.0000|-0.0000|-0.0000|-0.0001|-0.0002|-0.0006|-0.0014|-0.0038|-0.0104|-0.0302|-0.0897|-0.2486|-0.5716|-1.0195|-1.4608|-1.8430|-2.1732|-2.4652|-2.7291|-2.9711|-3.1957|-3.4058|-3.6039|-3.7917|-3.9707|-4.1418|-4.3059|-4.4638|-4.6159|-4.7627|-4.9046|-5.0418|-5.1745|-5.3031|-5.4277|-6.3015|-7.0341|-7.6984|-8.3326|-8.9534|-9.5679|-10.1794|-10.7893|-11.3984|-12.0070|-12.6154|-13.2236|-13.8317|-14.4398|-15.0479,0,1,-0.59,False,0.6510458567980691,2969.566611696966,0.0425259408966746,3.785260289501759e-05,0.0022371627218872,0.0038969184312584,0.722,0.729,True,,3393.02,8.440467|8.263902|8.267156|7.324838|7.781753|7.778584|7.510928|8.232358|7.760968|8.086449
112115898,,1.310083033586349,0.6849965489378006,0.0425215743160479,8.680386865486959,0.54,0.558276,0.588183,4.64513,-0.0121106,3190.0,69,,-1.4038128020241003,7.80938,0.345925,-0.0000|-0.0000|-0.0000|-0.0000|-0.0000|-0.0000|-0.0000|-0.0000|-0.0000|-0.0000|-0.0000|-0.0000|-0.0000|-0.0000|-0.0000|-0.0000|-0.0000|-0.0000|-0.0000|-0.0000|-0.0000|-0.0000|-0.0000|-0.0000|-0.0000|-0.0000|-0.0000|-0.0000|-0.0000|-0.0000|-0.0000|-0.0000|-0.0000|-0.0001|-0.0001|-0.0004|-0.0010|-0.0030|-0.0098|-0.0368|-0.1472|-0.4361|-0.8399|-1.2583|-1.6441|-1.9902|-2.3034|-2.5904|-2.8559|-3.1034|-3.3353|-3.5534|-3.7589|-3.9530|-4.1365|-4.3101|-4.4745|-4.6303|-4.7781|-4.9186|-5.0525|-5.1802|-5.3024|-5.4198|-5.5327|-6.3261|-7.0248|-7.6872|-8.3324|-8.9680|-9.5975|-10.2230|-10.8459|-11.4670|-12.0869|-12.7060|-13.3245|-13.9427|-14.5606|-15.1784,5,1,2.86,True,0.0002011263073209,1492.3243867526762,0.0850431486320958,1.323290136368602e-06,0.0019442752681131,0.001199959115479,0.081,0.077,True,spurious,6716.02,8.269219|8.632003|7.615901|7.898408|7.639066|7.532016|7.745138|7.644896|7.562394|7.634207
23814735,,27.23590571062828,22.68068815354994,0.1395607652838149,8.663866904750018,1.868,0.598259,0.631757,4.61243,-0.0387186,4021.87,3,,-1.5727815288975755,7.9918,0.23768,0.0000|-0.0000|-0.0000|-0.0000|-0.0000|-0.0000|-0.0000|-0.0000|-0.0000|-0.0000|-0.0000|-0.0000|-0.0000|-0.0000|-0.0000|-0.0000|-0.0000|-0.0000|-0.0000|-0.0000|-0.0000|-0.0000|-0.0000|-0.0000|-0.0000|-0.0000|-0.0000|-0.0000|-0.0000|-0.0000|-0.0000|-0.0000|-0.0000|-0.0000|-0.0000|-0.0000|-0.0001|-0.0003|-0.0010|-0.0043|-0.0215|-0.1254|-0.5860|-1.3528|-2.0192|-2.5503|-2.9963|-3.3872|-3.7393|-4.0625|-4.3636|-4.6472|-4.9168|-5.1750|-5.4239|-5.6652|-5.9001|-6.1298|-6.3549|-6.5763|-6.7944|-7.0098|-7.2227|-7.4336|-7.6426|-9.2579|-10.8224|-12.3591|-13.8791|-15.3885|-16.8906|-18.3876|-19.8808|-21.3709|-22.8585|-24.3440|-25.8278|-27.3100|-28.7908|-30.2705,0,1,1.34,False,0.1158487530168946,1761.3336299061775,0.2791215305676298,0.0001521873420091,0.0044548280863243,0.004505485245635,0.137,0.135,True,,2075.02,7.981921|8.141804|8.438451|7.752837|7.961917|8.179111|8.165142|8.031723|7.914068|8.015836
14570132,,27.81957483864641,25.21515271,0.0434494144190856,8.652691537981642,5.818,0.808976,0.791108,4.55,0.00915529,5060.5,3,,-1.9128180364192555,8.00484,0.144815,0.0000|0.0000|0.0000|-0.0000|-0.0000|-0.0000|-0.0000|-0.0000|-0.0000|-0.0000|-0.0000|-0.0000|-0.0000|-0.0000|-0.0000|-0.0000|-0.0000|-0.0000|-0.0000|-0.0000|-0.0000|-0.0000|-0.0000|-0.0000|-0.0000|-0.0000|-0.0000|-0.0000|-0.0000|-0.0000|-0.0000|-0.0000|-0.0000|-0.0000|-0.0000|-0.0000|-0.0000|-0.0001|-0.0004|-0.0022|-0.0150|-0.1428|-0.8387|-1.7055|-2.4007|-2.9618|-3.4383|-3.8592|-4.2411|-4.5943|-4.9254|-5.2393|-5.5394|-5.8283|-6.1080|-6.3800|-6.6456|-6.9057|-7.1613|-7.4130|-7.6613|-7.9068|-8.1497|-8.3906|-8.6296|-10.4865|-12.3011|-14.0963|-15.8812|-17.6600|-19.4350|-21.2076|-22.9784|-24.7482|-26.5170|-28.2851|-30.0527|-31.8197|-33.5864|-35.3526,0,1,1.06,False,0.163113435237329,2525.614633556921,0.0868988288381712,0.0001543601630718,0.002617528877161,0.004664804628262,6.462,6.444,True,spurious,5137.02,8.000100|7.925597|7.925597|7.987686|8.429743|7.995930|7.967568|7.995930|7.921146|7.967568
418184767,,11.487422860374544,2.473569114965228,0.0395447771652885,8.62183212640683,5.929,0.846595,0.827311,4.53217,0.0156117,5221.4,4,,-1.778182947369069,7.53807,0.355128,-0.0000|-0.0000|-0.0000|-0.0000|-0.0000|-0.0000|-0.0000|-0.0000|-0.0000|-0.0000|-0.0000|-0.0000|-0.0000|-0.0000|-0.0000|-0.0000|-0.0000|-0.0000|-0.0000|-0.0000|-0.0000|-0.0000|-0.0000|-0.0000|-0.0000|-0.0000|-0.0000|-0.0000|-0.0000|-0.0000|-0.0000|-0.0001|-0.0001|-0.0003|-0.0007|-0.0017|-0.0044|-0.0121|-0.0348|-0.1028|-0.2932|-0.6982|-1.2212|-1.6953|-2.0901|-2.4233|-2.7125|-2.9699|-3.2039|-3.4200|-3.6220|-3.8127|-3.9942|-4.1683|-4.3362|-4.4990|-4.6575|-4.8124|-4.9643|-5.1136|-5.2607|-5.4060|-5.5495|-5.6917|-5.8325|-6.9214|-7.9756|-9.0091|-10.0283|-11.0365|-12.0359|-13.0284|-14.0150|-14.9969|-15.9746|-16.9490|-17.9204|-18.8893|-19.8561|-20.8210,0,1,0.18,False,0.3974255832662912,2528.774652126711,0.079089554330577,5.483617194918556e-05,0.0017862632883333,0.0035113599650758,0.631,0.605,True,spurious,6923.02,7.690577|7.718007|7.627351|8.006844|6.830221|7.586315|7.711358|7.700082|6.895903|7.614053
238061845,,4.004472838451838,0.4728073091165483,0.0105749218579257,8.585707263708466,11.503,0.786078,0.769419,4.56031,0.00481712,4959.7,46,,-1.5757699469203894,7.31242,0.442007,-0.0000|-0.0000|-0.0000|-0.0000|-0.0000|-0.0000|-0.0000|-0.0000|-0.0000|-0.0000|-0.0000|-0.0000|-0.0000|-0.0000|-0.0000|-0.0000|-0.0000|-0.0000|-0.0000|-0.0000|-0.0000|-0.0000|-0.0000|-0.0000|-0.0000|-0.0000|-0.0000|-0.0000|-0.0000|-0.0000|-0.0001|-0.0002|-0.0005|-0.0010|-0.0024|-0.0060|-0.0153|-0.0409|-0.1101|-0.2696|-0.5416|-0.8826|-1.2286|-1.5456|-1.8297|-2.0868|-2.3226|-2.5413|-2.7460|-2.9389|-3.1217|-3.2958|-3.4621|-3.6216|-3.7749|-3.9225|-4.0651|-4.2029|-4.3364|-4.4657|-4.5913|-4.7133|-4.8320|-4.9475|-5.0600|-5.8682|-6.5681|-7.2066|-7.8108|-8.3951|-8.9669|-9.5307|-10.0888|-10.6429|-11.1942|-11.7434|-12.2910|-12.8375|-13.3831|-13.9280,1,1,-0.58,False,0.6484312148028962,2202.218228048645,0.0211498437158514,5.256071132155848e-06,0.00161938284118,0.0016288696352702,0.658,0.703,True,spurious,579.02,7.182936|7.394103|7.220478|7.757573|6.557713|7.578247|7.297246|8.199174|7.141770|7.044714
90127880,,0.2469890790242166,0.1180479888220426,0.0141145202234762,8.571397275257542,5.324,1.48464,1.56041,4.20978,-0.538599,8196.2,360,,-1.9437741199652396,7.53512,0.435943,-0.0000|-0.0000|-0.0000|-0.0000|-0.0000|-0.0000|-0.0000|-0.0000|-0.0000|-0.0000|-0.0000|-0.0000|-0.0000|-0.0000|-0.0000|-0.0000|-0.0000|-0.0000|-0.0000|-0.0000|-0.0000|-0.0000|-0.0000|-0.0000|-0.0000|-0.0000|-0.0000|-0.0000|-0.0000|-0.0000|-0.0000|-0.0000|-0.0000|-0.0000|-0.0001|-0.0002|-0.0006|-0.0021|-0.0080|-0.0353|-0.1652|-0.6068|-1.2964|-1.9112|-2.4125|-2.8386|-3.2126|-3.5468|-3.8488|-4.1236|-4.3746|-4.6047|-4.8161|-5.0108|-5.1908|-5.3582|-5.5148|-5.6623|-5.8023|-5.9362|-6.0651|-6.1899|-6.3115|-6.4305|-6.5474|-7.4361|-8.2960|-9.1477|-9.9965|-10.8441|-11.6914|-12.5385|-13.3855|-14.2325|-15.0794|-15.9264|-16.7734|-17.6203|-18.4673|-19.3142,0,1,4.72,True,0.0002011263073209,2963.8678341917694,0.0282290404469524,3.197237741706755e-07,0.0006344975856751,0.000959866044391,0.419,0.412,True,spurious,2914.02,7.977461|7.389157|7.768605|8.005429|7.699066|7.738299|7.422970|7.540369|7.628506|7.834975
178709444,,53.8084916146067,23.54182400116672,0.0193582840915912,8.56353435365725,5.668,0.407571,0.428309,4.77678,0.250201,3396.71,3,,-1.3453753712389969,7.94285,0.23694,-0.0000|-0.0000|-0.0000|-0.0000|-0.0000|-0.0000|-0.0000|-0.0000|-0.0000|-0.0000|-0.0000|-0.0000|-0.0000|-0.0000|-0.0000|-0.0000|-0.0000|-0.0000|-0.0000|-0.0000|-0.0000|-0.0000|-0.0000|-0.0000|-0.0000|-0.0000|-0.0000|-0.0000|-0.0000|-0.0000|-0.0000|-0.0000|-0.0000|-0.0000|-0.0000|-0.0001|-0.0003|-0.0010|-0.0033|-0.0129|-0.0574|-0.2542|-0.7329|-1.3232|-1.8474|-2.2891|-2.6703|-3.0068|-3.3086|-3.5819|-3.8317|-4.0615|-4.2745|-4.4731|-4.6596|-4.8358|-5.0034|-5.1636|-5.3176|-5.4663|-5.6105|-5.7510|-5.8881|-6.0226|-6.1546|-7.1511|-8.1007|-9.0321|-9.9553|-10.8740|-11.7900|-12.7042|-13.6170|-14.5288|-15.4397|-16.3499|-17.2593|-18.1682|-19.0765|-19.9843,0,1,2.29,False,0.0213193885760257,1595.6815723613836,0.0387165681831824,0.0001023846248561,0.0024514071922735,0.0033236059048414,0.655,0.622,False,spurious,762.02,7.958503|7.866713|8.357893|7.983502|7.919490|7.856404|7.816950|7.687865|7.665178|8.380789
373033374,,4.293600003128218,4.196042775289591,0.0417818537803053,8.519338345732475,3.67,1.01075,1.02962,4.41225,-0.0431841,5867.04,23,,-1.7234403229803823,7.5968,0.317898,-0.0000|-0.0000|-0.0000|-0.0000|-0.0000|-0.0000|-0.0000|-0.0000|-0.0000|-0.0000|-0.0000|-0.0000|-0.0000|-0.0000|-0.0000|-0.0000|-0.0000|-0.0000|-0.0000|-0.0000|-0.0000|-0.0000|-0.0000|-0.0000|-0.0000|-0.0000|-0.0000|-0.0000|-0.0000|-0.0000|-0.0000|-0.0000|-0.0000|-0.0001|-0.0002|-0.0004|-0.0013|-0.0044|-0.0153|-0.0583|-0.2183|-0.6380|-1.2332|-1.7693|-2.2087|-2.5799|-2.9043|-3.1938|-3.4561|-3.6959|-3.9170|-4.1220|-4.3133|-4.4928|-4.6619|-4.8222|-4.9747|-5.1206|-5.2607|-5.3958|-5.5266|-5.6536|-5.7775|-5.8985|-6.0171|-6.9045|-7.7415|-8.5591|-9.3682|-10.1731|-10.9758|-11.7773|-12.5781|-13.3784|-14.1784|-14.9782|-15.7778|-16.5773|-17.3766|-18.1758,0,1,-0.13,False,0.5187047465808527,3019.362240701914,0.0835637075606106,8.592193942651742e-06,0.0007219880375856,0.0013321996168104,0.299,0.286,True,,3039.02,7.977600|7.566122|7.640913|7.221432|7.813372|7.298321|7.966223|7.651016|7.494235|7.834581
285048486,,7.635381466038643,3.403180469462185,0.0118249545029497,8.512451108741233,2.435,0.589726,0.62449,4.61285,0.0095491,3952.18,9,,-1.557625531803164,8.02533,0.179483,0.0000|0.0000|-0.0000|-0.0000|-0.0000|-0.0000|-0.0000|-0.0000|-0.0000|-0.0000|-0.0000|-0.0000|-0.0000|-0.0000|-0.0000|-0.0000|-0.0000|-0.0000|-0.0000|-0.0000|-0.0000|-0.0000|-0.0000|-0.0000|-0.0000|-0.0000|-0.0000|-0.0000|-0.0000|-0.0000|-0.0000|-0.0000|-0.0000|-0.0000|-0.0000|-0.0000|-0.0001|-0.0002|-0.0007|-0.0033|-0.0178|-0.1169|-0.6941|-1.6595|-2.3987|-2.9552|-3.4004|-3.7729|-4.0961|-4.3855|-4.6516|-4.9009|-5.1381|-5.3660|-5.5867|-5.8015|-6.0114|-6.2171|-6.4193|-6.6183|-6.8147|-7.0087|-7.2005|-7.3905|-7.5789|-9.0352|-10.4490|-11.8418|-13.2229|-14.5968|-15.9660|-17.3318|-18.6951|-20.0566|-21.4165|-22.7752|-24.1329|-25.4898|-26.8461|-28.2018,0,1,0.51,False,0.2934432823813355,1845.91523896344,0.0236499090058994,1.151511867819782e-05,0.0015817403007155,0.0020581465792256,0.189,0.188,False,spurious,1728.02,8.003348|8.072432|8.192430|8.052163|8.120740|8.121467|8.121428|7.537548|7.903854|8.127939
468350765,,9.13001292916064,3.4785162851146576,0.0446632936961711,8.490322034515405,2.25,0.733286,0.723468,4.58198,-0.00210735,4718.0,12,,-1.9615207407298767,7.27779,0.293688,-0.0000|-0.0000|-0.0000|-0.0000|-0.0000|-0.0000|-0.0000|-0.0000|-0.0000|-0.0000|-0.0000|-0.0000|-0.0000|-0.0000|-0.0000|-0.0000|-0.0000|-0.0000|-0.0000|-0.0000|-0.0000|-0.0000|-0.0000|-0.0000|-0.0000|-0.0000|-0.0000|-0.0000|-0.0000|-0.0000|-0.0000|-0.0001|-0.0001|-0.0003|-0.0009|-0.0025|-0.0076|-0.0254|-0.0895|-0.2892|-0.6890|-1.1805|-1.6356|-2.0282|-2.3724|-2.6815|-2.9643|-3.2261|-3.4707|-3.7009|-3.9188|-4.1260|-4.3238|-4.5133|-4.6953|-4.8705|-5.0397|-5.2034|-5.3620|-5.5161|-5.6661|-5.8123|-5.9551|-6.0948|-6.2317|-7.2492|-8.1939|-9.1062|-10.0026|-10.8903|-11.7726|-12.6513|-13.5275|-14.4020|-15.2750|-16.1470|-17.0181|-17.8884|-18.7582|-19.6274,0,1,0.33,False,0.3497586484312148,1794.1792151601985,0.0893265873923422,3.4636637914437506e-05,0.0032401613193112,0.0048547911589776,0.296,0.283,True,,7155.02,7.442280|7.406937|7.907566|7.053506|7.317040|7.405377|6.886034|7.175377|6.953533|7.408010
301900477,,0.285997189849759,0.1156001549572182,0.0460685253567394,8.482653451124616,2.83,0.997197,1.09928,4.3472,-0.440422,6223.07,32,,-1.8196727023905457,7.20865,0.414886,-0.0000|-0.0000|-0.0000|-0.0000|-0.0000|-0.0000|-0.0000|-0.0000|-0.0000|-0.0000|-0.0000|-0.0000|-0.0000|-0.0000|-0.0000|-0.0000|-0.0000|-0.0000|-0.0000|-0.0000|-0.0000|-0.0000|-0.0000|-0.0000|-0.0000|-0.0000|-0.0000|-0.0000|-0.0000|-0.0000|-0.0000|-0.0001|-0.0001|-0.0003|-0.0008|-0.0022|-0.0067|-0.0221|-0.0779|-0.2591|-0.6295|-1.0827|-1.5131|-1.8926|-2.2273|-2.5274|-2.8007|-3.0527|-3.2873|-3.5072|-3.7145|-3.9106|-4.0968|-4.2740|-4.4431|-4.6046|-4.7592|-4.9072|-5.0493|-5.1857|-5.3168|-5.4430|-5.5647|-5.6822|-5.7957|-6.5967|-7.2952|-7.9547|-8.5999|-9.2396|-9.8771|-10.5137|-11.1499|-11.7859|-12.4218|-13.0577|-13.6936|-14.3295|-14.9654|-15.6012,1,1,2.48,False,0.0088495575221238,3097.798058188986,0.0921370507134788,9.039145270404686e-07,0.0014314577996598,0.0025729053036856,0.224,0.216,False,spurious,5003.02,7.405407|7.256478|7.427789|6.752663|7.374523|7.275606|7.307878|8.125771|7.161479|7.246182
50211272,,0.2454203226799039,0.1785414307064411,0.053077730834034,8.476314025287111,3.719,0.576904,0.602583,4.63841,-0.0110459,3967.0,112,,-1.9162594194752107,6.73003,0.453788,-0.0000|-0.0000|-0.0000|-0.0000|-0.0000|-0.0000|-0.0000|-0.0000|-0.0000|-0.0000|-0.0000|-0.0000|-0.0000|-0.0000|-0.0000|-0.0000|-0.0000|-0.0000|-0.0000|-0.0000|-0.0000|-0.0000|-0.0000|-0.0000|-0.0000|-0.0000|-0.0000|-0.0001|-0.0001|-0.0002|-0.0005|-0.0011|-0.0024|-0.0054|-0.0128|-0.0314|-0.0774|-0.1809|-0.3797|-0.6883|-1.0533|-1.4007|-1.7055|-1.9725|-2.2105|-2.4265|-2.6257|-2.8113|-2.9860|-3.1514|-3.3091|-3.4599|-3.6050|-3.7448|-3.8801|-4.0113|-4.1389|-4.2631|-4.3843|-4.5029|-4.6189|-4.7327|-4.8444|-4.9543|-5.0623|-5.8733|-6.6258|-7.3434|-8.0384|-8.7178|-9.3861|-10.0462|-10.6999|-11.3488|-11.9938|-12.6357|-13.2751|-13.9125|-14.5482|-15.1824,0,1,2.62,True,0.0002011263073209,3690.3398248991,0.106155461668068,1.769887744113323e-05,0.0010327024456165,0.0011318712697326,0.279,0.278,True,,6430.02,6.307777|7.258865|6.670073|7.217383|6.831461|7.231986|7.107222|6.245994|6.550632|7.361023
447192619,,14.948826286273652,9.867802190027469,0.0844319494073322,8.475789566739957,9.492,1.44581,1.47598,4.25882,-0.174015,7464.0,3,,-1.4603691730309951,7.69221,0.27494,-0.0000|-0.0000|-0.0000|-0.0000|-0.0000|-0.0000|-0.0000|-0.0000|-0.0000|-0.0000|-0.0000|-0.0000|-0.0000|-0.0000|-0.0000|-0.0000|-0.0000|-0.0000|-0.0000|-0.0000|-0.0000|-0.0000|-0.0000|-0.0000|-0.0000|-0.0000|-0.0000|-0.0000|-0.0000|-0.0000|-0.0000|-0.0000|-0.0000|-0.0001|-0.0001|-0.0004|-0.0011|-0.0036|-0.0128|-0.0525|-0.2172|-0.6013|-1.0919|-1.5596|-1.9687|-2.3285|-2.6511|-2.9446|-3.2144|-3.4642|-3.6964|-3.9127|-4.1144|-4.3024|-4.4776|-4.6407|-4.7926|-4.9342|-5.0665|-5.1905|-5.3073|-5.4178|-5.5229|-5.6234|-5.7202|-6.4109|-7.0471|-7.6703|-8.2900|-8.9087|-9.5271|-10.1454|-10.7636|-11.3818|-12.0001|-12.6183|-13.2365|-13.8547|-14.4729|-15.0911,0,1,1.26,False,0.1277152051488334,3107.5505873560905,0.1688638988146644,0.0001325915268801,0.0026556134184778,0.0053305439229844,0.722,0.696,False,spurious,3469.02,7.494007|8.305299|7.566156|7.762789|7.635069|7.392731|7.510568|7.552805|8.100203|7.602514
182405015,,52.88823977893789,44.47200164,0.1521042335794724,8.431192912626491,2.971,1.16626,1.29979,4.26389,-0.0339079,6176.8,4,,-1.9525625296567688,8.07437,0.141337,0.0000|0.0000|0.0000|0.0000|0.0000|0.0000|0.0000|0.0000|0.0000|0.0000|0.0000|0.0000|0.0000|0.0000|0.0000|0.0000|0.0000|0.0000|0.0000|0.0000|0.0000|0.0000|0.0000|-0.0000|-0.0000|-0.0000|-0.0000|-0.0000|-0.0000|-0.0000|-0.0000|-0.0000|-0.0000|-0.0000|-0.0000|-0.0000|-0.0000|-0.0000|-0.0000|-0.0000|-0.0005|-0.0111|-0.7063|-2.6018|-3.6929|-4.4517|-5.0654|-5.6040|-6.0998|-6.5699|-7.0239|-7.4675|-7.9040|-8.3354|-8.7631|-9.1881|-9.6108|-10.0319|-10.4517|-10.8703|-11.2880|-11.7050|-12.1213|-12.5371|-12.9524|-16.2443|-19.5242|-22.7968|-26.0641|-29.3273|-32.5872|-35.8446|-39.0998|-42.3534|-45.6056|-48.8565|-52.1064|-55.3553|-58.6034|-61.8508,0,1,1.31,False,0.1198712791633145,1536.131184575148,0.3042084671589448,0.0002297590947625,0.0068983155926598,0.0047594712420418,0.222,0.215,False,spurious,6105.02,8.190122|8.121282|8.120494|8.188958|8.132456|8.136263|8.138457|8.191242|8.122170|8.117795
201658484,,1.6522261707820456,1.49999256,0.0369187452566852,8.41137881876404,4.432,1.26277,1.42639,4.21473,-0.0649757,6405.0,42,,-1.508792153370156,7.02551,0.361744,-0.0000|-0.0000|-0.0000|-0.0000|-0.0000|-0.0000|-0.0000|-0.0000|-0.0000|-0.0000|-0.0000|-0.0000|-0.0000|-0.0000|-0.0000|-0.0000|-0.0000|-0.0000|-0.0000|-0.0000|-0.0000|-0.0000|-0.0000|-0.0000|-0.0000|-0.0000|-0.0000|-0.0000|-0.0001|-0.0001|-0.0002|-0.0005|-0.0010|-0.0022|-0.0052|-0.0125|-0.0317|-0.0808|-0.1931|-0.3984|-0.6887|-1.0172|-1.3354|-1.6247|-1.8859|-2.1243|-2.3443|-2.5497|-2.7428|-2.9256|-3.0997|-3.2660|-3.4256|-3.5791|-3.7271|-3.8702|-4.0088|-4.1433|-4.2739|-4.4009|-4.5246|-4.6452|-4.7628|-4.8777|-4.9901|-5.8084|-6.5321|-7.2002|-7.8359|-8.4526|-9.0574|-9.6542|-10.2454|-10.8323|-11.4159|-11.9968|-12.5755|-13.1524|-13.7277|-14.3018,0,1,0.48,False,0.3014883346741754,1656.5156745607965,0.0738374905133704,2.928654412888839e-06,0.0023508654621458,0.003633687622665,0.334,0.33,True,spurious,6787.02,6.462324|8.015180|6.715685|7.081183|7.246433|7.026158|7.549593|7.552086|6.846363|7.249261
126982911,,19.933320253720726,3.770666759838653,0.0243894858613371,8.386272919754703,9.56,1.00594,1.0172,4.42264,0.0265494,5756.0,5,,-1.945461708404886,7.48416,0.33751,-0.0000|-0.0000|-0.0000|-0.0000|-0.0000|-0.0000|-0.0000|-0.0000|-0.0000|-0.0000|-0.0000|-0.0000|-0.0000|-0.0000|-0.0000|-0.0000|-0.0000|-0.0000|-0.0000|-0.0000|-0.0000|-0.0000|-0.0000|-0.0000|-0.0000|-0.0000|-0.0000|-0.0000|-0.0000|-0.0000|-0.0000|-0.0000|-0.0000|-0.0000|-0.0000|-0.0001|-0.0004|-0.0014|-0.0065|-0.0353|-0.2083|-0.8193|-1.6082|-2.2500|-2.7640|-3.1942|-3.5667|-3.8974|-4.1972|-4.4733|-4.7313|-4.9750|-5.2073|-5.4303|-5.6458|-5.8550|-6.0589|-6.2583|-6.4537|-6.6457|-6.8347|-7.0210|-7.2050|-7.3869|-7.5668|-8.9471|-10.2696|-11.5606|-12.8337|-14.0966|-15.3536|-16.6073|-17.8590|-19.1096|-20.3595|-21.6089|-22.8582|-24.1073|-25.3563|-26.6052,0,1,-0.01,False,0.4724456958970233,2451.471663900651,0.0487789717226742,6.576299727283373e-05,0.0012075623969121,0.0023915087491666,0.71,0.724,False,spurious,6839.02,7.555602|7.633378|7.709940|7.653325|7.739417|7.736680|7.409655|7.979450|7.369483|7.627921
355655412,,28.338798853018844,13.77076503,0.1008163144970521,8.350432088901574,7.721,1.39388,1.35472,4.31645,-0.169038,7218.43,3,,-1.2936395651798145,7.63557,0.26646,-0.0000|-0.0000|-0.0000|-0.0000|-0.0000|-0.0000|-0.0000|-0.0000|-0.0000|-0.0000|-0.0000|-0.0000|-0.0000|-0.0000|-0.0000|-0.0000|-0.0000|-0.0000|-0.0000|-0.0000|-0.0000|-0.0000|-0.0000|-0.0000|-0.0000|-0.0000|-0.0000|-0.0000|-0.0000|-0.0000|-0.0000|-0.0000|-0.0000|-0.0001|-0.0002|-0.0005|-0.0014|-0.0045|-0.0157|-0.0605|-0.2268|-0.6043|-1.0961|-1.5668|-1.9766|-2.3353|-2.6558|-2.9466|-3.2135|-3.4602|-3.6895|-3.9034|-4.1035|-4.2912|-4.4677|-4.6342|-4.7918|-4.9416|-5.0845|-5.2214|-5.3531|-5.4803|-5.6038|-5.7240|-5.8414|-6.7136|-7.5329|-8.3309|-9.1173|-9.8962|-10.6697|-11.4392|-12.2054|-12.9691|-13.7308|-14.4908|-15.2496|-16.0072|-16.7639|-17.5198,0,1,1.68,False,0.0724054706355591,3002.982096412219,0.2016326289941042,0.000155361218527,0.0026841180695892,0.0053877957240416,0.561,0.543,False,spurious,2890.02,7.547376|7.633385|8.290717|8.021177|7.347900|7.764975|7.549651|7.541878|7.724916|7.350099
35315453,,5.120706416958853,4.86803141,0.0875765395960778,8.33714214207513,4.549,1.48994,1.93448,4.02464,-0.0020176,6687.52,18,,-1.259573826571123,7.63984,0.293154,-0.0000|-0.0000|-0.0000|-0.0000|-0.0000|-0.0000|-0.0000|-0.0000|-0.0000|-0.0000|-0.0000|-0.0000|-0.0000|-0.0000|-0.0000|-0.0000|-0.0000|-0.0000|-0.0000|-0.0000|-0.0000|-0.0000|-0.0000|-0.0000|-0.0000|-0.0000|-0.0000|-0.0000|-0.0000|-0.0000|-0.0000|-0.0000|-0.0000|-0.0001|-0.0002|-0.0006|-0.0018|-0.0055|-0.0181|-0.0627|-0.2097|-0.5605|-1.0728|-1.5639|-1.9758|-2.3269|-2.6367|-2.9175|-3.1766|-3.4187|-3.6472|-3.8642|-4.0714|-4.2699|-4.4607|-4.6446|-4.8221|-4.9938|-5.1600|-5.3212|-5.4777|-5.6298|-5.7778|-5.9220|-6.0625|-7.0799|-7.9811|-8.8240|-9.6383|-10.4385|-11.2317|-12.0215|-12.8094|-13.5964|-14.3829|-15.1691|-15.9552|-16.7412|-17.5272|-18.3132,1,1,0.42,False,0.3191874497184231,1633.4463191120883,0.1751530791921556,5.390132186355722e-06,0.0013673893865461,0.001695339392136,0.332,0.321,True,spurious,4412.02,7.272021|7.793482|8.067191|7.976167|7.305282|7.564650|7.518908|7.431018|7.953558|7.832108
62085710,,25.67054709305826,16.03581180723904,0.0439234328668023,8.293199232476063,5.881,1.36825,1.51661,4.20051,-0.0874387,6760.0,3,,-1.1555725615385133,7.38903,0.369343,-0.0000|-0.0000|-0.0000|-0.0000|-0.0000|-0.0000|-0.0000|-0.0000|-0.0000|-0.0000|-0.0000|-0.0000|-0.0000|-0.0000|-0.0000|-0.0000|-0.0000|-0.0000|-0.0000|-0.0000|-0.0000|-0.0000|-0.0000|-0.0000|-0.0000|-0.0000|-0.0000|-0.0000|-0.0000|-0.0000|-0.0000|-0.0000|-0.0001|-0.0002|-0.0004|-0.0010|-0.0028|-0.0082|-0.0269|-0.0931|-0.2875|-0.6369|-1.0556|-1.4559|-1.8111|-2.1261|-2.4095|-2.6679|-2.9058|-3.1268|-3.3334|-3.5276|-3.7109|-3.8847|-4.0499|-4.2076|-4.3585|-4.5034|-4.6428|-4.7775|-4.9079|-5.0344|-5.1575|-5.2776|-5.3949|-6.2605|-7.0579|-7.8226|-8.5693|-9.3046|-10.0320|-10.7539|-11.4716|-12.1860|-12.8980|-13.6079|-14.3162|-15.0232|-15.7290|-16.4340,5,1,1.03,False,0.1715607401448109,1673.4059600885955,0.0878468657336046,0.0001863668478663,0.0046122720806944,0.0082646898629694,0.452,0.458,False,spurious,6677.02,7.754949|7.201230|7.437684|7.358811|8.141055|8.258151|7.428344|7.457253|7.693603|7.512780
64938667,,0.2610638604355033,0.044384690101726,0.0180513288832974,8.198034441317855,4.298,1.29187,1.47614,4.20648,-0.0854096,6642.74,418,,-0.8905124508309494,7.81287,0.159892,0.0000|0.0000|-0.0000|-0.0000|-0.0000|-0.0000|-0.0000|-0.0000|-0.0000|-0.0000|-0.0000|-0.0000|-0.0000|-0.0000|-0.0000|-0.0000|-0.0000|-0.0000|-0.0000|-0.0000|-0.0000|-0.0000|-0.0000|-0.0000|-0.0000|-0.0000|-0.0000|-0.0000|-0.0000|-0.0000|-0.0000|-0.0000|-0.0000|-0.0000|-0.0000|-0.0001|-0.0002|-0.0007|-0.0027|-0.0116|-0.0562|-0.2781|-0.9130|-1.6561|-2.2573|-2.7463|-3.1623|-3.5275|-3.8552|-4.1541|-4.4300|-4.6872|-4.9288|-5.1570|-5.3739|-5.5810|-5.7795|-5.9706|-6.1553|-6.3343|-6.5084|-6.6783|-6.8445|-7.0074|-7.1675|-8.3753|-9.5253|-10.6547|-11.7759|-12.8938|-14.0102|-15.1259|-16.2413|-17.3566|-18.4717|-19.5868|-20.7019|-21.8170|-22.9321|-24.0472,1,1,2.2,False,0.0271520514883346,2853.4065306670964,0.0361026577665948,6.657391026048973e-07,0.0003634403572468,0.000568559257322,0.366,0.353,True,,3619.02,7.857755|8.047178|7.787090|7.927604|8.140325|7.471615|8.164205|7.820884|7.983356|7.745676
450337675,,0.3230008889050402,0.1882520889233125,0.011948213235204,8.194283258064372,4.614,0.945633,1.05339,4.35765,0.00634163,5639.64,102,,-1.7491329698668108,7.46516,0.273082,-0.0000|-0.0000|-0.0000|-0.0000|-0.0000|-0.0000|-0.0000|-0.0000|-0.0000|-0.0000|-0.0000|-0.0000|-0.0000|-0.0000|-0.0000|-0.0000|-0.0000|-0.0000|-0.0000|-0.0000|-0.0000|-0.0000|-0.0000|-0.0000|-0.0000|-0.0000|-0.0000|-0.0000|-0.0000|-0.0000|-0.0000|-0.0000|-0.0000|-0.0000|-0.0001|-0.0004|-0.0014|-0.0051|-0.0208|-0.0945|-0.4049|-1.0929|-1.7813|-2.3301|-2.7821|-3.1724|-3.5211|-3.8406|-4.1384|-4.4192|-4.6866|-4.9429|-5.1901|-5.4295|-5.6626|-5.8902|-6.1133|-6.3325|-6.5484|-6.7614|-6.9721|-7.1808|-7.3876|-7.5928|-7.7967|-9.3841|-10.9339|-12.4612|-13.9731|-15.4739|-16.9665|-18.4529|-19.9348|-21.4131|-22.8888|-24.3623|-25.8341|-27.3046|-28.7740|-30.2424,0,1,1.24,False,0.1321399839098954,1930.5374772758223,0.023896426470408,1.1710228680679016e-06,0.0023874572884036,0.0024528385297118,0.433,0.413,True,spurious,3898.02,7.747733|7.035562|7.529716|7.532742|7.745014|7.563859|7.562235|7.385343|7.251379|7.572739
374530847,,1.5273363250668588,1.4240366769436763,0.0107620896801885,8.189892037518668,2.826,0.828626,0.80972,4.54116,0.012878,5147.0,18,,-1.0596333610880309,7.57468,0.228883,-0.0000|-0.0000|-0.0000|-0.0000|-0.0000|-0.0000|-0.0000|-0.0000|-0.0000|-0.0000|-0.0000|-0.0000|-0.0000|-0.0000|-0.0000|-0.0000|-0.0000|-0.0000|-0.0000|-0.0000|-0.0000|-0.0000|-0.0000|-0.0000|-0.0000|-0.0000|-0.0000|-0.0000|-0.0000|-0.0000|-0.0000|-0.0000|-0.0000|-0.0000|-0.0001|-0.0002|-0.0006|-0.0020|-0.0068|-0.0258|-0.1062|-0.4222|-1.1003|-1.7655|-2.2920|-2.7212|-3.0873|-3.4095|-3.6990|-3.9633|-4.2076|-4.4357|-4.6505|-4.8542|-5.0483|-5.2342|-5.4129|-5.5852|-5.7520|-5.9138|-6.0711|-6.2245|-6.3743|-6.5210|-6.6648|-7.7410|-8.7535|-9.7411|-10.7176|-11.6884|-12.6561|-13.6220|-14.5867|-15.5506|-16.5141|-17.4773|-18.4403|-19.4032|-20.3660|-21.3288,0,1,0.6,False,0.2660901045856798,2771.332259272225,0.021524179360377,2.8499747844707007e-06,0.0008461178208805,0.0016360715865076,0.262,0.253,False,spurious,5797.02,7.900994|7.501624|7.900994|7.886375|7.651990|7.900994|7.159170|7.900994|7.900994|8.039515
262471759,,6.761852920740268,5.072617774125318,0.0390049564607188,8.178314296038966,7.078,1.07388,1.05471,4.41651,0.0503441,5919.32,4,,-1.0610279741473518,7.97922,0.0834917,0.0000|0.0000|0.0000|-0.0000|-0.0000|-0.0000|-0.0000|-0.0000|-0.0000|-0.0000|-0.0000|-0.0000|-0.0000|-0.0000|-0.0000|-0.0000|-0.0000|-0.0000|-0.0000|-0.0000|-0.0000|-0.0000|-0.0000|-0.0000|-0.0000|-0.0000|-0.0000|-0.0000|-0.0000|-0.0000|-0.0000|-0.0000|-0.0000|-0.0000|-0.0000|-0.0000|-0.0000|-0.0000|-0.0002|-0.0012|-0.0105|-0.1412|-1.1575|-2.2849|-3.0720|-3.6795|-4.1927|-4.6501|-5.0711|-5.4675|-5.8468|-6.2138|-6.5718|-6.9228|-7.2684|-7.6096|-7.9472|-8.2819|-8.6141|-8.9442|-9.2726|-9.5994|-9.9249|-10.2492|-10.5725|-13.1192|-15.6400|-18.1463|-20.6427|-23.1316|-25.6144|-28.0924|-30.5664|-33.0371|-35.5052|-37.9710|-40.4350|-42.8974|-45.3586|-47.8187,1,1,-0.6,False,0.6536604987932422,2041.367607173044,0.0780099129214376,1.3996495207218605e-05,0.0018396136383758,0.0036107023423816,0.569,0.554,True,spurious,2191.02,7.860310|7.962750|8.138748|8.032999|7.953953|7.852435|7.981864|8.064680|8.009884|7.934576
118603213,,50.518438575223335,0.09027733,0.0611165196245398,8.171022653964739,16.085,1.49514,1.60803,4.19695,-0.111741,7257.0,3,,-1.6055812174269286,7.09069,0.437961,-0.0000|-0.0000|-0.0000|-0.0000|-0.0000|-0.0000|-0.0000|-0.0000|-0.0000|-0.0000|-0.0000|-0.0000|-0.0000|-0.0000|-0.0000|-0.0000|-0.0000|-0.0000|-0.0000|-0.0000|-0.0000|-0.0000|-0.0000|-0.0000|-0.0000|-0.0000|-0.0000|-0.0000|-0.0000|-0.0000|-0.0001|-0.0002|-0.0005|-0.0012|-0.0029|-0.0078|-0.0216|-0.0617|-0.1725|-0.4224|-0.8193|-1.2574|-1.6517|-1.9916|-2.2889|-2.5547|-2.7967|-3.0197|-3.2271|-3.4211|-3.6033|-3.7751|-3.9374|-4.0908|-4.2360|-4.3735|-4.5038|-4.6274|-4.7448|-4.8564|-4.9627|-5.0643|-5.1614|-5.2547|-5.3445|-5.9742|-6.5288|-7.0568|-7.5741|-8.0862|-8.5952|-9.1023|-9.6079|-10.1125|-10.6163|-11.1195|-11.6223|-12.1247|-12.6268|-13.1287,0,1,2.18,False,0.0289621882542236,1518.314120264724,0.1222330392490796,0.0001733481926907,0.0048330908466625,0.0048629155408086,1.336,1.316,True,,3384.02,7.217477|7.071502|7.335049|6.512937|7.167863|6.650283|7.524738|7.699737|7.082744|7.171783
85791385,,1.659664103958173,1.3406098322176252,0.0523631579876772,8.167968035814164,3.575,0.954128,0.941516,4.4685,-0.0514614,5700.43,47,,-1.156370205381391,7.67526,0.206067,-0.0000|-0.0000|-0.0000|-0.0000|-0.0000|-0.0000|-0.0000|-0.0000|-0.0000|-0.0000|-0.0000|-0.0000|-0.0000|-0.0000|-0.0000|-0.0000|-0.0000|-0.0000|-0.0000|-0.0000|-0.0000|-0.0000|-0.0000|-0.0000|-0.0000|-0.0000|-0.0000|-0.0000|-0.0000|-0.0000|-0.0000|-0.0000|-0.0000|-0.0000|-0.0001|-0.0003|-0.0008|-0.0028|-0.0106|-0.0445|-0.1912|-0.6168|-1.2343|-1.7957|-2.2595|-2.6509|-2.9907|-3.2922|-3.5639|-3.8123|-4.0420|-4.2567|-4.4592|-4.6519|-4.8365|-5.0146|-5.1872|-5.3555|-5.5199|-5.6813|-5.8400|-5.9963|-6.1508|-6.3034|-6.4546|-7.6174|-8.7342|-9.8207|-10.8850|-11.9323|-12.9664|-13.9906|-15.0072|-16.0181|-17.0246|-18.0279|-19.0287|-20.0278|-21.0255|-22.0221,1,1,0.43,False,0.3169750603378922,2719.9763501645066,0.1047263159753544,2.300121844143944e-06,0.000912349923156,0.001447879245819,0.298,0.288,True,spurious,4014.02,7.631817|7.756766|7.402927|7.513773|7.953104|7.539269|8.073830|7.841429|7.732830|7.383079
14336130,,2.347078568496496,1.81943542,0.0335425472886481,8.125785789874463,1.348,1.08709,1.16063,4.33666,0.0608542,5944.62,33,,-1.4879581512565143,7.27533,0.30138,-0.0000|-0.0000|-0.0000|-0.0000|-0.0000|-0.0000|-0.0000|-0.0000|-0.0000|-0.0000|-0.0000|-0.0000|-0.0000|-0.0000|-0.0000|-0.0000|-0.0000|-0.0000|-0.0000|-0.0000|-0.0000|-0.0000|-0.0000|-0.0000|-0.0000|-0.0000|-0.0000|-0.0000|-0.0000|-0.0000|-0.0000|-0.0000|-0.0001|-0.0002|-0.0005|-0.0015|-0.0046|-0.0152|-0.0540|-0.1904|-0.5496|-1.0969|-1.6212|-2.0579|-2.4264|-2.7472|-3.0335|-3.2935|-3.5328|-3.7549|-3.9623|-4.1566|-4.3395|-4.5120|-4.6753|-4.8302|-4.9778|-5.1189|-5.2543|-5.3847|-5.5108|-5.6332|-5.7524|-5.8689|-5.9830|-6.8372|-7.6445|-8.4326|-9.2106|-9.9824|-10.7501|-11.5147|-12.2772|-13.0378|-13.7971|-14.5553|-15.3125|-16.0690|-16.8248|-17.5800,0,1,1.06,False,0.164119066773934,1844.332168930676,0.0670850945772962,6.355386554481893e-06,0.0033957335536118,0.001514589011184,0.111,0.107,True,spurious,1716.02,7.394721|7.485017|7.280958|7.644839|7.807070|7.145417|7.203857|7.444491|7.568597|6.835298
214218272,,8.858927859920861,6.235658398432088,0.0154980219685764,8.060952694847186,14.489,1.19175,1.25781,4.31343,-0.0576772,6391.96,4,,-1.1198957272006322,7.5646,0.176821,0.0000|0.0000|0.0000|0.0000|-0.0000|-0.0000|-0.0000|-0.0000|-0.0000|-0.0000|-0.0000|-0.0000|-0.0000|-0.0000|-0.0000|-0.0000|-0.0000|-0.0000|-0.0000|-0.0000|-0.0000|-0.0000|-0.0000|-0.0000|-0.0000|-0.0000|-0.0000|-0.0000|-0.0000|-0.0000|-0.0000|-0.0000|-0.0000|-0.0000|-0.0000|-0.0001|-0.0002|-0.0010|-0.0043|-0.0225|-0.1369|-0.6599|-1.4994|-2.2015|-2.7688|-3.2488|-3.6687|-4.0450|-4.3882|-4.7054|-5.0018|-5.2812|-5.5467|-5.8007|-6.0452|-6.2817|-6.5116|-6.7359|-6.9555|-7.1711|-7.3833|-7.5927|-7.7995|-8.0043|-8.2073|-9.7794|-11.3128|-12.8295|-14.3380|-15.8418|-17.3428|-18.8419|-20.3397|-21.8363|-23.3320|-24.8270|-26.3212|-27.8147|-29.3077|-30.8000,0,1,-0.75,False,0.6993161705551086,3103.918955310713,0.0309960439371528,2.9536583161738662e-05,0.0017245891415845,0.002557912456941,1.102,1.123,False,spurious,5061.02,7.745820|7.753743|7.465671|7.591585|7.690884|7.945884|7.503869|7.682291|7.802052|7.957775
384888319,,14.21142547428593,1.902799578079312,0.046968349856216,7.927325611860787,1.166,0.469186,0.482671,4.73864,-0.200552,3643.45,6,,-1.3353146925715005,7.34234,0.250546,-0.0000|-0.0000|-0.0000|-0.0000|-0.0000|-0.0000|-0.0000|-0.0000|-0.0000|-0.0000|-0.0000|-0.0000|-0.0000|-0.0000|-0.0000|-0.0000|-0.0000|-0.0000|-0.0000|-0.0000|-0.0000|-0.0000|-0.0000|-0.0000|-0.0000|-0.0000|-0.0000|-0.0000|-0.0000|-0.0000|-0.0000|-0.0000|-0.0001|-0.0002|-0.0005|-0.0014|-0.0044|-0.0151|-0.0558|-0.2069|-0.6306|-1.2588|-1.8259|-2.2883|-2.6755|-3.0103|-3.3061|-3.5713|-3.8119|-4.0326|-4.2372|-4.4287|-4.6094|-4.7814|-4.9462|-5.1051|-5.2589|-5.4085|-5.5546|-5.6976|-5.8379|-5.9759|-6.1118|-6.2459|-6.3784|-7.3903|-8.3556|-9.2950|-10.2182|-11.1304|-12.0348|-12.9335|-13.8279|-14.7192|-15.6082|-16.4953|-17.3812|-18.2660|-19.1501|-20.0335,0,1,1.45,False,0.1011665325824617,2449.6015474894084,0.093936699712432,7.091286768124532e-05,0.0022061228720476,0.0036515361938114,0.118,0.113,True,,4529.02,7.543071|7.068083|7.589748|7.343113|6.785784|7.298415|7.208139|7.617716|7.434724|7.534574
39724477,,13.012939668467723,7.784568639878388,0.0104382425608122,7.893562767826449,6.815,0.832734,0.798697,4.55255,0.130725,5049.58,4,,-1.2450628612536034,7.30328,0.252728,-0.0000|-0.0000|-0.0000|-0.0000|-0.0000|-0.0000|-0.0000|-0.0000|-0.0000|-0.0000|-0.0000|-0.0000|-0.0000|-0.0000|-0.0000|-0.0000|-0.0000|-0.0000|-0.0000|-0.0000|-0.0000|-0.0000|-0.0000|-0.0000|-0.0000|-0.0000|-0.0000|-0.0000|-0.0000|-0.0000|-0.0000|-0.0000|-0.0001|-0.0002|-0.0004|-0.0012|-0.0040|-0.0138|-0.0513|-0.1938|-0.6052|-1.2285|-1.7906|-2.2480|-2.6303|-2.9595|-3.2484|-3.5053|-3.7356|-3.9433|-4.1315|-4.3023|-4.4579|-4.6001|-4.7305|-4.8507|-4.9621|-5.0661|-5.1638|-5.2561|-5.3441|-5.4284|-5.5096|-5.5883|-5.6648|-6.2310|-6.7665|-7.2942|-7.8199|-8.3450|-8.8699|-9.3947|-9.9196|-10.4444|-10.9693|-11.4941|-12.0190|-12.5438|-13.0687|-13.5935,0,1,0.31,False,0.3553901850362027,1476.092245156411,0.0208764851216244,1.5840492725986542e-05,0.0024026369783768,0.002193425353058,0.558,0.556,True,,2729.02,7.392800|7.359214|7.245293|7.115490|7.481267|7.417886|6.769323|7.508822|7.733863|7.547334
18067025,,1.1965172722278594,0.1469972823280451,0.0084541392799576,7.8516470666907825,4.537,0.773746,0.750192,4.56956,0.103457,4802.93,33,,-1.9796383651982712,6.99467,0.215674,-0.0000|-0.0000|-0.0000|-0.0000|-0.0000|-0.0000|-0.0000|-0.0000|-0.0000|-0.0000|-0.0000|-0.0000|-0.0000|-0.0000|-0.0000|-0.0000|-0.0000|-0.0000|-0.0000|-0.0000|-0.0000|-0.0000|-0.0000|-0.0000|-0.0000|-0.0000|-0.0000|-0.0000|-0.0000|-0.0000|-0.0000|-0.0000|-0.0001|-0.0003|-0.0010|-0.0034|-0.0136|-0.0597|-0.2592|-0.7997|-1.4751|-2.0370|-2.4910|-2.8720|-3.2017|-3.4929|-3.7541|-3.9911|-4.2085|-4.4098|-4.5979|-4.7754|-4.9441|-5.1056|-5.2614|-5.4124|-5.5595|-5.7034|-5.8446|-5.9837|-6.1209|-6.2566|-6.3910|-6.5243|-6.6566|-7.6863|-8.6938|-9.6894|-10.6772|-11.6594|-12.6372|-13.6117|-14.5834|-15.5529|-16.5206|-17.4867|-18.4514|-19.4151|-20.3778|-21.3397,0,1,0.86,False,0.1989139179404666,1900.3497785790823,0.0169082785599152,1.6256874192093478e-05,0.0076461905427655,0.0062298516391388,0.446,0.416,True,,3888.02,7.021925|6.650384|7.242565|6.832499|6.826580|7.224124|7.095852|7.240125|7.058338|6.902642
287563610,,4.800776113434681,1.9513027069575108,0.0328233641977753,7.844582487618593,5.208,0.934741,0.91285,4.48814,-0.010715,5596.56,14,,-1.6580593514030797,7.29203,0.201528,0.0000|0.0000|0.0000|-0.0000|-0.0000|-0.0000|-0.0000|-0.0000|-0.0000|-0.0000|-0.0000|-0.0000|-0.0000|-0.0000|-0.0000|-0.0000|-0.0000|-0.0000|-0.0000|-0.0000|-0.0000|-0.0000|-0.0000|-0.0000|-0.0000|-0.0000|-0.0000|-0.0000|-0.0000|-0.0000|-0.0000|-0.0000|-0.0000|-0.0000|-0.0001|-0.0002|-0.0009|-0.0043|-0.0256|-0.1784|-0.8661|-1.7705|-2.4684|-3.0173|-3.4781|-3.8834|-4.2508|-4.5906|-4.9095|-5.2120|-5.5013|-5.7796|-6.0490|-6.3108|-6.5663|-6.8165|-7.0621|-7.3039|-7.5425|-7.7783|-8.0117|-8.2431|-8.4727|-8.7008|-8.9275|-10.6992|-12.4377|-14.1580|-15.8660|-17.5654|-19.2583|-20.9465|-22.6313|-24.3136|-25.9940|-27.6731|-29.3513|-31.0288|-32.7058|-34.3824,0,1,-0.34,False,0.5776347546259051,1601.4114038050177,0.0656467283955506,8.865298231668516e-06,0.0018457731796467,0.0029185395730646,0.451,0.437,True,,840.02,7.330794|7.397647|7.298108|7.354053|7.529943|7.445102|7.071406|7.222208|7.560022|7.330794
53735810,,4.8976961343091325,0.5636567612661413,0.0314291088109716,7.832314686132042,4.644,1.396,1.58825,4.1746,0.0016845,6786.82,16,,-1.6739637224238113,6.37298,0.423653,-0.0000|-0.0000|-0.0000|-0.0000|-0.0000|-0.0000|-0.0000|-0.0000|-0.0000|-0.0000|-0.0000|-0.0000|-0.0000|-0.0000|-0.0000|-0.0000|-0.0000|-0.0000|-0.0000|-0.0000|-0.0000|-0.0000|-0.0000|-0.0000|-0.0000|-0.0000|-0.0001|-0.0001|-0.0002|-0.0005|-0.0010|-0.0021|-0.0048|-0.0110|-0.0260|-0.0626|-0.1477|-0.3252|-0.6278|-1.0135|-1.3934|-1.7286|-2.0201|-2.2780|-2.5108|-2.7242|-2.9222|-3.1074|-3.2817|-3.4464|-3.6027|-3.7514|-3.8932|-4.0288|-4.1588|-4.2834|-4.4033|-4.5188|-4.6303|-4.7381|-4.8425|-4.9438|-5.0424|-5.1384|-5.2321|-5.9172|-6.5397|-7.1332|-7.7117|-8.2813|-8.8450|-9.4043|-9.9600|-10.5127|-11.0629|-11.6109|-12.1570|-12.7014|-13.2443|-13.7859,0,1,0.55,False,0.2803700724054706,1544.946845269762,0.0628582176219432,1.0232533900417611e-05,0.0028530051157063,0.0039667653894038,0.374,0.376,True,,661.02,6.554071|5.770507|7.055941|6.339605|7.121879|6.204166|6.828752|6.764425|6.861796|6.925261
381360750,,20.686856043591423,9.72293787476909,0.019130682839055,7.830344793334686,6.966,0.913748,0.873723,4.51584,-0.0324659,5526.83,3,,-1.823846867462476,7.49043,0.0695235,0.0000|0.0000|0.0000|0.0000|0.0000|0.0000|0.0000|0.0000|0.0000|0.0000|0.0000|0.0000|0.0000|0.0000|0.0000|-0.0000|-0.0000|-0.0000|-0.0000|-0.0000|-0.0000|-0.0000|-0.0000|-0.0000|-0.0000|-0.0000|-0.0000|-0.0000|-0.0000|-0.0000|-0.0000|-0.0000|-0.0000|-0.0000|-0.0000|-0.0000|-0.0000|-0.0003|-0.0026|-0.0338|-0.6256|-2.0679|-3.0285|-3.7246|-4.2833|-4.7569|-5.1706|-5.5400|-5.8762|-6.1876|-6.4806|-6.7602|-7.0299|-7.2923|-7.5495|-7.8029|-8.0533|-8.3017|-8.5484|-8.7940|-9.0387|-9.2826|-9.5261|-9.7692|-10.0119|-11.9376|-13.8605|-15.7830|-17.7054|-19.6278|-21.5502|-23.4726|-25.3950|-27.3173|-29.2397|-31.1621|-33.0845|-35.0069|-36.9293|-38.8517,0,1,0.27,False,0.3692679002413516,2457.4218884957954,0.03826136567811,7.771065713852216e-05,0.0014453821654195,0.002618255327797,0.585,0.581,True,,5335.02,7.531664|7.531664|7.411425|7.536771|7.531664|7.341339|7.531664|7.411425|7.544971|7.531664
151724385,,14.902445682738923,2.492568764849802,0.120681252671887,7.827923191084045,2.788,0.989642,0.985563,4.44268,0.0268482,5708.0,3,,-1.3420399306376198,7.29915,0.115491,-0.0000|-0.0000|-0.0000|-0.0000|-0.0000|-0.0000|-0.0000|-0.0000|-0.0000|-0.0000|-0.0000|-0.0000|-0.0000|-0.0000|-0.0000|-0.0000|-0.0000|-0.0000|-0.0000|-0.0000|-0.0000|-0.0000|-0.0000|-0.0000|-0.0000|-0.0000|-0.0000|-0.0000|-0.0000|-0.0000|-0.0000|-0.0000|-0.0000|-0.0000|-0.0001|-0.0003|-0.0013|-0.0058|-0.0300|-0.1733|-0.7069|-1.4785|-2.1289|-2.6527|-3.0949|-3.4829|-3.8327|-4.1543|-4.4541|-4.7365|-5.0045|-5.2605|-5.5063|-5.7433|-5.9728|-6.1958|-6.4129|-6.6250|-6.8326|-7.0363|-7.2364|-7.4333|-7.6274|-7.8191|-8.0084|-9.4563|-10.8434|-12.2015|-13.5445|-14.8792|-16.2089|-17.5356|-18.8604|-20.1838|-21.5063|-22.8282|-24.1497|-25.4710|-26.7920|-28.1129,0,1,0.04,False,0.4539420756234915,2772.4014075123705,0.241362505343774,0.0002559649765351,0.0028905138904053,0.0061937277629744,0.239,0.231,False,spurious,5795.02,7.244174|7.423835|7.592620|7.221501|7.285979|7.256673|7.166959|7.443977|7.482285|7.667143
701926762,,3.578124810730376,0.2425804330897415,0.0408838548018536,7.79277735092883,4.811,0.81495,0.796767,4.54732,0.0102872,5086.8,12,,-1.9752994993791444,6.60797,0.336988,-0.0000|-0.0000|-0.0000|-0.0000|-0.0000|-0.0000|-0.0000|-0.0000|-0.0000|-0.0000|-0.0000|-0.0000|-0.0000|-0.0000|-0.0000|-0.0000|-0.0000|-0.0000|-0.0000|-0.0000|-0.0000|-0.0000|-0.0000|-0.0000|-0.0000|-0.0000|-0.0000|-0.0000|-0.0000|-0.0000|-0.0001|-0.0003|-0.0008|-0.0022|-0.0069|-0.0232|-0.0817|-0.2670|-0.6732|-1.2038|-1.6861|-2.0923|-2.4425|-2.7535|-3.0360|-3.2965|-3.5392|-3.7668|-3.9814|-4.1843|-4.3767|-4.5595|-4.7334|-4.8993|-5.0579|-5.2096|-5.3552|-5.4953|-5.6303|-5.7609|-5.8875|-6.0105|-6.1304|-6.2475|-6.3622|-7.2167|-8.0193|-8.8019|-9.5756|-10.3446|-11.1107|-11.8749|-12.6377|-13.3996|-14.1607|-14.9213|-15.6815|-16.4413|-17.2009|-17.9603,0,1,-0.08,False,0.5006033789219629,2911.7175431963988,0.0817677096037072,3.885635162847198e-05,0.0022642117546088,0.0038515910040828,0.399,0.387,True,,3741.02,6.566602|6.916248|6.862230|6.653796|6.890218|7.082479|6.418074|6.350350|6.570801|7.021564
35285308,,39.42601301371009,13.87379731795268,0.1556331724982302,7.791264869328067,4.812,0.995472,0.978199,4.45447,0.0777877,5703.02,3,,-1.5985909189876517,7.39417,0.137105,0.0000|0.0000|0.0000|0.0000|0.0000|0.0000|-0.0000|-0.0000|-0.0000|-0.0000|-0.0000|-0.0000|-0.0000|-0.0000|-0.0000|-0.0000|-0.0000|-0.0000|-0.0000|-0.0000|-0.0000|-0.0000|-0.0000|-0.0000|-0.0000|-0.0000|-0.0000|-0.0000|-0.0000|-0.0000|-0.0000|-0.0000|-0.0000|-0.0000|-0.0000|-0.0001|-0.0004|-0.0020|-0.0127|-0.1082|-0.8299|-1.9169|-2.6928|-3.2624|-3.7049|-4.0626|-4.3627|-4.6242|-4.8596|-5.0768|-5.2807|-5.4746|-5.6606|-5.8402|-6.0145|-6.1844|-6.3504|-6.5133|-6.6734|-6.8311|-6.9867|-7.1406|-7.2929|-7.4440|-7.5938|-8.7590|-9.9005|-11.0334|-12.1626|-13.2904|-14.4174|-15.5441|-16.6707|-17.7972|-18.9237|-20.0502|-21.1766|-22.3031|-23.4295|-24.5560,0,1,0.91,False,0.1910699919549477,2514.2497231923044,0.3112663449964604,0.0002010394503248,0.0039790715066317,0.0062355281349662,0.394,0.382,False,spurious,5509.02,7.431388|7.417212|7.431437|7.425524|7.559084|7.431437|7.002778|7.401388|7.440645|7.417212
294365631,,12.32360211076604,1.294216383058919,0.0124959404931426,7.495920839619904,16.455,1.49414,1.9906,4.00874,0.00114255,6751.71,5,,-1.9719000893847125,6.20607,0.405006,-0.0000|-0.0000|-0.0000|-0.0000|-0.0000|-0.0000|-0.0000|-0.0000|-0.0000|-0.0000|-0.0000|-0.0000|-0.0000|-0.0000|-0.0000|-0.0000|-0.0000|-0.0000|-0.0000|-0.0000|-0.0000|-0.0000|-0.0000|-0.0000|-0.0000|-0.0000|-0.0001|-0.0002|-0.0003|-0.0007|-0.0017|-0.0041|-0.0103|-0.0272|-0.0738|-0.1973|-0.4682|-0.8825|-1.3229|-1.7158|-2.0562|-2.3559|-2.6251|-2.8706|-3.0975|-3.3091|-3.5081|-3.6966|-3.8760|-4.0477|-4.2128|-4.3720|-4.5261|-4.6758|-4.8215|-4.9637|-5.1028|-5.2392|-5.3730|-5.5045|-5.6340|-5.7617|-5.8876|-6.0120|-6.1349|-7.0716|-7.9548|-8.8004|-9.6180|-10.4149|-11.1968|-11.9680|-12.7318|-13.4904|-14.2454|-14.9980|-15.7488|-16.4985|-17.2472|-17.9954,0,1,-0.03,False,0.4812952534191472,3042.415434032213,0.0249918809862852,0.0004998453642762,0.0009213196268769,0.0018170426309126,1.231,1.262,True,,3228.02,6.494457|6.144096|6.229774|6.522920|6.317433|6.750951|6.329115|5.491980|6.188246
240714633,,3.3743820023201083,1.2917838778133612,0.032357670080785,7.475709919825844,3.588,0.892274,0.8733,4.50729,0.0210596,5400.0,11,,-1.4644214239371631,6.98233,0.164352,-0.0000|-0.0000|-0.0000|-0.0000|-0.0000|-0.0000|-0.0000|-0.0000|-0.0000|-0.0000|-0.0000|-0.0000|-0.0000|-0.0000|-0.0000|-0.0000|-0.0000|-0.0000|-0.0000|-0.0000|-0.0000|-0.0000|-0.0000|-0.0000|-0.0000|-0.0000|-0.0000|-0.0000|-0.0000|-0.0000|-0.0000|-0.0000|-0.0000|-0.0001|-0.0005|-0.0020|-0.0095|-0.0531|-0.3021|-0.9650|-1.6934|-2.2772|-2.7489|-3.1454|-3.4885|-3.7929|-4.0686|-4.3231|-4.5613|-4.7872|-5.0034|-5.2119|-5.4142|-5.6115|-5.8047|-5.9943|-6.1810|-6.3652|-6.5472|-6.7273|-6.9057|-7.0826|-7.2582|-7.4326|-7.6059|-8.9537|-10.2636|-11.5492|-12.8183|-14.0763|-15.3267|-16.5718|-17.8133|-19.0522|-20.2892|-21.5250|-22.7597|-23.9938|-25.2273|-26.4604,0,1,-0.02,False,0.4766693483507643,3585.8897795127705,0.06471534016157,7.562558547113774e-05,0.0007224110897419,0.0007958165396326,0.373,0.353,False,snrd,6288.02,6.817986|7.071193|7.317847|7.181842|6.910836|6.887471|7.034660|6.975347|6.926158|6.811311
139550876,,10.355031835581478,3.5192650834814487,0.0521992771200182,7.38522669765645,3.168,0.856801,0.847533,4.50938,-0.391528,5743.38,9,,-1.3056780492197275,6.78558,0.234246,-0.0000|-0.0000|-0.0000|-0.0000|-0.0000|-0.0000|-0.0000|-0.0000|-0.0000|-0.0000|-0.0000|-0.0000|-0.0000|-0.0000|-0.0000|-0.0000|-0.0000|-0.0000|-0.0000|-0.0000|-0.0000|-0.0000|-0.0000|-0.0000|-0.0000|-0.0000|-0.0000|-0.0000|-0.0000|-0.0000|-0.0001|-0.0002|-0.0006|-0.0016|-0.0049|-0.0159|-0.0549|-0.1867|-0.5400|-1.1011|-1.6328|-2.0690|-2.4351|-2.7536|-3.0378|-3.2959|-3.5334|-3.7543|-3.9617|-4.1579|-4.3447|-4.5236|-4.6958|-4.8623|-5.0237|-5.1809|-5.3344|-5.4845|-5.6318|-5.7766|-5.9191|-6.0596|-6.1983|-6.3354|-6.4710|-7.5108|-8.5060|-9.4756|-10.4288|-11.3709|-12.3050|-13.2331|-14.1565|-15.0760|-15.9924|-16.9062|-17.8177|-18.7274|-19.6355|-20.5422,0,1,-0.04,False,0.4875301689460981,1441.7844842667691,0.1043985542400364,0.0001092887247535,0.0067362350987743,0.0073117451452816,0.293,0.28,True,spurious,4695.02,6.962544|6.431048|6.941959|6.772724|6.433271|6.870001|6.989012|7.041388|6.483234|7.082940
141933255,,4.675608672561449,0.231302235944925,0.0106485842372693,7.299118972995353,9.069,1.07049,1.15296,4.33763,0.0154014,5941.0,6,,-1.6216135913178955,6.58016,0.216915,-0.0000|-0.0000|-0.0000|-0.0000|-0.0000|-0.0000|-0.0000|-0.0000|-0.0000|-0.0000|-0.0000|-0.0000|-0.0000|-0.0000|-0.0000|-0.0000|-0.0000|-0.0000|-0.0000|-0.0000|-0.0000|-0.0000|-0.0000|-0.0000|-0.0000|-0.0000|-0.0000|-0.0000|-0.0000|-0.0000|-0.0001|-0.0003|-0.0007|-0.0023|-0.0079|-0.0291|-0.1125|-0.3936|-0.9657|-1.5741|-2.0743|-2.4817|-2.8250|-3.1227|-3.3860|-3.6223|-3.8364|-4.0322|-4.2128|-4.3806|-4.5375|-4.6851|-4.8249|-4.9579|-5.0850|-5.2070|-5.3245|-5.4382|-5.5485|-5.6558|-5.7604|-5.8628|-5.9631|-6.0616|-6.1586|-6.8912|-7.5873|-8.2686|-8.9432|-9.6146|-10.2844|-10.9533|-11.6217|-12.2899|-12.9579|-13.6258|-14.2937|-14.9616|-15.6294|-16.2972,0,1,-1.08,False,0.829444891391794,3690.392199615482,0.0212971684745386,0.0006766180065842,0.002041741072806,0.0024285073236398,0.776,0.781,True,,6432.02,6.253013|6.474795|6.827126|6.529326|6.840874|6.696087|6.862615|6.805726|6.702123|6.328761
48476908,,34.0607835083222,14.958516435286306,0.2264496667014549,7.28067533438113,3.349,1.11097,1.38276,4.19324,-0.313301,6331.76,4,,-1.2494806257576712,6.75472,0.213714,-0.0000|-0.0000|-0.0000|-0.0000|-0.0000|-0.0000|-0.0000|-0.0000|-0.0000|-0.0000|-0.0000|-0.0000|-0.0000|-0.0000|-0.0000|-0.0000|-0.0000|-0.0000|-0.0000|-0.0000|-0.0000|-0.0000|-0.0000|-0.0000|-0.0000|-0.0000|-0.0000|-0.0000|-0.0000|-0.0000|-0.0001|-0.0002|-0.0005|-0.0015|-0.0047|-0.0165|-0.0618|-0.2262|-0.6458|-1.2323|-1.7613|-2.1961|-2.5629|-2.8824|-3.1670|-3.4239|-3.6580|-3.8722|-4.0689|-4.2500|-4.4170|-4.5713|-4.7142|-4.8469|-4.9707|-5.0867|-5.1960|-5.2994|-5.3979|-5.4922|-5.5829|-5.6707|-5.7561|-5.8393|-5.9208|-6.5329|-7.1179|-7.6950|-8.2696|-8.8431|-9.4163|-9.9892|-10.5621|-11.1349|-11.7077|-12.2805|-12.8533|-13.4261|-13.9989|-14.5717,0,1,0.87,False,0.1979082864038616,1559.39719454851,0.4528993334029098,0.0002439428933335,0.0084573714976341,0.0086409297183024,0.276,0.273,True,,659.02,6.624984|6.613658|6.923956|6.391065|6.860390|7.002258|6.457126|6.860096|6.811930|7.108601
325527653,,5.15124520149122,5.069541028108857,0.0888822447841344,7.138179182900688,4.454,0.948543,0.981927,4.4226,0.183528,5481.51,8,,-1.1518082410149786,6.81947,0.104479,-0.0000|-0.0000|-0.0000|-0.0000|-0.0000|-0.0000|-0.0000|-0.0000|-0.0000|-0.0000|-0.0000|-0.0000|-0.0000|-0.0000|-0.0000|-0.0000|-0.0000|-0.0000|-0.0000|-0.0000|-0.0000|-0.0000|-0.0000|-0.0000|-0.0000|-0.0000|-0.0000|-0.0000|-0.0000|-0.0000|-0.0000|-0.0000|-0.0000|-0.0001|-0.0004|-0.0019|-0.0114|-0.0841|-0.5910|-1.6217|-2.4359|-3.0549|-3.5606|-3.9944|-4.3797|-4.7317|-5.0604|-5.3726|-5.6728|-5.9644|-6.2493|-6.5291|-6.8049|-7.0776|-7.3476|-7.6154|-7.8814|-8.1458|-8.4088|-8.6705|-8.9312|-9.1909|-9.4497|-9.7078|-9.9650|-11.9910|-13.9922|-15.9781|-17.9541|-19.9235|-21.8883|-23.8497|-25.8087|-27.7656|-29.7210|-31.6750|-33.6280|-35.5801|-37.5313|-39.4818,0,1,-0.2,False,0.5410297666934835,3131.7181973457336,0.1777644895682688,4.610356135451122e-05,0.005725374250469,0.005305175682487,0.446,0.43,False,spurious,4295.02,6.933818|6.801153|6.659840|6.905026|6.650354|6.925044|6.989923|6.925882|7.002947|6.921090
257067559,,7.682405085413058,1.0584473922671274,0.0133003373637012,7.107437698290014,10.521,1.39331,1.42457,4.26824,-0.10155,7021.48,4,,-1.4136920351636852,5.86304,0.522969,-0.0000|-0.0000|-0.0000|-0.0000|-0.0000|-0.0000|-0.0000|-0.0000|-0.0000|-0.0000|-0.0000|-0.0000|-0.0000|-0.0000|-0.0000|-0.0000|-0.0000|-0.0000|-0.0000|-0.0000|-0.0000|-0.0000|-0.0000|-0.0001|-0.0001|-0.0003|-0.0005|-0.0010|-0.0022|-0.0048|-0.0108|-0.0256|-0.0618|-0.1445|-0.2994|-0.5222|-0.7827|-1.0510|-1.3087|-1.5487|-1.7710|-1.9776|-2.1707|-2.3523|-2.5240|-2.6870|-2.8424|-2.9911|-3.1337|-3.2709|-3.4032|-3.5310|-3.6547|-3.7747|-3.8913|-4.0048|-4.1154|-4.2233|-4.3287|-4.4319|-4.5329|-4.6319|-4.7291|-4.8246|-4.9185|-5.6188|-6.2600|-6.8627|-7.4389|-7.9959|-8.5383|-9.0695|-9.5919|-10.1073|-10.6171|-11.1225|-11.6242|-12.1231|-12.6197|-13.1144,0,1,-0.01,False,0.4724456958970233,3693.789928955026,0.0266006747274024,0.0009285895071899,0.0012193372839421,0.0024032705476204,0.819,0.85,True,,2568.02,6.100176|5.808785|5.850275|7.024403|5.801328|6.114039|5.235559|5.704400|5.796202|6.469905
59582240,,5.856037072463017,5.544895556752399,0.0114921859797236,7.030572941929938,2.514,0.897363,0.868984,4.50947,0.0470739,5381.07,12,,-1.2527618457787033,6.84851,0.0488273,0.0000|0.0000|0.0000|0.0000|0.0000|0.0000|0.0000|0.0000|0.0000|0.0000|0.0000|0.0000|0.0000|0.0000|0.0000|-0.0000|-0.0000|-0.0000|-0.0000|-0.0000|-0.0000|-0.0000|-0.0000|-0.0000|-0.0000|-0.0000|-0.0000|-0.0000|-0.0000|-0.0000|-0.0000|-0.0000|-0.0000|-0.0000|-0.0000|-0.0003|-0.0032|-0.0580|-1.0214|-2.3920|-3.2887|-3.9665|-4.5422|-5.0642|-5.5542|-6.0229|-6.4765|-6.9189|-7.3527|-7.7797|-8.2013|-8.6185|-9.0321|-9.4427|-9.8507|-10.2566|-10.6607|-11.0633|-11.4645|-11.8646|-12.2637|-12.6619|-13.0593|-13.4560|-13.8521|-16.9868|-20.1044|-23.2121|-26.3132|-29.4093|-32.5015|-35.5904|-38.6767|-41.7607|-44.8428|-47.9234|-51.0026|-54.0808|-57.1581|-60.2346,1,1,-0.07,False,0.499798873692679,2531.8407602417283,0.0229843719594472,1.6862546779043783e-05,0.0015833083104619,0.0022065363560722,0.232,0.231,False,spurious,5166.02,6.822233|6.811909|6.822233|6.868401|6.811909|6.929549|6.822233|6.822233|6.952175|6.822233
49254857,,3.100606004267177,2.019536548583611,0.020713428967162,6.961280613194004,3.169,0.995807,0.965703,4.46735,-0.207889,6011.22,15,,-1.434699962710377,6.42649,0.205171,-0.0000|-0.0000|-0.0000|-0.0000|-0.0000|-0.0000|-0.0000|-0.0000|-0.0000|-0.0000|-0.0000|-0.0000|-0.0000|-0.0000|-0.0000|-0.0000|-0.0000|-0.0000|-0.0000|-0.0000|-0.0000|-0.0000|-0.0000|-0.0000|-0.0000|-0.0000|-0.0000|-0.0000|-0.0000|-0.0001|-0.0002|-0.0006|-0.0017|-0.0057|-0.0202|-0.0781|-0.2968|-0.8383|-1.4837|-2.0138|-2.4408|-2.8012|-3.1167|-3.3994|-3.6567|-3.8932|-4.1126|-4.3173|-4.5097|-4.6915|-4.8643|-5.0295|-5.1880|-5.3410|-5.4891|-5.6331|-5.7735|-5.9108|-6.0455|-6.1778|-6.3081|-6.4366|-6.5634|-6.6889|-6.8130|-7.7670|-8.6826|-9.5757|-10.4541|-11.3224|-12.1837|-13.0402|-13.8931|-14.7436|-15.5923|-16.4398|-17.2864|-18.1323|-18.9778|-19.8230,0,1,0.06,False,0.4465004022526146,2310.438126192428,0.041426857934324,1.518763923165087e-05,0.0024012194513644,0.0037676428232754,0.277,0.281,True,,4914.02,6.230046|6.560023|6.206005|6.527621|6.554320|6.473625|5.990174|6.465695|6.710688|6.546695
150559728,,0.2027361039669601,0.0709391805400707,0.024687337010755,6.5905238925660505,6.015,1.39303,1.53446,4.19981,-0.0921844,6852.0,112,,-1.6367191345842969,5.01168,0.548435,-0.0000|-0.0000|-0.0000|-0.0000|-0.0000|-0.0000|-0.0000|-0.0000|-0.0000|-0.0000|-0.0000|-0.0000|-0.0000|-0.0000|-0.0000|-0.0000|-0.0000|-0.0000|-0.0000|-0.0000|-0.0001|-0.0001|-0.0002|-0.0003|-0.0006|-0.0012|-0.0025|-0.0052|-0.0115|-0.0265|-0.0626|-0.1456|-0.3058|-0.5496|-0.8511|-1.1700|-1.4757|-1.7573|-2.0159|-2.2550|-2.4779|-2.6874|-2.8856|-3.0740|-3.2540|-3.4265|-3.5923|-3.7521|-3.9065|-4.0560|-4.2009|-4.3417|-4.4785|-4.6118|-4.7417|-4.8685|-4.9924|-5.1134|-5.2319|-5.3479|-5.4615|-5.5730|-5.6823|-5.7897|-5.8952|-6.6773|-7.3839|-8.0423|-8.6714|-9.2830|-9.8844|-10.4798|-11.0716|-11.6614|-12.2498|-12.8375|-13.4247|-14.0116|-14.5983|-15.1849,0,1,2.63,True,0.0002011263073209,3690.23107939912,0.04937467402151,3.4415943644923935e-05,0.0036946034217594,0.0019133546374302,4.132,4.048,True,,6451.02,4.976564|5.907310|5.301845|5.376178|4.943958|5.815655|6.163205|5.385575|5.491536|5.401274
449491381,,2.119635333220474,2.0972927937055874,0.0262918362540667,6.399612270632057,4.457,0.950852,1.07674,4.34538,-0.380521,6060.56,21,,-1.3578152523556406,5.7309,0.279355,-0.0000|-0.0000|-0.0000|-0.0000|-0.0000|-0.0000|-0.0000|-0.0000|-0.0000|-0.0000|-0.0000|-0.0000|-0.0000|-0.0000|-0.0000|-0.0000|-0.0000|-0.0000|-0.0000|-0.0000|-0.0000|-0.0000|-0.0000|-0.0000|-0.0000|-0.0000|-0.0001|-0.0003|-0.0007|-0.0018|-0.0051|-0.0151|-0.0474|-0.1492|-0.4215|-0.9086|-1.4399|-1.8978|-2.2838|-2.6185|-2.9165|-3.1869|-3.4355|-3.6663|-3.8818|-4.0842|-4.2750|-4.4553|-4.6262|-4.7886|-4.9432|-5.0908|-5.2319|-5.3673|-5.4973|-5.6227|-5.7437|-5.8610|-5.9749|-6.0857|-6.1939|-6.2997|-6.4035|-6.5054|-6.6056|-7.3642|-8.0873|-8.7970|-9.5015|-10.2036|-10.9049|-11.6057|-12.3063|-13.0068|-13.7073|-14.4078|-15.1082|-15.8087|-16.5091|-17.2096,0,1,0.21,False,0.3861625100563153,3043.217972090002,0.0525836725081334,0.0003192663355495,0.0036624288918964,0.0053589126916134,0.451,0.443,True,,3026.02,5.845426|6.035658|5.345451|5.858689|5.709810|5.513832|6.007954|5.850779|6.055988|6.143576
452743735,,0.7737857015986421,0.4546911618516965,0.0091828159810102,6.114605177239672,7.578,1.12822,1.24173,4.29127,-0.015992,6087.0,30,,-1.2855530440047631,5.46825,0.25849,-0.0000|-0.0000|-0.0000|-0.0000|-0.0000|-0.0000|-0.0000|-0.0000|-0.0000|-0.0000|-0.0000|-0.0000|-0.0000|-0.0000|-0.0000|-0.0000|-0.0000|-0.0000|-0.0000|-0.0000|-0.0000|-0.0000|-0.0000|-0.0000|-0.0001|-0.0002|-0.0004|-0.0010|-0.0026|-0.0072|-0.0221|-0.0733|-0.2322|-0.5544|-0.9791|-1.4048|-1.7858|-2.1228|-2.4254|-2.7017|-2.9572|-3.1959|-3.4207|-3.6336|-3.8364|-4.0305|-4.2170|-4.3969|-4.5709|-4.7399|-4.9042|-5.0646|-5.2213|-5.3747|-5.5252|-5.6731|-5.8185|-5.9618|-6.1031|-6.2425|-6.3803|-6.5165|-6.6514|-6.7849|-6.9172|-7.9362|-8.9158|-9.8738|-10.8195|-11.7583|-12.6928|-13.6247|-14.5547|-15.4833|-16.4109|-17.3376|-18.2635|-19.1888|-20.1134|-21.0374,0,1,0.42,False,0.3216009654062751,3559.918941110838,0.0183656319620204,7.901279660013848e-05,0.0013193625083421,0.0019660595156038,6.089,5.975,True,,6180.02,5.351689|5.409904|5.520572|5.370878|6.052668|5.507101|5.772933|5.290984|5.706844
