TIC,TOI,Period,Phase,Tau,SNR,Radius_planet,Mass,Radius,logg,FEH,Teff,Number of Valid Transits,Has Visible TTVs,log10(p value),μ(SNR | null),σ(SNR | null)
149603524,102.01,4.41193,0.77321,0.0704788,2220.51,15.306,1.19618,1.22939,4.33474,0.0560441,6281.2,201,False,-3059940.0,10.7919,0.588651
458478250,1165.01,2.25528,0.553929,0.0401564,2173.74,14.419,0.994181,0.968462,4.46211,-0.032221,5801.13,168,False,-6134240.0,9.63194,0.40717
256364928,4470.01,2.21858,2.09596,0.029535,1991.94,13.227,0.776668,0.760305,4.56162,-0.0816431,5012.89,34,False,-141739000.0,10.9124,0.0775395
372818426,2645.01,1.44367,0.065515,0.039728,1748.17,19.743,0.935009,0.909508,4.49137,0.113952,5477.29,303,False,-11907800.0,14.061,0.234174
69679391,1151.01,3.4741,0.950838,0.0646237,1648.03,20.03,1.59772,1.57518,4.24567,-0.695563,9242.09,48,False,-24732700.0,8.99634,0.153578
288735205,1259.01,3.47798,3.3427,0.0434095,1582.07,12.794,0.739189,0.729092,4.57932,0.120641,4671.63,201,False,-3045880.0,8.87387,0.420053
420814525,5972.01,3.52475,1.51431,0.0551233,1439.1,17.457,1.1134,1.2191,4.30194,-0.00900879,6052.0,15,False,-1621890.0,7.76044,0.523732
38846515,106.01,2.84938,2.5111,0.0712912,1398.1,15.665,1.39177,1.70317,4.10495,-0.125888,6741.02,338,False,-1698880.0,12.0902,0.495521
100100827,185.01,0.941453,0.333972,0.0412003,1254.5,13.596,1.19428,1.24946,4.32156,-0.0295744,6379.33,139,False,-4317080.0,6.9594,0.279793
229510866,1181.01,2.10316,1.03443,0.0796299,1208.62,16.13,1.39187,1.88931,4.01594,0.219932,6059.87,441,False,-533437.0,8.17902,0.76591
388104525,112.01,2.4998,2.10506,0.0543077,1121.92,13.588,1.05499,1.05341,4.41047,0.19521,5765.57,256,False,-2370420.0,10.718,0.336324
25155310,114.01,3.28879,2.21327,0.0656612,1062.25,10.064,1.09287,1.12555,4.36486,0.173964,5880.71,282,False,-29490.7,11.258,2.85204
376637093,1516.01,2.05601,0.607775,0.0543915,1055.46,16.748,1.19462,1.23549,4.32727,-0.100688,6411.0,107,False,-2630560.0,8.55535,0.300788
229791084,1864.01,1.64533,0.533463,0.0504091,1031.03,17.823,1.24515,1.24525,4.33354,0.165765,6235.33,553,False,-25746.5,5.49213,2.97848
22529346,495.01,1.27492,0.359689,0.0542334,993.988,19.719,1.39632,1.44277,4.26417,0.0548007,6838.95,108,False,-4601090.0,9.56361,0.21386
375506058,1431.01,2.65023,1.30155,0.0396759,987.901,15.916,1.73875,1.8742,4.12183,0.062361,7700.81,85,False,-1477210.0,7.36985,0.375939
236887394,1465.01,1.42002,0.638481,0.0274668,986.307,12.522,0.797225,0.776073,4.55448,0.237591,4833.18,349,False,-1195600.0,9.01769,0.416493
387259626,1455.01,3.62313,2.99058,0.045654,985.98,18.759,1.24115,1.33066,4.27478,-0.0364991,6426.93,96,False,-520382.0,9.85797,0.630553
373844472,275.01,0.919562,0.751283,0.0209091,974.839,7.979,0.713378,0.7709,4.50693,-0.548367,5362.89,923,False,-2254.55,10.0854,9.47318
381979901,1085.01,3.25412,0.939242,0.0832962,901.375,16.109,1.13458,1.25143,4.2867,-0.0189846,6102.0,222,False,-312283.0,10.3359,0.743023
367366318,1682.01,2.73477,0.42518,0.0637518,896.687,17.112,1.44607,1.7407,4.10732,0.0940239,6641.19,64,False,-634483.0,6.61559,0.520707
219852584,1295.01,3.19688,2.39344,0.0703015,893.121,15.508,1.29207,1.62222,4.11933,-0.109261,6447.51,286,False,-22630.9,5.04399,2.75109
341420329,1019.01,5.23408,2.7843,0.0624986,869.922,22.701,1.54114,1.4429,4.2963,-0.224985,7917.49,54,False,-308755.0,11.2952,0.720074
427761355,1518.01,1.9026,1.40415,0.036514,868.513,19.702,1.68528,1.89026,4.104,0.0395877,7532.17,84,False,-15719.9,6.73827,3.20321
36734222,656.01,0.813473,0.568526,0.0195607,862.817,11.864,0.656544,0.678489,4.59088,0.139912,4219.45,111,False,-435977.0,10.0814,0.601813
371443216,1924.01,2.82406,2.39555,0.0756134,855.464,17.526,1.39142,1.79316,4.07285,-0.797679,8055.76,48,False,-1895000.0,7.94119,0.286896
349827430,1148.01,5.55149,1.46021,0.0828963,840.253,14.068,1.29715,1.43072,4.2362,0.0304676,6526.46,43,False,-935596.0,8.60422,0.400658
179317684,163.01,4.23113,3.53411,0.0828926,814.441,14.089,1.44331,1.54967,4.20653,0.0867611,6814.96,222,False,,,
468574941,2046.01,1.49718,0.204835,0.0453206,776.402,16.204,1.09407,1.1825,4.3207,0.0680443,5941.85,137,False,-851592.0,7.86358,0.388086
268403451,1612.01,2.86413,0.339883,0.0489561,770.497,14.915,1.24294,1.4322,4.20882,0.276228,6015.54,122,False,-1332380.0,8.49699,0.307623
230982885,195.01,2.07276,1.36785,0.0478696,766.28,13.104,1.07257,1.06388,4.41029,0.278432,5748.97,43,False,-1383800.0,8.47538,0.300192
271893367,150.01,5.85741,0.93805,0.112128,760.297,12.419,1.29394,1.42817,4.22722,0.0493009,6392.48,172,False,-30122.2,10.0473,2.01447
16740101,1150.01,1.48112,0.084768,0.0752906,740.08,15.332,1.49514,1.60803,4.19695,-0.111741,9435.0,99,False,-643244.0,7.04575,0.425907
219854185,1296.01,3.94437,2.8213,0.09288,704.54,13.377,1.10999,1.53127,4.10522,0.31065,5682.08,222,False,-111943.0,3.43161,0.976496
402026209,232.01,1.33823,1.05942,0.0385963,701.899,15.763,0.937719,0.900458,4.49865,0.119855,5452.75,80,False,-4709910.0,9.30663,0.148713
52280468,472.01,0.56826,0.441371,0.0149212,696.873,15.015,0.478045,0.499658,4.71634,0.190682,3559.57,112,False,-58713.6,9.59394,1.32176
140691463,157.01,2.08454,1.20386,0.0351009,692.265,12.452,1.03039,1.02996,4.41759,0.105991,5757.48,451,False,-20082.3,5.83408,2.25735
260304296,187.01,0.512581,1.39322e-06,0.0480453,665.504,7.774,1.29505,1.50402,4.18845,-0.247267,6831.45,1832,False,-55897.0,22.8222,1.26675
252479260,1771.01,3.21223,1.18642,0.0520296,663.905,12.283,0.935208,0.977828,4.41888,0.204085,5427.34,19,False,-1312540000.0,11.198,0.00839536
441797803,1302.01,5.6666,1.03121,0.0709181,660.087,14.252,1.34638,1.40278,4.2633,0.110481,6540.1,146,False,-2795330.0,8.94238,0.181484
138168780,1651.01,3.765,1.49261,0.0515545,657.914,17.53,1.24707,1.37636,4.25215,-0.113551,6576.31,54,False,-60513100.0,9.78842,0.038825
267263253,135.01,4.1269,0.4771,0.0860659,657.787,16.55,1.34018,1.54842,4.17308,-0.208248,6844.4,40,False,-185737.0,8.17082,0.702406
382068562,924.01,12.1272,5.0281,0.029897,656.778,14.904,0.906859,0.951893,4.42963,-0.214886,5743.31,84,False,-38815.3,4.97586,1.54173
19342878,6101.01,1.33281,0.344964,0.0366114,639.563,14.087,0.951081,0.939268,4.46976,0.025307,5595.4,68,False,-1885330.0,7.02994,0.214668
86396382,1725.01,1.09141,0.490809,0.054892,630.342,20.121,1.29697,1.52955,4.17296,-0.0245433,6457.91,121,False,-72570.8,7.28961,1.07778
35516889,655.01,0.788838,0.0621779,0.0272321,624.222,15.362,0.971037,0.960301,4.45349,0.156808,5542.92,186,False,-1482110.0,8.04208,0.235855
339672028,481.01,10.3312,1.69852,0.11085,624.201,11.343,1.29441,1.58789,4.12864,0.310229,5929.04,61,False,-155324.0,11.7091,0.724208
144065872,105.01,2.18466,1.19681,0.0530851,623.417,13.412,1.09239,1.16353,4.33845,0.205999,5861.19,33,False,-706601.0,8.91083,0.340657
238176110,116.01,2.79857,1.38257,0.0414543,621.576,11.366,0.875923,0.828627,4.53517,0.294265,5060.31,57,False,-560865.0,8.75243,0.381316
287196418,1190.01,3.69501,0.84974,0.0861899,618.259,15.49,1.29636,1.67283,4.09622,-0.377954,6856.25,205,False,-1902.39,7.194,6.5326
229400092,1826.01,4.14198,1.42791,0.0391149,617.342,11.84,1.03681,1.05443,4.40401,0.280835,5678.49,203,False,-453689.0,9.90718,0.420242
284475976,1628.01,2.14363,1.65823,0.0568812,615.561,16.849,1.29216,1.6261,4.12005,0.0600304,6220.09,203,False,-428548.0,8.27114,0.43229
134537478,501.01,1.71005,1.63294,0.0355225,612.326,15.844,1.19287,1.37407,4.2273,0.230477,5980.22,82,False,-633735.0,7.80801,0.353862
382259755,2622.01,1.2207,1.15067,0.0421845,611.668,17.515,1.03064,1.0358,4.41533,-0.117659,5994.68,316,False,-637651.0,11.2104,0.350404
350618622,201.01,52.9785,50.7498,0.0843574,594.798,11.665,1.24651,1.29734,4.30724,0.0708283,6401.96,19,False,-99745.0,17.1076,0.852381
424865156,1265.01,2.20474,1.4093,0.0748826,592.494,15.867,1.49603,1.86056,4.06378,0.00245746,6829.02,110,False,-554356.0,8.73878,0.365355
399860444,2140.01,2.47061,0.532405,0.0276389,592.09,13.119,0.978867,0.992539,4.43088,-0.0796442,5818.6,106,False,-833173.0,8.22161,0.298075
310002617,4087.01,3.17747,1.95042,0.056007,584.406,13.295,1.11259,1.10195,4.39284,0.179158,5915.32,108,False,-434541.0,8.01483,0.407456
293687315,1300.01,2.87168,2.78231,0.0899399,582.959,17.559,1.4431,1.85949,4.04531,-0.114796,6736.42,57,False,-241281.0,8.0493,0.545404
6893917,5074.01,3.08018,1.95169,0.0643582,577.783,16.704,1.59454,1.65812,4.19821,0.0683588,7450.09,36,False,-345408.0,9.71597,0.450415
150437346,2220.01,1.39265,0.138698,0.0303212,575.237,10.471,0.953609,1.16527,4.27756,-0.203442,5887.45,622,False,-6860.95,8.39874,3.18954
248853232,5823.01,3.86812,1.6655,0.0360375,565.755,10.528,0.739117,0.727975,4.57988,-0.00177409,4746.0,15,False,-6021060.0,8.39793,0.105846
268644785,505.01,3.32946,2.49633,0.0765211,558.088,15.49,1.34712,1.41028,4.27091,0.0587485,6686.58,62,False,-15757.4,7.71545,2.04329
394657039,159.01,3.76284,3.29317,0.0772567,555.687,17.373,1.48689,1.54702,4.22176,0.0130368,7085.87,84,False,-368268.0,7.43725,0.420994
306510653,2222.01,2.24569,2.04716,0.0619817,554.472,17.178,1.24595,1.41722,4.22825,-0.336153,6909.82,302,False,-112070.0,12.945,0.753804
470127886,2031.01,5.71561,3.66624,0.0768482,552.825,13.524,1.13724,1.19281,4.3347,-0.0990897,6248.37,57,False,-424763.0,8.34782,0.389301
190990336,585.01,5.54728,1.14662,0.0916656,552.198,20.127,1.38733,1.4832,4.22595,0.0399397,6701.95,15,False,-232399.0,7.48825,0.526536
1129033,398.01,1.36003,0.0684117,0.0397742,548.12,13.703,0.954625,0.929004,4.48225,0.134581,5525.01,33,False,-7731260.0,12.0197,0.0898459
350132371,1425.01,1.03182,0.473549,0.0244475,546.083,11.312,0.933634,1.33558,4.1483,-0.339009,5901.43,234,False,-303716.0,11.2262,0.452255
166739520,190.01,10.0206,3.44861,0.109295,531.94,11.438,1.11022,1.17329,4.33978,-0.0696232,6161.44,18,False,-347748.0,9.51818,0.412827
292152376,6031.01,2.14999,0.717454,0.0562515,531.324,25.106,1.23529,1.39221,4.2269,-0.0574264,6340.0,23,False,-575641.0,7.61963,0.321654
182405015,6105.01,3.11228,2.71411,0.0421558,528.76,17.943,1.16626,1.29979,4.26389,-0.0339079,6176.8,57,False,-2947100.0,8.07437,0.141337
116264089,2126.01,1.30619,1.19863,0.0194718,527.991,14.05,0.85576,0.821933,4.54097,-0.104841,5391.09,129,False,-704648.0,7.49177,0.288943
266593143,1283.01,10.3385,8.10198,0.0733819,513.561,11.823,0.876267,0.850212,4.51759,0.128952,5232.43,11,False,-8329840.0,8.33096,0.0815733
140760434,1229.01,31.8132,3.14237,0.2106,506.83,22.132,1.2872,1.93387,3.9633,-0.183827,6279.49,24,False,-88054.1,13.0591,0.775418
220475245,934.01,3.78173,2.35833,0.0409936,505.551,11.811,0.815218,0.803353,4.53381,0.185788,4960.25,162,False,-70394.5,14.264,0.862885
372264750,1355.01,2.17026,1.55721,0.034792,496.111,14.383,1.97595,1.80443,4.2054,-0.00968498,8614.65,92,False,-906.929,19.2735,7.38738
26826078,5096.01,2.87531,0.0130995,0.0312107,479.226,11.162,0.736663,0.708704,4.59839,0.315103,4509.4,37,False,-787327.0,8.12976,0.247406
30828562,621.01,3.11232,2.45769,0.0365145,478.003,14.103,2.49443,1.66022,4.39398,-0.202008,11762.8,29,False,-328416.0,7.96917,0.382205
203189770,1198.01,3.61276,3.46442,0.0774843,476.064,18.517,1.94474,1.67431,4.2743,0.0833177,8833.06,44,False,-603379.0,11.7029,0.278573
229605891,4059.01,2.03818,1.90125,0.0379972,473.471,12.119,0.833104,0.788114,4.56292,0.164354,4997.9,280,False,-7046.82,5.39785,2.59882
427730490,2040.01,3.86085,2.70963,0.0488605,467.09,10.561,0.874521,0.845015,4.52121,0.319193,5091.64,45,False,-3699890.0,8.20396,0.11117
316038054,3531.01,3.80992,1.42747,0.0814376,461.838,18.899,1.29575,1.5263,4.17168,-0.191391,6683.75,44,False,-98740.3,8.12226,0.672854
257060897,4138.01,3.66002,1.20081e-05,0.0881726,460.734,16.59,1.29376,1.7732,4.04216,0.0086924,6180.89,117,False,-2322.71,10.6839,4.35378
43647325,423.01,3.16156,2.07488,0.0576766,457.924,15.295,1.09407,1.09225,4.39829,-0.110701,6166.96,15,False,-1062130.0,6.70092,0.204024
25375553,143.01,2.31097,0.27329,0.061501,454.44,16.728,1.3427,1.86906,4.01016,-0.131357,6395.86,48,False,-412273.0,7.91105,0.324068
243921117,5801.01,3.06777,0.11798,0.0365774,447.117,13.929,0.576487,0.602261,4.63856,-0.0110697,3965.0,6,False,-238080.0,7.52292,0.419827
321857016,1420.01,6.95611,6.64637,0.0605269,446.346,12.198,0.915691,0.899972,4.49088,0.194251,5355.73,40,False,-102678.0,10.1922,0.634286
469782185,1123.01,1.20928,0.58959,0.0343629,440.771,12.91,0.774142,1.15343,4.19057,-0.488712,5605.44,67,False,-12834.8,6.3883,1.78691
147797743,6072.01,3.69151,1.46013,0.0473457,440.101,14.274,0.993752,0.990497,4.43979,0.0270124,5720.0,27,False,-199306.0,8.80859,0.450186
85593751,4516.01,3.72246,0.433497,0.0464719,438.83,11.884,0.778731,0.788369,4.53502,0.123379,4909.0,22,False,-9054020.0,10.2632,0.0663705
103751498,2579.01,3.71463,2.93701,0.0734162,438.653,13.913,1.11287,1.20665,4.31189,0.12464,5943.18,53,False,-1364310.0,8.10079,0.17177
424435940,1627.01,5.01722,2.55972,0.0686571,436.032,13.809,1.03544,1.08423,4.37583,-0.0806769,5970.52,51,False,-771973.0,9.14341,0.226408
141768070,842.01,2.78638,1.85738,0.0309185,432.812,10.953,0.917864,0.911316,4.47621,0.156372,5383.85,322,False,-1230.07,8.5688,5.64195
420268415,4436.01,1.75906,0.63509,0.068039,432.31,19.682,1.39587,1.7951,4.06637,-0.115176,6722.02,170,False,-86101.1,10.5455,0.669809
416195870,1264.01,2.74417,1.25721,0.0282069,429.414,7.151,0.873803,0.888737,4.47857,0.261368,5192.45,303,False,-9309.89,4.81148,2.05093
28230919,1144.01,4.8878,3.84483,0.0451734,428.957,5.158,0.756787,0.75365,4.56393,0.178163,4754.21,59,False,-721557.0,9.49313,0.230111
207339000,4427.01,4.61823,0.919836,0.0456638,426.051,13.235,0.873121,0.862855,4.50501,0.0561377,5315.46,30,False,-1006550.0,8.22231,0.19407
92352620,107.01,3.9502,2.98938,0.085806,424.679,17.947,1.34292,1.48979,4.21385,0.231236,6399.58,24,False,-305929.0,10.2585,0.349149
444013020,2547.01,2.31142,2.03744,0.0507823,423.267,13.61,1.07489,1.04675,4.42683,0.15586,5845.86,65,False,-838468.0,8.16623,0.211246
165412561,3908.01,1.46809,0.834887,0.0275166,239.508,12.282,0.893148,0.985243,4.39511,0.0137888,5503.76,63,False,-506.42,22.8006,4.49666
116242971,2125.01,5.03163,1.97599,0.107515,239.352,16.055,1.54457,2.04765,3.98889,0.152414,6525.95,29,False,-234975.0,7.32059,0.223057
233053554,4055.01,4.56793,2.95271,0.059152,238.269,14.325,1.01041,0.997225,4.4384,0.0670201,5733.34,88,False,-2064.3,10.2523,2.33996
262843259,2531.01,8.14841,3.38083,0.0580758,236.626,10.483,0.87236,0.843896,4.52417,0.0271659,5312.37,33,False,-1059470.0,10.8568,0.102211
102713734,2580.01,3.39774,2.95162,0.0861252,236.287,16.798,1.44352,1.63422,4.16187,0.002833,6900.7,24,False,-38070.6,6.78916,0.548123
229715760,2251.01,11.5744,5.74827,0.10884,236.193,17.339,1.10831,1.34415,4.21678,0.0301432,5981.37,57,False,-3050.99,3.75192,1.96176
160432093,5971.01,3.99143,3.66886,0.0809684,235.813,16.035,1.30577,1.47159,4.20226,-0.0754739,6528.05,22,False,-2799.74,7.11516,2.01498
8599009,4463.01,2.88071,1.90634,0.0287593,235.506,11.843,0.993537,1.02495,4.40737,0.220177,5589.49,31,False,-110209.0,8.89435,0.318095
270515566,2159.01,10.0509,8.32434,0.118774,234.234,14.078,1.01776,1.34568,4.17935,-0.405151,6181.88,20,False,-128623.0,9.13885,0.292476
431216437,6244.01,2.5553,0.818194,0.0459995,234.106,12.569,1.00026,1.00422,4.43102,0.0268072,5739.2,41,False,-34328.2,11.634,0.559559
120757718,1236.01,3.03007,5.73627e-06,0.0474427,232.942,11.789,0.859399,0.832653,4.53153,0.135026,5176.98,58,False,-71.2711,33.3816,11.1453
244089109,7061.01,2.13773,0.0637699,0.0388709,232.877,10.656,1.02286,1.05583,4.39773,0.025782,5806.0,10,False,-60578.4,6.55091,0.428513
202425357,5386.01,3.62155,0.866418,0.0324269,232.681,14.771,1.17646,1.32364,4.25442,0.0746871,6111.46,51,False,-260484.0,9.68193,0.203607
425817867,6681.01,3.77839,1.73838,0.049882,231.979,14.763,0.903271,0.884373,4.5013,0.0223712,5443.0,17,False,-445438.0,7.25239,0.156906
354619337,5821.01,2.14249,1.21998,0.0832411,231.977,13.289,1.49514,1.60803,4.19695,-0.111741,7893.0,20,False,-19644.0,7.82786,0.7453
278540265,4289.01,2.97573,0.730895,0.0921483,231.656,18.964,1.18921,1.89179,3.96067,-0.342836,6323.0,97,False,-74279.4,7.64388,0.383022
23059280,2137.01,14.1502,0.753718,0.0601054,231.611,17.425,0.833144,0.806635,4.53749,0.258335,4950.53,10,False,-102675.0,9.18882,0.323467
31943299,2619.01,12.4725,2.99948,0.066425,230.723,12.326,0.795963,0.76901,4.56496,0.00348166,5008.77,32,False,-918501.0,11.7035,0.106493
348538431,507.01,0.899465,0.45447,0.0172238,230.587,12.374,0.47863,0.499851,4.71595,0.192038,3557.93,102,False,-255709.0,8.49531,0.204663
394346745,2487.01,3.40247,2.66417,0.0607825,230.323,14.701,1.0932,1.14831,4.35155,-0.0664833,6113.75,60,False,-1505.44,7.12255,2.68272
284288093,2766.01,7.27483,6.52265,0.0708489,230.073,21.608,1.37705,1.52295,4.20026,-0.0891255,6792.7,25,False,-500349.0,9.00928,0.145633
149010208,243.01,3.43731,2.4919,0.0741216,229.464,24.624,1.33868,1.90672,3.98621,-0.160237,6347.95,27,False,-90190.1,7.17312,0.344927
418471796,3136.01,2.68418,0.238635,0.0530334,229.171,20.54,1.00973,1.10407,4.34553,-0.23751,6060.21,33,False,-82599.3,7.6463,0.359186
358613376,4173.01,8.2713,2.03291,0.0702844,229.149,14.378,1.03464,0.973069,4.47222,-0.0632049,5917.14,31,False,-123698.0,7.79761,0.293281
239816546,2570.01,2.98876,0.195487,0.0546254,229.071,13.747,1.0349,1.0333,4.41629,0.139009,5737.15,57,False,-74463.4,10.3142,0.373574
85429139,4015.01,4.7427,2.27471,0.0606199,228.894,17.14,1.33659,1.40769,4.25649,0.0598841,6568.61,25,False,-68677.0,6.96098,0.394642
163260812,3098.01,4.73211,4.60979,0.0780007,228.798,17.656,1.29107,1.3211,4.2985,0.0233156,6503.56,25,False,-117403.0,6.76013,0.301975
286094277,5149.01,27.3715,8.60614,0.182445,228.135,17.986,1.07198,1.59431,4.04985,-0.219281,6001.18,9,False,-59184.6,8.00808,0.421655
231670397,104.01,4.08729,2.36489,0.109968,227.79,13.528,1.43626,2.1281,3.92169,0.0287554,6196.2,28,False,,,
391958006,5796.01,1.74299,1.64306,0.0404126,227.477,17.664,0.928341,0.911967,4.48573,0.0243982,5529.0,18,False,-61685.2,7.76133,0.412248
207081058,121.01,14.775,10.8308,0.101768,227.355,14.395,1.09155,1.19831,4.31478,-0.0610114,6094.86,4,False,-279460.0,9.61344,0.191938
248075138,769.01,4.98167,3.43767,0.0512281,226.531,12.134,0.85659,0.842673,4.51307,0.19814,5113.65,14,False,-409167.0,7.1058,0.159851
328350926,392.01,0.849067,0.681025,0.0213437,226.461,10.722,1.01295,1.32426,4.18971,0.0403192,5733.13,50,False,-4040.96,10.1267,1.58634
35022727,4530.01,3.65281,2.43814,0.0502069,226.077,13.611,0.893068,0.927867,4.44965,-0.0596955,5548.77,36,False,-1344070.0,8.54873,0.0874346
367425982,3937.01,1.69236,0.321068,0.036704,225.568,13.022,0.915078,0.862279,4.52965,0.124775,5363.94,77,False,-78207.3,8.60739,0.361529
233964642,334.01,17.916,0.103958,0.0317174,225.459,17.264,1.24412,1.51505,4.15603,0.000297389,6212.05,12,False,-45109.4,8.56477,0.47589
417646390,4137.01,3.80161,3.2803,0.063501,225.357,13.241,1.29482,1.39122,4.25512,-0.0573985,6609.08,38,False,-52850.5,7.50251,0.441603
162689341,1838.01,2.17468,0.519818,0.0500683,224.773,14.431,1.16963,1.21498,4.3321,0.0107337,6229.93,74,False,-6214430.0,13.7313,0.0394498
61098812,1833.01,3.6936,1.18907,0.0840246,224.734,15.944,1.24218,1.63309,4.10114,-0.081492,6291.91,19,False,-3485.82,15.4102,1.65272
129756316,6036.01,6.52344,5.76812,0.116097,224.672,14.102,1.26446,1.42849,4.21399,-0.0654403,6409.0,10,False,-76288.3,7.42874,0.366525
283621618,5806.01,3.18564,0.06001,0.0249902,224.462,12.358,1.32569,1.48594,4.2017,-0.0792885,6602.0,17,False,-27409.3,7.10151,0.611832
400103802,4140.01,4.2511,1.81631,0.0538821,224.276,11.182,0.919052,0.89613,4.49567,0.148035,5390.47,49,False,-101568.0,8.84269,0.315006
160148385,247.01,3.42526,0.196159,0.0420306,224.016,13.217,1.01354,1.029,4.4134,0.153296,5691.77,26,False,-79438.3,8.49967,0.356329
269701147,1339.01,8.88032,3.98331,0.0604357,223.599,3.346,0.892715,0.883481,4.49036,-0.0585772,5486.03,73,False,-511700.0,8.93595,0.139839
268301217,1937.01,0.946679,0.76385,0.02106,223.352,13.435,0.949741,0.991655,4.41429,-0.242045,5900.64,169,False,-77568.2,7.85705,0.360563
193482096,3564.01,4.08737,2.55871,0.0867573,223.102,20.095,1.49976,1.48475,4.27081,-0.0717593,7528.52,40,False,-25230.1,7.40822,0.63282
278348461,1257.01,5.45265,3.46403,0.0677254,221.556,13.926,1.39226,1.48852,4.23041,0.0326111,6781.46,21,False,-41557.5,6.38847,0.491864
382602147,2384.01,2.1357,0.484341,0.0328562,221.367,11.724,0.598946,0.640501,4.59923,0.250826,3929.0,59,False,-81681.3,7.42509,0.348835
160708862,1337.01,3.34481,2.76225,0.0634157,220.513,19.386,1.99218,1.62576,4.31706,-0.0693261,9612.96,21,False,-7334.2,7.86617,1.15728
181949561,5675.01,4.05527,1.31983,0.0504487,220.396,14.394,0.932017,0.890693,4.50618,-0.0791279,5635.07,8,False,-515151.0,9.67866,0.136808
144327080,6806.01,23.2489,1.42366,0.0639273,261.263,18.245,0.76093,0.7456,4.57162,5.28728e-05,4849.0,3,False,-688268.0,16.1471,0.13768
409794137,1478.01,10.1802,4.26749,0.0737335,260.982,10.91,0.989097,0.985576,4.43842,0.0932614,5650.12,11,False,-456920.0,7.90979,0.174463
118956453,1925.01,2.34477,1.77882,0.0344465,260.349,13.319,0.993816,0.966176,4.46151,0.0106789,5741.0,48,False,-800735.0,8.11534,0.131352
188876052,5960.01,3.07634,2.16383,0.0752581,260.332,15.528,1.26141,1.4247,4.21534,-0.0646029,6401.79,18,False,-148498.0,7.08959,0.306237
374530847,5797.01,2.15221,0.322395,0.0292097,259.758,11.431,0.828626,0.80972,4.54116,0.012878,5147.0,15,False,-263612.0,7.57468,0.228883
127530399,822.01,7.1335,2.82456,0.0568412,259.597,10.691,0.794158,0.754387,4.57772,0.244809,4773.29,9,False,-1516.11,11.9343,2.96623
347430350,5631.01,2.24389,1.59049,0.0518082,259.353,13.398,1.17498,1.26985,4.29475,-0.217917,6517.46,7,False,-28856.7,7.64276,0.690521
294179385,1454.01,2.67942,2.31626,0.0549833,258.456,13.732,1.09601,1.11261,4.3823,0.146122,5928.99,83,False,-9485780.0,9.47217,0.0376714
348995212,2218.01,0.345691,0.202178,0.0152787,257.938,6.414,0.975007,1.09829,4.33897,-0.609588,6355.35,1921,False,-87109.0,15.4047,0.382935
389753172,319.01,0.713534,0.558048,0.0183832,257.198,8.789,0.636689,0.652401,4.60432,-0.0159947,4135.89,215,False,-49244.3,8.50464,0.522248
168699373,1841.01,4.30119,3.50594,0.0556034,257.072,13.885,0.917485,0.897435,4.4923,0.26552,5300.27,24,False,-122722.0,11.3437,0.326872
410094645,577.01,3.32974,0.0184978,0.0542079,256.667,21.899,1.29688,1.38578,4.26471,-0.0431317,6648.41,40,False,-73363.9,10.7448,0.4231
218795833,519.01,1.26523,0.235025,0.019426,255.708,13.296,0.329066,0.355325,4.85227,0.09595,3315.21,74,False,-128696.0,8.52452,0.321085
206609630,212.01,0.335271,0.183396,0.0106714,255.697,10.593,0.558276,0.588183,4.64513,-0.0121106,3332.0,530,False,-5662.39,24.9414,1.42932
355600246,2203.01,3.05634,1.18684,0.0554477,255.673,20.356,1.15252,1.45732,4.1608,-0.27921,6369.41,43,False,-3033.0,7.55102,2.10031
422385684,2561.01,2.77539,0.437282,0.0638165,255.517,14.602,1.24396,1.41456,4.22287,0.19243,6158.41,108,False,-115896.0,15.6604,0.328322
400432230,3791.01,3.18339,0.255959,0.0395659,255.458,14.402,1.3439,1.35842,4.28982,0.0358279,6606.02,105,False,-43315.2,8.35622,0.553284
429302040,1905.01,5.71587,2.58343,0.0482624,254.663,11.159,0.656163,0.667472,4.59989,0.0198186,4223.96,5,False,-92757.4,11.2259,0.372475
237205154,4437.01,5.893,0.0264352,0.0741887,254.362,16.494,1.15225,1.14013,4.38139,-0.0439109,6239.37,88,False,-3018.18,8.26518,2.08828
67646988,1779.01,1.88171,0.564705,0.0198052,254.28,10.368,0.249244,0.275413,4.94834,0.0941588,3221.24,24,False,-192221.0,12.277,0.257218
378159598,1311.01,6.14068,3.08,0.040256,253.949,17.925,1.88843,1.72585,4.23372,0.235103,8253.53,40,False,-1597.18,5.60643,2.8978
437248515,683.01,3.40588,3.11713,0.0436864,253.447,16.34,1.17678,1.20681,4.34087,-0.115313,6392.13,29,False,-151423.0,7.29692,0.294772
393414358,483.01,4.37808,1.41423,0.103619,253.121,14.638,1.24504,1.63197,4.09702,0.249652,5895.56,26,False,-29011.6,6.4077,0.675004
270472265,2187.01,2.74922,1.90107,0.034994,253.114,12.405,0.930987,1.04566,4.35994,-0.457862,6085.38,198,False,-7937140.0,13.9604,0.0395569
236445129,1282.01,0.968988,0.0233164,0.0463413,253.105,16.584,1.24634,1.35108,4.26933,-0.0310009,6492.9,67,False,-94173.9,7.67525,0.372689
427685831,7168.01,1.74977,0.619995,0.0303637,252.348,14.884,0.814996,0.79681,4.5473,0.0102958,5087.0,14,False,-382460.0,6.78771,0.185031
267650535,3597.01,4.00876,2.87227,0.0488368,250.668,12.365,0.835703,0.787172,4.56374,0.236127,4923.46,16,False,-36628.2,8.55259,0.589535
219879302,1884.01,6.78228,0.792537,0.0496703,250.614,9.346,0.894155,0.851998,4.52747,0.244489,5192.85,134,False,-840.248,6.49221,3.92959
162695785,1970.01,2.55995,1.28289,0.053894,250.55,16.32,1.44429,1.45131,4.26224,-0.0608564,7028.22,36,False,-34805.8,6.42163,0.609801
159951311,265.01,5.92427,1.62873,0.0530669,249.613,9.577,0.858969,0.82583,4.53767,0.16763,5135.07,24,False,-110067.0,9.55782,0.337184
243641947,3235.01,2.5926,1.1941,0.0232027,248.47,12.718,0.34922,0.368317,4.84587,-0.0119796,3374.15,27,False,-130862.0,6.539,0.31165
270341214,173.01,29.7537,8.10465,0.156093,247.686,11.85,1.29377,1.41491,4.24569,-0.0980609,6707.79,9,False,-187725.0,10.2891,0.255326
281924357,830.01,15.0405,2.9589,0.0328178,247.281,15.403,0.994357,1.00289,4.42746,-0.130399,5906.57,23,False,-344446.0,8.09377,0.189914
311133118,5676.01,3.50619,1.58189,0.0220394,247.134,11.115,0.776119,0.752971,4.57475,0.0835789,4860.96,8,False,-23779.1,11.8204,0.711137
250839071,6040.01,3.49261,2.50685,0.0873008,246.571,13.796,1.31403,1.47754,4.20203,-0.0770549,6558.7,13,False,-45307.1,8.08605,0.522119
394050135,2025.01,8.87205,6.90863,0.0695184,246.306,12.821,1.15818,1.43699,4.18148,0.129292,5962.03,47,False,-87165.8,10.3283,0.372463
68577662,4606.01,11.1685,4.10619,0.0954429,246.103,11.556,1.0901,1.15723,4.34113,0.0790518,5945.93,6,False,-51589.9,7.071,0.490415
254113311,1130.01,8.34952,0.542142,0.0294475,245.973,9.126,0.658589,0.677067,4.59234,0.023226,4286.36,11,False,-46827.6,14.8757,0.497663
181159386,764.01,5.63165,3.17997,0.123299,245.287,20.182,1.33377,1.49177,4.20147,-0.080836,6632.0,21,False,-5212.33,7.423,1.53567
158617175,3910.01,5.71589,3.12186,0.0464591,244.883,12.454,0.853452,0.812069,4.5453,0.084485,5146.25,27,False,-124632.0,10.1288,0.309871
178367144,966.01,3.40925,1.23759,0.0593295,244.321,16.021,1.15033,1.1852,4.34669,-0.0471412,6230.73,27,False,-601605.0,8.22357,0.141845
365733349,1288.01,2.69983,0.98711,0.0461616,244.178,5.114,0.918125,0.922162,4.46641,0.196277,5368.79,104,False,-61313.4,12.5839,0.435851
142394656,1268.01,8.15773,0.380103,0.0725657,242.348,8.868,0.872508,0.858784,4.50738,0.201406,5183.13,24,False,-57379.6,9.34563,0.453284
436478932,5963.01,4.32251,1.0443,0.0627527,241.23,14.228,1.06392,1.14283,4.3431,0.0191399,5924.0,12,False,-34459.4,7.59607,0.586514
29191596,1792.01,8.77115,6.37095e-06,1.40177,240.896,6.706,0.956421,0.931123,4.48114,0.101794,5560.05,7,True,-110615.0,9.92098,0.323624
162130054,1371.01,5.00951,4.97471,0.0425996,240.839,18.225,1.44916,1.71036,4.12901,-0.102434,7086.97,16,False,-104117.0,7.11718,0.337538
148228019,527.01,18.0892,2.45493,0.0374348,240.282,20.334,1.83825,2.27136,3.97713,0.0570134,7633.22,8,False,-2485.04,7.12009,2.18062
236714379,1254.01,1.01801,0.392934,0.0239165,240.206,5.079,0.813238,0.982584,4.35607,-0.288153,5587.85,697,False,-597.263,6.18632,4.47011
238932509,841.01,3.49343,2.02534,0.0267151,239.849,10.992,0.875763,0.839679,4.526,0.236341,5124.7,124,False,-153964.0,10.3345,0.272573
104986789,2578.01,3.45796,2.64767,0.041378,239.689,15.9,1.49145,1.44397,4.28042,-0.164018,7535.27,25,False,-45940.7,6.95852,0.505995
233948455,3612.01,1.48224,0.126152,0.0310023,304.92,12.984,0.853538,0.833816,4.52225,0.158049,5125.74,128,False,-1153800.0,8.22743,0.128712
272785423,3960.01,3.23999,1.35718,0.0524082,304.617,13.134,0.956208,0.925079,4.48663,0.130459,5526.42,156,False,-143222.0,12.1641,0.360108
389352124,2197.01,4.95465,2.4637,0.0732124,304.593,12.411,1.29778,1.41754,4.24308,-0.0195047,6586.84,18,False,-130383.0,7.03874,0.384007
122612091,264.01,2.21674,1.88938,0.07215,304.402,14.692,1.43787,2.07634,3.94546,0.0207159,6272.72,57,False,-434451.0,12.3239,0.206494
379929661,625.01,4.78694,4.13528,0.0970983,303.661,16.756,1.69503,1.77366,4.16589,0.0158968,7843.32,21,False,-167044.0,6.75136,0.338525
170102285,477.01,2.94443,2.37802,0.0439036,301.234,12.215,0.837406,0.807256,4.54681,0.0521374,5148.5,36,False,,,
382391899,391.01,1.95509,0.176914,0.0295075,300.137,13.549,0.91493,0.87888,4.50935,0.143654,5354.28,21,False,-976301.0,7.32298,0.138095
364186197,1408.01,4.4247,2.19955,0.0226576,299.814,8.242,1.28526,1.44288,4.21404,0.130824,6253.02,93,False,-29296.3,9.21375,0.791204
159742538,2124.01,3.55393,2.42216,0.0617742,298.866,18.804,1.44381,1.76501,4.08862,0.145441,6463.62,49,False,-200155.0,8.20781,0.302747
83092282,622.01,6.40252,3.03897,0.0736306,298.26,9.116,1.29309,1.37122,4.27465,-0.0123063,6606.03,31,False,-583368.0,8.33635,0.176885
260304800,738.01,3.44059,2.58793,0.0475409,298.218,8.863,0.9172,0.888208,4.49993,0.18464,5337.28,199,False,-2959.64,5.20371,2.51089
395393265,2152.01,3.37728,1.87795,0.0714813,297.204,14.078,1.59111,1.57208,4.23616,0.0867572,7355.06,74,False,-412047.0,9.48773,0.208867
165297570,5384.01,2.98952,0.523169,0.0598345,296.854,19.202,1.11354,1.58924,4.07969,-0.363394,6345.12,7,False,-112404.0,6.0222,0.404236
98957720,3501.01,15.3502,4.39653,0.0424582,295.396,17.129,1.01596,0.996356,4.44306,-0.138405,5964.54,8,False,-162515.0,7.24549,0.333084
160162137,5575.01,32.0722,5.8866,0.0349775,293.3,10.849,0.199483,0.225439,5.02696,-0.00258633,3167.89,12,False,-400907.0,9.57455,0.208812
394722182,2236.01,3.53157,1.64046,0.0525372,291.924,13.972,1.2428,1.50765,4.16136,-0.0597395,6305.88,50,False,-2051.29,6.91128,2.93414
235905185,1829.01,6.28958,2.8014,0.0563588,291.616,15.472,0.992604,0.963728,4.46553,-0.00978263,5766.85,79,False,-62071.2,8.7094,0.529159
198008005,858.01,3.27972,0.0662948,0.0661469,291.086,13.77,1.13143,1.22431,4.30554,0.154219,5965.42,38,False,-253628.0,11.3428,0.258846
321861405,3952.01,2.98977,0.59286,0.062929,290.721,18.486,1.39443,1.48052,4.23589,-0.0826496,6977.77,62,False,-118628.0,8.35647,0.382032
432549364,1476.01,1.21749,0.840589,0.0529214,286.985,12.448,1.34677,1.4451,4.24357,-0.00206912,6720.01,55,False,-4673.58,6.60562,1.91169
209459275,559.01,6.98389,0.974845,0.0967774,286.61,12.105,1.07089,1.15719,4.33532,-0.0474766,6035.56,11,False,-144152.0,8.85983,0.340899
231663901,101.01,1.43037,0.699979,0.0272498,286.238,13.742,0.934825,0.889221,4.5072,-0.15545,5717.82,80,False,-137525.0,7.7635,0.349926
24695044,2195.01,4.1645,1.98724,0.0370932,281.307,8.527,0.929715,0.891385,4.50013,0.226097,5327.05,59,False,-687442.0,9.78464,0.152604
389070884,911.01,8.58416,0.0957666,0.0295656,281.064,14.307,1.17132,1.35868,4.22971,-0.0572975,6211.29,11,False,-666933.0,13.1161,0.152893
420177051,2562.01,4.04836,0.332358,0.0582019,280.579,13.58,1.12916,1.18445,4.33705,-0.0747627,6202.63,143,False,-1942.78,7.21743,2.8918
233188747,4429.01,3.45056,0.223442,0.0558172,279.722,12.813,0.974823,0.974881,4.4399,0.248734,5484.25,100,False,-93582.4,8.84763,0.412625
56399553,4623.01,3.25883,1.79351,0.0378227,279.238,13.611,0.875397,0.839071,4.53323,0.0148174,5335.13,26,False,-71135.3,7.2971,0.475137
210083929,6130.01,2.39268,0.444955,0.0352297,278.381,15.678,1.08054,1.16846,4.32927,0.0096837,5967.0,22,False,-61493.6,7.92508,0.508241
271806353,2209.01,3.43913,3.28008,0.0637166,278.161,13.385,1.05513,1.09459,4.37673,0.0835963,5870.35,151,False,-120329.0,15.689,0.352599
219698950,766.01,3.44645,2.18829,0.0420344,277.644,13.497,1.01221,0.979912,4.45668,-0.215253,6034.76,27,False,-198975.0,6.75644,0.28299
410450228,681.01,15.7786,0.231968,0.051469,276.878,12.908,1.54528,1.43967,4.30614,-0.160149,7896.7,33,False,-1518.07,4.91943,3.25511
36452991,2969.01,1.82371,0.172748,0.025272,275.895,12.249,0.713775,0.717298,4.56947,-0.00897934,4642.26,45,False,-359722.0,7.61935,0.208438
371864043,3041.01,2.95995,0.587109,0.0695112,275.763,15.458,1.34233,1.68002,4.10637,0.026469,6393.43,65,False,-72454.6,8.64585,0.46244
51234631,1721.01,4.12506,3.61641,0.0848372,275.081,14.23,1.29092,1.44344,4.21641,-0.0631511,6504.58,21,False,-64469.6,6.99554,0.492021
47423120,352.01,11.6232,2.69597,0.0466441,274.266,16.055,0.873335,0.856717,4.50842,-0.187335,5560.53,5,False,-512950.0,7.91765,0.173297
232967440,1173.01,7.0644,5.35857,0.0445571,272.206,8.783,0.930819,0.906142,4.48523,0.207607,5353.56,28,False,-425362.0,8.1679,0.188654
128790976,1124.01,3.51878,0.402008,0.0413617,270.772,12.441,1.29063,1.64086,4.10562,-0.210786,6556.1,24,False,-4975.69,11.0508,1.71621
66818296,1050.01,3.73548,1.9033,0.079381,270.667,20.094,1.29026,1.44695,4.21196,-0.302977,6853.19,16,False,-76014.4,6.97348,0.445695
158623531,246.01,7.8729,1.60919,0.0695303,269.444,12.849,0.877514,0.978893,4.38846,0.190536,5289.6,14,False,-5354020.0,9.51119,0.0523478
306362738,479.01,2.78174,2.53416,0.0354094,267.492,12.213,0.914571,0.965482,4.41998,-0.0716056,5610.39,24,False,-135364.0,7.64743,0.329113
99224131,4486.01,2.69155,1.37115,0.0814227,267.378,16.006,1.64253,1.77357,4.14866,-0.239232,8060.35,44,False,-34123.5,6.90381,0.657104
392476080,2109.01,0.672469,0.019255,0.0341537,266.838,14.354,1.39477,1.65054,4.14088,-0.11003,6902.11,87,False,-27295.2,6.27474,0.734972
354469661,1580.01,4.79475,1.77505,0.0948704,266.679,17.973,1.24869,2.08237,3.90154,-0.187848,6157.46,14,False,-55137.9,7.68166,0.513996
152476657,415.01,3.61127,0.815106,0.0659179,266.139,13.447,1.39495,1.62888,4.14969,0.0498335,6623.44,40,False,-45529.0,9.19242,0.561165
331146317,3602.01,2.38745,1.87564,0.0506356,265.64,16.163,1.17395,1.2644,4.29578,-0.231778,6514.25,61,False,-37219.1,8.25861,0.621712
13349647,567.01,1.53736,0.426067,0.0314778,264.722,13.481,0.97497,0.935595,4.47902,-0.132376,5821.94,54,False,-296325.0,7.70815,0.220015
349518800,407.01,2.16547,1.35732,0.076629,264.541,16.425,1.29119,1.76006,4.04967,-0.214222,6507.77,297,False,-712.018,4.08228,4.55543
252616865,1482.01,5.71217,2.6106,0.0895299,262.14,15.177,1.44044,1.66918,4.1372,-0.25658,7235.64,19,False,-33229.6,8.27015,0.649001
159332859,2574.01,4.48176,0.260649,0.0422915,262.024,19.381,1.19369,1.24362,4.32244,-0.400554,6834.14,75,False,-51410.2,8.55208,0.520949
229047362,767.01,3.76479,1.56489,0.0495953,220.249,14.496,0.972059,0.91772,4.49736,-0.0148048,5674.56,6,False,-202071.0,5.95412,0.222147
286923464,1271.01,6.13499,1.29517,0.11092,219.295,12.354,1.39093,1.9616,3.98077,0.315582,5879.46,18,False,-76269.0,6.66673,0.358784
327369524,6016.01,4.02366,2.53951,0.0751115,218.608,10.507,1.0232,1.05661,4.39723,0.0257666,5807.0,45,False,-41924.0,8.50607,0.47818
147977348,640.01,5.00375,1.4495,0.0561129,218.004,18.483,1.48945,1.98735,4.00045,0.0492198,6501.03,23,False,-29336.2,7.26257,0.573386
329373799,3605.01,3.65543,0.967556,0.0762285,217.976,17.376,1.29682,1.4484,4.22201,-0.0829946,6639.1,42,False,-50743.8,8.098,0.434176
63189173,5093.01,2.2984,0.530648,0.0359897,217.671,12.864,0.696186,0.687319,4.59364,0.160392,4325.71,38,False,-103309.0,9.07049,0.302434
298297931,4492.01,4.43317,1.13252,0.0732989,217.381,11.607,1.11386,1.15591,4.35534,0.222581,5928.5,25,False,-71454.8,7.66321,0.3656
395171208,1333.01,4.72017,3.72177,0.0860518,217.267,14.113,1.44178,1.68451,4.13181,-0.0229911,6839.97,19,False,-193507.0,7.09334,0.222644
310003988,1629.01,4.54217,2.75916,0.0782811,215.96,16.805,1.29318,1.60721,4.11779,0.206078,6009.05,22,False,-25977.5,9.14817,0.597969
294301883,774.01,4.46562,2.28535,0.0648051,215.654,14.801,1.05346,1.05337,4.41241,-0.147651,6097.46,11,False,-115468.0,9.18902,0.283139
199671901,5959.01,4.45719,2.89587,0.117293,215.616,11.985,1.12272,1.23333,4.29523,-0.0133984,6074.0,35,False,-3980.96,7.31462,1.53891
280803917,2212.01,5.12939,1.39652,0.0551825,214.348,8.844,0.895224,0.858487,4.51754,0.16809,5251.0,61,False,-125042.0,10.8627,0.268156
138819293,1796.01,2.64388,2.39602,0.0163167,213.919,3.704,0.379605,0.39276,4.82835,-0.353156,3536.41,14,False,-71295.8,7.19031,0.360791
322046084,4449.01,2.75191,1.11199,0.0265255,213.489,12.518,1.11399,1.20989,4.31316,0.225554,5884.4,25,False,-940840.0,10.0788,0.0977221
284206913,3972.01,10.5113,3.29532,0.0579478,213.417,12.61,0.916935,0.908783,4.47929,0.218101,5337.85,11,False,-48158.7,9.8208,0.432338
34297761,3365.01,5.39286,3.24629,0.0700409,212.939,11.407,1.1338,1.21663,4.3152,0.13408,6011.67,30,False,-831608.0,9.19634,0.104112
229742722,1859.01,63.4839,42.7787,0.0915018,211.762,11.41,1.24603,1.35641,4.26566,0.0807684,6353.23,15,False,-2969.15,3.72073,1.77988
29119552,1709.01,7.62875,7.04359,0.0566926,211.684,17.975,1.19536,1.58399,4.10849,-0.256009,6426.46,9,False,-25722.2,7.75028,0.592566
101721385,2129.01,4.62766,1.01343,0.0353778,210.916,13.671,1.29228,1.56809,4.14925,-0.360384,6897.64,26,False,-38630.3,6.39603,0.484915
256722647,4329.01,2.92247,0.353498,0.105251,210.675,15.801,2.08515,1.89072,4.18867,-0.020732,9276.77,82,False,-47419.7,8.91102,0.431773
293457754,4621.01,4.51951,3.82219,0.0565111,210.47,14.09,1.01467,0.995327,4.4467,0.0541482,5773.89,20,False,-26554.3,9.59505,0.57446
5868998,749.01,0.635526,0.201297,0.0246222,210.337,12.944,0.589393,0.634625,4.5995,0.15346,3917.78,105,False,-76887.9,7.34188,0.341148
149572298,2612.01,13.3572,2.67591,0.0864487,210.043,22.616,0.991041,1.21795,4.25447,-0.25276,6030.76,33,False,-38397.8,13.851,0.466576
366972162,4170.01,2.19023,1.67004,0.0648191,210.039,14.196,1.19473,1.40827,4.20758,-0.0207353,6216.57,130,False,-50147.7,7.53056,0.421413
263748033,4422.01,4.90826,0.115791,0.0882156,209.491,17.803,1.64686,1.67115,4.2069,0.0136819,7834.28,30,False,-218431.0,17.2308,0.191696
320536216,986.01,0.547668,0.287643,0.0215179,208.802,8.548,1.64103,1.58076,4.25197,-0.0314187,7943.75,358,False,-17212.7,16.0622,0.684637
258920431,2567.01,5.98393,1.26405,0.106234,208.689,10.738,1.24389,1.58684,4.11978,0.270434,5906.42,152,False,-662.159,7.57485,3.64789
413376180,781.01,1.35413,0.241144,0.0373487,208.464,12.699,0.874303,0.843383,4.51891,0.215184,5131.86,49,False,-309893.0,7.26531,0.168422
178289267,1936.01,2.35058,2.21641,0.0461336,208.229,12.892,0.995905,0.949034,4.48281,0.167604,5612.26,27,False,-565266.0,7.85649,0.124191
399870368,624.01,2.7443,1.56511,0.0666635,208.085,17.911,1.9435,1.75487,4.23086,-0.218603,9351.5,17,False,-106587.0,9.26461,0.283787
219253008,268.01,5.06618,4.25276,0.123341,207.355,13.059,1.39175,2.02875,3.94909,0.183652,5936.65,34,False,-39424.4,10.4854,0.462051
19028197,5094.01,3.33665,0.0362008,0.0355913,207.309,4.442,0.488209,0.500526,4.72053,-0.00406833,3608.46,33,False,-130746.0,8.12974,0.256692
271168962,828.01,5.322,0.396559,0.0698258,206.939,13.567,1.15286,1.55347,4.11273,-0.0717854,6088.08,9,False,-82453.5,6.91862,0.324605
99834717,1780.01,1.70632,0.647971,0.026617,206.878,9.948,0.853207,0.834954,4.52285,0.279552,5055.4,85,False,-136942.0,10.276,0.247572
323295908,2679.01,3.8539,2.8468,0.0558165,206.509,11.993,0.973966,0.929613,4.4857,-0.0492826,5725.19,29,False,-315880.0,10.0663,0.162875
151483286,2818.01,4.03968,2.58858,0.070984,206.406,14.422,1.17683,1.13867,4.38968,0.0125147,6234.78,16,False,-126631.0,8.43733,0.259244
258510872,1885.01,6.54409,4.71174,0.0748059,206.29,14.264,1.34418,1.59435,4.14577,-0.14166,6692.67,89,False,-25308.7,9.37921,0.576815
274641986,3545.01,3.18721,3.0252,0.0631214,205.767,20.316,1.39639,1.53162,4.20318,-0.0193343,6821.45,49,False,-11821.7,7.73098,0.848851
380783252,1059.01,9.449648878263009,6.610145766693353,0.0311168263479104,205.47,,0.911336,0.897877,4.48532,0.205156,5312.17,12,False,-187915.0,15.7827,0.20391
234523599,127.01,3.79552,0.343442,0.0344252,204.278,11.534,0.439099,0.459735,4.75003,0.19745,3466.91,49,False,-668334.0,8.77932,0.111436
320798691,2130.01,5.00526,0.55221,0.0897942,203.441,12.647,1.24246,1.35281,4.26642,0.0225666,6406.35,22,False,-35715.3,9.33224,0.478645
238197638,903.01,7.2766,1.74428,0.0958921,203.09,12.829,1.4384,2.00655,3.97596,-0.000790734,6369.59,110,False,-4407.92,4.53697,1.394
157218656,4121.01,2.86226,2.08017,0.0489284,202.073,17.76,1.39565,1.43485,4.26928,-0.12907,7130.47,27,False,-35736.0,8.65849,0.476795
208719443,3491.01,2.40386,2.05605,0.0658489,201.747,25.422,1.07822,1.16488,4.3312,0.0110032,5961.0,19,False,-126351.0,6.3941,0.256102
269488987,6124.01,2.84744,0.441877,0.0438698,201.469,12.986,0.82908,0.810151,4.54096,0.0129641,5149.0,37,False,-292923.0,8.09857,0.166492
308172249,2139.01,1.40138,0.2307,0.0283226,200.234,12.696,0.875987,0.860256,4.51077,0.265442,5164.83,61,False,-77556.1,8.31094,0.321148
129839175,2440.01,0.646157,0.455479,0.0171331,199.681,8.116,0.9313,0.932057,4.4606,-0.166582,5740.59,100,False,-58675.6,8.91063,0.367004
201899356,7046.01,3.10845,1.69328,0.0498727,199.24,13.259,1.10257,1.20242,4.31094,-0.00285126,6024.0,39,False,-12841.9,9.44572,0.780537
73448352,1603.01,4.73216,3.63583,0.0545792,199.023,14.237,1.39138,1.49148,4.22087,-0.14034,6995.05,13,False,-37681.9,8.36978,0.457691
229581160,4452.01,3.41491,2.12209,0.0458888,198.928,12.928,1.03516,1.02681,4.42579,0.210827,5700.84,192,False,-1959.06,9.82471,1.99212
401125028,2368.01,5.175,3.01723,0.0362541,198.386,10.072,0.893147,0.850461,4.52765,0.260367,5180.04,35,False,-362958.0,8.55904,0.146828
235937532,2038.01,3.7321,3.10445,0.107696,198.125,17.1,1.59465,2.72834,3.76521,-0.11104,6534.92,108,False,-5186.31,11.4516,1.2082
19684256,1901.01,1.36665,0.607,0.0374983,198.033,15.189,0.997481,0.944028,4.48707,-0.283675,6085.8,50,False,-38714.7,7.74046,0.45069
250724252,1564.01,0.559672,0.214784,0.0329796,197.888,10.647,1.49514,1.60803,4.19695,-0.111741,8368.0,83,False,-49202.9,7.609,0.399748
8767448,1767.01,4.35309,0.300174,0.0736753,197.845,15.214,1.2366,1.46386,4.18479,0.161813,6061.56,7,False,-88987.1,7.03047,0.29808
240681314,1477.01,2.73253,0.957344,0.0341702,197.714,16.72,1.33974,1.56927,4.16215,-0.00764827,6537.96,23,False,-31056.6,7.96609,0.501762
453668803,6564.01,3.9855,2.62227,0.0855946,197.258,12.18,1.05619,1.13092,4.34953,0.0235381,5904.0,6,False,-25096.9,5.90603,0.562892
17746821,492.01,3.12201,1.51503,0.0670347,196.963,13.689,1.19478,1.59876,4.10556,-0.136522,6270.23,57,False,-13224.5,11.2872,0.752468
232641326,1874.01,17.8684,1.37563,0.0896957,196.385,17.064,1.49144,1.56199,4.21687,-0.016333,7180.47,53,False,-268.644,7.52935,5.38884
97409519,113.01,3.37264,1.74418,0.0455067,195.698,15.347,1.09408,1.10386,4.38941,0.0194013,6035.92,22,False,-38528.5,8.29285,0.444923
165723070,3907.01,1.72136,1.28736,0.0409741,195.423,9.987,0.891265,0.863904,4.51021,0.243216,5197.2,100,False,-114876.0,9.08295,0.256197
346338552,1388.01,4.4653,4.20879,0.0483558,195.21,14.747,1.09323,1.16826,4.33164,0.0930697,5933.75,17,False,-3693.65,11.3189,1.41045
373816781,5871.01,1.34362,1.13523,0.0445541,194.317,27.711,1.23487,1.39168,4.22709,-0.0573102,6339.0,75,False,-7989.91,15.194,0.933965
91051152,5969.01,7.91958,5.08209,0.0414464,194.22,11.418,0.646662,0.656506,4.61324,-0.00705864,4302.0,6,False,-279300.0,7.41364,0.164716
284326455,4618.01,3.79985,1.80283,0.0274824,194.028,11.619,0.657088,0.676533,4.59543,0.168069,4202.28,30,False,-18474.8,8.87612,0.634817
441580526,4160.01,4.4427,1.20356,0.0623494,193.757,11.832,1.01698,1.00144,4.44162,0.182859,5672.48,37,False,-37126.6,8.7131,0.447535
322062001,2055.01,4.69842,3.93424,0.0343903,193.376,14.129,1.37417,1.52087,4.20034,-0.0885736,6782.0,34,False,-735.994,6.42176,3.21599
165464482,3894.01,4.33451,1.62559,0.0646239,192.967,14.189,1.16667,1.3879,4.21132,-0.0624046,6193.97,27,False,-195541.0,8.05961,0.194857
21744120,2127.01,5.50802,0.0967512,0.0473401,192.709,11.576,0.757459,0.73864,4.57842,0.127366,4736.43,11,False,-23415.5,8.00521,0.562508
454248975,3023.01,3.90148,0.605175,0.0934536,192.326,15.677,0.994357,1.50637,4.06265,-0.0721965,5654.25,32,False,-23911.7,5.87366,0.561909
382200986,4409.01,92.4914,11.0698,0.133127,192.091,8.221,0.756232,0.734183,4.58709,-0.0334879,4876.06,9,False,-345.392,8.36275,4.62016
398895470,5793.01,2.69404,1.28006,0.0778305,191.527,17.957,1.29256,1.46208,4.20263,-0.0729437,6479.0,14,False,-462177.0,11.846,0.123162
453789494,1907.01,5.47741,4.75223,0.105609,191.5,19.206,1.54441,1.93294,4.05016,-0.203609,7455.52,18,False,-16221.4,6.29162,0.677691
350618622,201.02,5.88666,3.62243,0.0883387,190.587,3.628,1.24651,1.29734,4.30724,0.0708283,6401.96,145,False,-8997.32,17.1076,0.852381
434105231,311.01,0.796309,0.0647394,0.0243309,190.29,11.233,0.657335,0.792544,4.45459,-0.610446,4188.75,154,False,-10144.6,17.1419,0.801189
73560357,2165.01,0.949996,0.740899,0.052349,190.006,12.234,2.09814,1.85702,4.21958,-0.0199115,9517.62,122,False,-24398.4,8.16133,0.542529
357202877,3010.01,9.55371,1.52006,0.0628007,189.65,17.252,1.06802,1.19046,4.30759,0.0117602,5947.74,17,False,-972.087,5.73773,2.7519
302518439,1169.01,6.70755,0.754091,0.0318653,189.269,16.786,1.09315,1.26283,4.2692,-0.135561,6174.98,17,False,-142431.0,8.79474,0.222841
156887426,2799.01,1.43679,0.396123,0.0407048,189.102,16.398,1.03653,1.03234,4.42432,0.00743657,5891.89,46,False,-87537.5,7.96858,0.28529
302381397,4088.01,2.72844,2.33426,0.0431665,189.098,12.2,1.1331,1.12192,4.3856,0.144555,5987.39,75,False,-710770.0,9.8569,0.0990721
104024556,748.01,2.02195,0.689594,0.0523598,188.634,19.147,1.48877,1.82297,4.07867,-0.201725,7189.35,32,False,-29403.7,6.33014,0.495443
305243225,5798.01,1.21288,0.612204,0.0406574,188.492,15.812,1.06169,1.1394,4.34495,0.0204088,5918.23,58,False,-33200.4,7.05154,0.464044
362709886,4420.01,4.72593,1.45036,0.0450098,188.301,16.098,1.34187,1.78284,4.04507,0.0184854,6208.67,18,False,-27848.8,7.31365,0.505412
256158543,3329.01,5.06481,4.72458,0.0839455,188.197,14.197,1.05295,1.32527,4.20839,-0.583947,6539.55,23,False,-1836020.0,8.96678,0.0616383
409009431,4726.01,4.29726,4.22075,0.051783,187.771,13.989,0.83378,0.820618,4.52692,0.0739942,5130.47,11,False,-281951.0,6.84523,0.158779
20096620,5374.01,2.91639,2.65418,0.0585033,187.642,15.563,1.18867,1.67855,4.06604,0.248343,5808.43,8,False,-5999.41,5.1882,1.09792
313194972,4144.01,16.9019,16.1678,0.107284,187.437,11.683,0.934832,0.891265,4.50973,0.158101,5419.7,15,False,-61003.3,9.17913,0.336326
376866659,7475.01,3.25287,0.285499,0.0873434,187.355,11.614,1.25613,1.41813,4.21768,-0.0631511,6389.29,7,False,-12751.7,7.55989,0.742026
61538902,752.01,5.74813,2.28922,0.0472446,185.551,13.705,1.09136,1.12085,4.37166,-0.045407,6079.84,19,False,-94754.6,7.61521,0.269369
332064670,1773.01,0.736545,0.247755,0.0309796,185.16,1.91,0.914419,0.911765,4.47354,0.240528,5311.8,123,False,-36134.7,8.2648,0.43366
158588995,674.01,1.97716,0.0498912,0.0194878,184.244,5.57,0.398387,0.420188,4.79189,-0.00493943,3438.36,58,False,-63184.5,7.18974,0.328238
53458803,1913.01,3.34885,0.322201,0.0638115,184.016,12.866,1.11478,1.12695,4.37364,0.23015,5881.28,35,False,-45948.0,7.75065,0.3832
255588086,6455.01,0.897055,0.431587,0.0236086,183.953,6.447,1.02455,1.0597,4.39523,0.0257052,5811.0,315,False,-48523.2,8.31299,0.371569
240823272,3693.01,9.08845,5.61188,0.063407,183.939,13.371,0.835525,0.798062,4.5549,0.104052,5077.92,8,False,-274641.0,9.52738,0.155086
336691874,5322.01,5.42333,1.85612,0.096046,182.791,15.628,1.10781,1.30983,4.24019,-0.0112549,6019.1,20,False,-40830.7,10.1212,0.398214
361343239,2977.01,2.35056,1.16339,0.0538688,182.75,13.245,0.888528,1.06556,4.32098,-0.251013,5758.4,34,False,-24899.1,7.67894,0.517041
232982938,1828.01,9.09411,7.34883,0.0921532,182.113,8.463,1.23927,1.44553,4.19174,0.165317,6030.0,103,False,-452.559,10.8122,3.76087
97825640,2989.01,3.12282,2.07054,0.0422969,181.916,12.385,0.69713,0.698442,4.58063,0.175874,4392.01,22,False,-46674.2,7.16614,0.376938
327579226,1532.01,8.90535,7.07083,0.0508155,181.642,12.729,1.19814,1.36549,4.24424,-0.0983623,6416.33,21,False,-1371.25,7.59814,2.19201
286080865,3586.01,11.32,2.09352,0.057353,181.607,13.919,0.756,0.740601,4.58147,-0.124022,5005.27,14,False,-52776.3,7.90197,0.352357
371188886,2000.01,9.12705,9.10342,0.0994505,181.492,6.338,1.05243,1.06216,4.39929,0.299518,5673.85,25,False,,,
405717754,2175.01,4.43797,2.49215,0.0865222,181.473,19.143,1.19107,1.40207,4.21,-0.00987606,6178.8,48,False,-1600.14,3.5228,2.0745
162362398,760.01,12.3397,6.85813,0.106905,181.109,20.5,1.49514,1.60803,4.19695,-0.111741,7852.0,9,False,-3338.08,5.99523,1.4129
255928426,5686.01,4.23659,3.48838,0.0679431,180.978,14.13,1.08964,1.11161,4.37536,0.292969,5783.98,25,False,-56281.5,8.30322,0.339184
102195674,668.01,4.37859,3.06471,0.0679587,180.732,21.965,1.17424,1.19942,4.34318,0.00544016,6230.29,21,False,-5254.24,8.83415,1.10535
305767364,4381.01,1.49741,1.14601,0.0386583,180.646,17.392,0.777312,0.807566,4.5108,-0.358411,5446.43,17,False,-187202.0,6.28239,0.187794
403507814,3475.01,2.78128,2.68593,0.0589845,180.353,18.946,1.69075,1.6126,4.24258,0.023784,7914.83,43,False,-67969.1,7.78661,0.308452
15445551,747.01,1.68279,0.0572003,0.056031,180.247,14.969,1.19372,1.55639,4.12699,-0.177364,6366.26,38,False,-7360.71,12.2037,0.912887
419411415,5205.01,1.63075,0.233618,0.0220138,179.981,11.899,0.368472,0.396038,4.80844,0.249917,3343.9,31,False,-71999.8,6.83615,0.300698
219015370,1294.01,3.91526,0.965137,0.0543849,179.255,9.063,1.11023,1.43309,4.16976,0.193885,5812.67,85,False,-53531.6,9.98133,0.340937
97921547,6442.01,2.82796,1.58072,0.0447899,179.232,20.303,1.35397,1.50632,4.20091,-0.0847048,6707.0,44,False,,,
307210830,175.01,3.69068,2.08097,0.0248038,179.167,1.471,0.278947,0.300968,4.92173,-0.303249,3386.79,161,False,-147.552,21.2557,6.0954
46096489,818.01,3.1186,1.29991,0.0323159,179.004,12.422,0.996472,1.01903,4.41728,-0.0892511,5891.61,11,False,-122773.0,9.50893,0.225418
99493790,162.01,7.76468,7.63498,0.0568874,178.964,15.64,0.955024,0.940535,4.46509,0.0668649,5563.36,9,False,-10956.1,9.30657,0.755401
125739286,1934.01,4.51105,2.46804,0.0878923,178.593,17.591,1.39166,1.58133,4.17453,-0.0372273,6796.35,8,False,-11133.1,6.3313,0.760872
333607525,890.01,3.20229,2.57548,0.0605252,178.401,31.733,1.32515,1.48556,4.20172,-0.0791853,6600.0,13,False,-9453.72,6.65851,0.82322
9136777,6356.01,3.77991,3.14522,0.0679292,178.018,20.068,1.14288,1.2641,4.28072,-0.022895,6121.6,16,False,-257309.0,7.6112,0.156545
468832904,3780.01,1.40053,0.957463,0.0391836,178.01,15.37,1.01692,0.990355,4.45145,-0.0743209,5907.51,96,False,-68072.9,8.3129,0.303092
291517604,5148.01,5.0637,0.581754,0.120601,177.725,13.025,1.09321,1.74768,3.9764,0.0517205,5655.88,21,False,-128971.0,8.8929,0.219074
142381532,1823.01,38.8136,31.8207,0.109884,176.76,7.746,0.796504,0.770714,4.55935,0.212886,4830.46,6,False,-10335.7,8.33659,0.772087
267215820,5300.01,2.26221,0.0921118,0.0366661,176.663,11.045,0.658016,0.678996,4.59338,0.152035,4230.13,25,False,-46147.1,8.70407,0.364353
260130483,933.01,88.9344,19.6026,0.146634,176.442,11.493,1.0541,1.565,4.06019,-0.181524,5938.53,10,False,-468.238,7.32327,3.65002
411608801,1494.01,5.02679,0.878164,0.0466952,176.405,13.107,1.34206,1.43948,4.23392,0.032909,6551.23,19,False,-133522.0,9.87012,0.212379
7548817,2583.01,4.52073,3.69779,0.0812793,176.209,13.995,1.24357,1.37303,4.24347,0.0204695,6307.29,48,False,-507.275,9.71619,3.45179
157586003,1626.01,3.33262,1.27933,0.068362,176.129,14.979,1.24809,1.52079,4.16389,0.212227,6056.34,60,False,-13404.1,8.2177,0.675901
427332229,4523.01,2.7185,1.55852,0.0420702,175.663,13.278,1.09007,1.11214,4.38085,-0.05696,6104.7,13,False,-108146.0,9.8121,0.235015
348770361,161.01,2.76844,1.90032,0.09272,175.527,5.383,0.889205,0.87021,4.50897,0.0206936,5388.0,91,False,-633.698,5.08099,3.16049
55849732,6102.01,5.37083,1.31683,0.0537314,175.478,15.583,1.04721,1.11147,4.36184,0.024677,5878.0,73,False,-941538000.0,14.4516,0.00244543
58858008,6842.01,5.39176,1.40068,0.0781698,175.362,14.31,1.00465,1.01425,4.42455,0.026608,5752.18,12,False,-313936.0,10.5677,0.137057
376524552,1811.01,3.71305,3.5878,0.0317085,175.271,10.818,0.775185,0.750528,4.56984,0.155206,4769.96,11,False,-111787.0,8.4625,0.232491
286099128,3422.01,3.77887,2.56694,0.0572108,175.156,13.96,1.03283,0.994232,4.45565,0.0183909,5853.62,20,False,-91600.3,8.25148,0.256983
238542895,2553.01,8.38478,2.61406,0.0818672,174.921,12.112,1.07625,1.02641,4.44491,-0.0390432,6027.35,27,False,-121522.0,8.40168,0.222597
398725538,3033.01,3.9984,1.13038,0.0499223,173.816,27.71,0.833038,0.829459,4.51634,-0.421806,5693.26,13,False,-218416.0,5.28726,0.16804
14770122,5098.01,3.54387,0.125444,0.0775612,173.631,18.883,1.34255,1.69344,4.10388,-0.0157096,6495.92,31,False,-52108.2,7.55182,0.339041
70914192,427.01,0.609026,0.0820394,0.019332,173.629,7.262,0.952758,0.946134,4.45944,0.179941,5477.77,80,False,-3762.62,10.6313,1.23868
427508467,1012.01,0.88418,0.451443,0.0355938,173.455,6.509,1.49514,1.60803,4.19695,-0.111741,8928.0,80,False,-14902.7,6.19295,0.638533
280655495,3364.01,5.87688,0.285378,0.0882395,173.422,11.855,1.16873,1.2929,4.27125,0.248123,5938.07,29,False,-33131.0,8.23593,0.422915
29430403,6830.01,1.87782,0.360942,0.0239884,173.376,10.506,0.817949,0.799607,4.54597,0.0108553,5100.0,35,False,-2195.68,12.4792,1.60095
434171113,3927.01,4.49211,3.98896,0.0596178,173.319,14.552,0.976565,0.977014,4.44557,-0.160397,5900.13,31,False,-179929.0,8.50752,0.181058
76923707,181.01,4.53206,3.99363,0.0455019,173.215,7.106,0.795279,0.764801,4.56916,0.244053,4811.93,19,False,-13873.1,11.3838,0.640319
404467699,857.01,3.90799,1.5222,0.061949,172.759,15.093,1.28953,1.57405,4.13832,0.147599,6136.36,9,False,-18060.5,6.81202,0.575461
81077799,3492.01,9.22241,5.19342,0.0979357,172.328,15.581,1.59724,2.50694,3.83392,0.137102,6329.26,14,False,-1541.45,7.3703,1.95935
188570092,294.01,7.32792,4.64637,0.0573401,172.234,8.745,0.733575,0.723927,4.57106,0.143862,4594.1,13,False,-96282.7,9.71305,0.244073
369960846,1077.01,1.60626,0.179518,0.0355778,172.158,12.008,0.875078,0.860194,4.50226,0.219966,5159.59,118,False,-71075.8,8.60701,0.285877
233823679,4478.01,2.75864,2.16714,0.0609092,172.096,7.858,1.03125,1.08077,4.3769,0.298392,5641.01,81,False,-4987.6,7.70503,1.08498
198610218,4432.01,3.04134,2.08309,0.0217049,171.918,12.754,0.699219,0.768257,4.50618,0.13475,4593.34,63,False,-574926.0,13.4106,0.0974142
100389539,4791.01,4.2809,1.60319,0.0605912,171.889,12.793,1.11421,1.37044,4.20658,0.0690176,5947.09,22,False,-40208.5,7.79454,0.381354
381856447,2206.01,1.76904,1.48,0.0155203,171.635,7.453,0.6947,0.690351,4.59607,-0.154432,4634.11,44,False,-57885.4,7.19382,0.318504
186812530,503.01,3.67735,0.41036,0.0280065,171.436,11.015,1.6471,1.63067,4.22944,0.0759126,7716.96,39,False,-200359.0,9.56261,0.16852
97735908,4612.01,4.11378,1.24543,0.0983989,421.913,14.078,1.34239,1.84102,4.02609,-0.00523126,6256.19,24,False,-600244.0,7.0599,0.249522
264301607,5278.01,0.435432,0.312559,0.0139769,419.144,13.397,0.3587,0.378369,4.83507,-0.0527164,3390.0,970,False,-25468.6,17.0633,1.17412
230088370,1176.01,14.0078,12.0022,0.113704,415.378,12.502,1.3963,1.51373,4.21833,0.00435646,6848.78,74,False,-659080.0,8.69787,0.233433
420114036,4162.01,4.37442,0.230852,0.106064,414.943,18.119,1.38905,1.84703,4.03072,0.0299621,6293.13,205,False,-2293.28,6.07755,3.98068
198108326,1844.01,3.21304,2.09279,0.0419829,411.276,10.9,0.675762,0.68506,4.59106,-0.162965,4531.81,29,False,-217510.0,10.1707,0.400774
76989773,182.01,1.76916,0.958799,0.0299217,406.853,9.269,0.854855,0.947482,4.40864,-0.302228,5716.16,50,False,-20257900.0,9.74915,0.0411135
278866211,189.01,2.19406,2.05478,0.0282299,406.565,8.154,1.0527,1.04439,4.41993,-0.210226,6159.26,351,False,-30791.8,14.0937,1.04229
428787891,2154.01,3.82407,3.61715,0.0382498,405.654,15.15,1.16955,1.35254,4.23404,-0.0239794,6179.09,65,False,-186694.0,8.51384,0.428312
67666096,1766.01,2.70338,2.39647,0.0573363,404.755,16.591,1.34282,1.55789,4.16452,0.0106397,6446.37,17,False,-113013.0,7.8514,0.55018
290777444,6549.01,6.10789,1.21269,0.0912148,404.194,13.04,0.980396,0.974462,4.44917,0.0264786,5681.0,83,False,-2198700.0,11.1896,0.123507
166836920,267.01,5.75258,2.01626,0.104433,404.159,12.621,1.29819,1.63729,4.11707,0.155629,6149.39,24,False,-42282.8,11.125,0.89072
183537452,192.01,3.92271,2.29068,0.0486259,403.184,8.683,0.776472,0.765836,4.55216,0.159257,4803.09,21,False,-183699.0,7.82872,0.429848
255930614,2024.01,2.87589,1.75048,0.0634935,400.896,8.042,1.2404,1.40509,4.22277,0.165915,6133.68,40,False,-563055.0,8.34433,0.243781
130415266,588.01,39.4716,13.4974,0.124503,400.746,16.328,1.49514,1.60803,4.19695,-0.111741,10416.0,5,False,-7157290.0,10.451,0.0679823
229671380,4458.01,3.93937,0.10605,0.111598,400.341,13.356,1.44317,1.9557,4.00464,0.180326,6275.99,226,False,-33124.8,10.3074,0.99867
394561119,1107.01,4.07822,2.69148,0.094812,399.806,14.421,1.34559,1.73858,4.07611,-0.104249,6508.32,49,False,-75232.8,7.29075,0.666867
470171739,4153.01,4.61741,4.48567,0.0839616,398.814,15.548,1.44776,1.49542,4.24451,-0.0917029,7209.23,64,False,-120362.0,7.90678,0.525063
76419763,2135.01,2.78847,2.57966,0.053617,396.586,13.851,1.09257,1.08339,4.40143,0.0876844,5942.9,58,False,-392089.0,7.68809,0.289416
170634116,413.01,3.66239,1.97746,0.0688466,390.465,18.835,1.28734,1.59172,4.13201,-0.22199,6624.39,26,False,-627926.0,8.28683,0.224745
280206394,677.01,11.2366,3.58509,0.04582,389.048,13.906,1.15011,1.24756,4.29893,-0.0708275,6236.83,17,False,-272959.0,8.22469,0.339668
260537454,2617.01,6.31874,4.89775,0.0628382,389.005,15.969,0.852916,0.884789,4.47044,-0.093573,5439.2,66,False,-478018.0,10.1771,0.255328
190496853,615.01,4.66159,0.373686,0.07879,387.903,17.356,1.64589,1.53575,4.2805,-0.125497,8276.47,26,False,-205928.0,7.83995,0.390282
233120979,1251.01,5.96305,2.46911,0.0568876,387.216,8.765,0.859792,0.840598,4.52499,0.0171857,5273.0,135,False,-23050.1,26.3075,1.10781
191284318,1458.01,2.77596,2.1282,0.0567723,384.934,14.132,1.13557,1.17731,4.34614,0.0452188,6089.94,25,False,-1585200.0,9.33934,0.139013
455135327,490.01,2.8106,0.27309,0.0346051,383.734,15.099,1.19332,1.29114,4.282,-0.0120369,6263.42,33,False,-129224.0,6.93935,0.488446
272758199,1845.01,3.66098,1.60671,0.0459376,382.471,13.178,0.936086,0.896819,4.49949,0.155595,5405.31,165,False,-12295.6,3.84137,1.59135
349410350,2624.01,3.02354,0.867988,0.0413558,381.903,13.095,0.778144,0.753969,4.57233,-0.18007,5138.39,132,False,-6560570.0,13.6265,0.0670009
237104103,1298.01,4.53714,1.19553,0.0785046,379.618,9.303,1.19065,1.33985,4.24646,0.296543,5933.1,203,False,-4054.88,4.45012,2.74631
77031414,241.01,1.38665,1.07119,0.0428568,376.397,13.235,1.05205,1.04084,4.42081,0.16012,5778.49,64,False,-78002.7,8.35213,0.61409
398943781,780.01,3.0524,1.44552,0.0479476,375.847,13.783,0.895865,0.879652,4.50238,0.0742958,5387.88,20,False,-173572.0,8.01615,0.411424
290131778,123.01,3.30887,0.065953,0.109246,375.199,17.773,1.5964,2.67926,3.77769,-0.00650959,6332.41,39,False,-408928.0,10.2934,0.265911
404340025,834.01,2.67555,2.32539,0.0595702,372.2,15.179,1.19561,1.19874,4.35524,0.000260464,6326.14,34,False,-272180.0,7.06726,0.326139
142105158,2200.01,2.93603,2.55552,0.0427463,371.505,7.01,0.838203,0.799679,4.55712,0.18612,5033.39,313,False,-142824.0,11.6209,0.443756
360742636,1076.01,2.54956,0.234008,0.0479477,369.869,13.054,1.05507,1.01023,4.44566,0.255596,5678.46,38,False,-333306.0,8.38055,0.291778
230375747,1870.01,2.76339,0.583007,0.0662662,369.001,17.971,1.34262,1.50179,4.19803,-0.00992412,6594.83,266,False,,,
270507305,827.01,1.22827,0.659877,0.0291874,367.587,10.365,0.969833,1.17793,4.27104,-0.455304,6153.05,448,False,-10750.6,10.9484,1.60304
31858843,1069.01,2.97764,1.27897,0.0564204,367.251,13.553,1.06661,1.1464,4.34482,0.203093,5759.75,38,False,-2033790.0,13.5783,0.115565
232612416,1248.01,4.36015,3.76208,0.0425452,363.54,6.879,0.894593,0.848305,4.52523,0.232047,5175.38,198,False,-7692.93,4.57981,1.90745
261680542,6808.01,3.04492,1.0028,0.05729,363.486,19.857,1.10335,1.20361,4.3103,-0.00329108,6026.0,61,False,-120412.0,7.42056,0.478165
151681127,671.01,10.197,8.59015,0.0847775,362.491,22.806,1.94534,1.73549,4.24464,0.246045,8473.66,5,False,-374374.0,7.3907,0.270444
302773669,1573.01,21.2164,18.4052,0.0595811,362.417,13.352,1.19385,1.44542,4.19051,0.117783,6075.05,9,False,-243282.0,7.41907,0.335391
204376737,231.01,3.361,3.26877,0.0459436,361.181,13.595,0.853612,0.817148,4.54491,-0.0219925,5283.42,20,False,-105964.0,8.23833,0.505253
236387002,2119.01,7.20086,2.87181,0.0311171,361.064,11.852,0.457889,0.470834,4.75004,-0.25678,3648.25,13,False,-72134.3,16.4406,0.597944
177162886,899.01,12.8462,1.13903,0.0544846,360.643,10.916,1.05914,1.04689,4.42083,0.130804,5833.41,65,False,-2680.69,5.48867,3.19793
309792357,199.01,104.873,35.7034,0.115671,358.645,9.633,0.87664,0.847584,4.52544,0.242128,5164.71,10,False,-189656.0,11.0211,0.37197
235902467,4103.01,12.274,6.82921,0.0640049,357.825,12.632,1.03374,1.00122,4.44328,0.265983,5619.18,32,False,-636364.0,11.7591,0.202155
176899385,1373.01,3.85298,1.51162,0.0630898,357.078,14.636,1.39477,1.47228,4.23626,-0.286633,7325.14,23,False,-196615.0,8.05272,0.3668
261867566,905.01,3.73956,3.38777,0.0317634,354.865,12.503,0.953993,0.930416,4.47491,0.220558,5433.78,37,False,-29242.0,10.5742,0.938256
199376584,1456.01,18.7123,8.87776,0.118807,351.803,9.663,1.19447,1.22963,4.33034,-0.0289861,6343.49,8,False,-844183.0,8.96436,0.17388
201248411,129.01,0.980972,0.79599,0.0104354,349.543,6.841,0.719667,0.71697,4.57748,0.171925,4553.54,170,False,-13907400.0,10.1755,0.0424057
166671025,6852.01,16.7382,15.0974,0.0640289,171.414,10.125,0.698511,0.696587,4.59453,-0.004095,4551.0,12,False,-48486.8,9.9017,0.34181
377297285,5223.01,4.0657,3.8653,0.0767949,170.987,19.036,1.17524,1.52156,4.13747,-0.341113,6509.24,54,False,-10153.3,9.67216,0.746115
950525831,3889.01,2.52285,1.99582,0.0416494,170.967,12.74,0.857089,0.83342,4.52908,0.0644402,5232.52,14,False,-12078.4,9.28451,0.685622
468987719,491.01,3.33268,1.90734,0.0591068,170.449,13.517,1.01452,1.0157,4.42857,0.155919,5704.34,55,False,-3826700.0,8.49754,0.0385789
52640302,473.01,1.57329,1.30522,0.0431958,170.415,14.024,1.05437,1.01647,4.44094,0.120019,5794.85,72,False,-30025.7,7.9904,0.436821
402319411,317.01,3.32629,0.950313,0.0549223,170.289,15.545,0.896618,0.906434,4.47152,0.0736868,5401.15,41,False,-50522.9,11.7881,0.328608
115771549,1409.01,4.71829,1.38584,0.0800363,169.808,36.769,1.94439,5.71241,3.22031,-0.440829,6302.23,15,False,-57887.9,7.05002,0.315237
388076422,6034.01,2.57618,1.96444,0.0223403,169.794,16.685,0.558276,0.588183,4.64513,-0.0121106,3628.0,85,False,-4658570.0,13.5674,0.0337292
405452527,2349.01,11.5738,10.021,0.122656,169.791,20.894,1.17683,1.44541,4.18141,0.175996,5948.9,7,False,-44199.1,7.39556,0.359964
398572544,4518.01,3.40883,1.48294,0.0604472,169.763,13.893,1.04988,1.06052,4.40372,-0.210956,6150.23,17,False,-44139.4,8.53092,0.357627
289535142,572.01,2.33826,0.837897,0.0541154,169.506,15.191,1.17263,1.18463,4.3551,-0.328306,6633.55,38,False,-22794.9,7.32766,0.500586
53365065,4262.01,5.99776,2.68346,0.0861748,169.502,11.686,1.24573,1.26487,4.33149,0.0315884,6470.01,24,False,-114156.0,8.51354,0.222039
408310006,576.01,5.44353,1.12961,0.0709435,169.456,7.095,1.15574,1.20866,4.32987,0.102665,6084.92,17,False,-301026.0,11.6663,0.134016
317483660,2346.01,3.33119,2.90056,0.0699992,169.078,15.055,1.2451,1.30426,4.30622,-0.105366,6643.76,20,False,-18576.9,6.84938,0.554691
14614418,750.01,0.837843,0.580892,0.0347988,168.708,14.731,0.99185,0.958687,4.46807,0.0750614,5669.0,107,False,-23930.7,6.79516,0.487761
201660996,3283.01,3.50222,1.36263,0.0532632,168.694,15.106,1.0891,1.16492,4.33338,-0.0656696,6080.99,26,False,-15225.3,9.3389,0.601867
120610833,229.01,3.12608,0.648935,0.0256013,168.445,10.314,0.913633,0.884167,4.5028,0.316712,5240.62,27,False,-1215960.0,8.09991,0.06776
436314778,3569.01,4.59566,3.50547,0.0662631,168.167,15.311,1.15787,1.28699,4.26993,-0.0299576,6157.0,16,False,-23342.2,6.65767,0.492642
119925436,2636.01,3.10549,2.04536,0.0910667,168.059,17.853,1.88537,2.154,4.03457,0.0120037,8032.35,39,False,-2445.66,6.62832,1.52188
14661418,751.01,4.72281,3.37829,0.0384947,167.935,12.264,0.757268,0.744336,4.57403,-0.0634903,4922.1,19,False,-67793.5,7.03967,0.287963
288636599,1890.01,19.9677,2.62691,0.121226,167.576,9.874,1.11397,1.1766,4.33537,-0.14501,6227.94,38,False,-609.713,4.02006,3.09199
352442207,6122.01,4.6107,1.57202,0.113429,166.554,12.18,1.25685,1.41903,4.21736,-0.0633497,6391.0,58,False,-15788.0,7.82412,0.588724
71459120,5849.01,3.99673,3.22772,0.0343456,165.912,13.776,1.01102,1.02879,4.41517,0.0263192,5771.0,15,False,-29328.4,7.45236,0.431195
380907135,4536.01,4.04604,2.41523,0.0957518,165.293,16.394,1.39533,1.77006,4.07876,0.0830575,6422.63,14,False,-20179.9,8.87047,0.513154
436166416,4497.01,3.6002,1.41598,0.0567705,165.104,15.799,1.59151,1.65302,4.1974,0.0101218,7553.71,36,False,-18826.8,8.01701,0.533534
257241363,1718.01,5.58704,5.50993,0.0585907,164.807,4.111,0.914635,0.901455,4.48851,0.15977,5380.49,31,False,-247735.0,8.41323,0.146422
53735810,661.01,4.08605,3.87094,0.0855676,164.607,14.364,1.396,1.58825,4.1746,0.0016845,6786.82,23,False,-30295.4,6.37298,0.423653
701926762,3741.01,2.04487,0.117119,0.0501139,164.065,15.576,0.81495,0.796767,4.54732,0.0102872,5086.8,22,False,-47410.8,6.60797,0.336988
34781378,5354.01,4.79491,1.32782,0.0796122,163.941,11.781,1.007,1.19244,4.27928,-0.351876,6163.5,37,False,-21928.0,8.55641,0.489006
36592530,4525.01,2.4842,1.72554,0.0305143,163.603,13.399,1.15549,1.23529,4.31215,0.0807951,6121.32,23,False,-71747.2,9.01209,0.268948
237922465,2416.01,8.2755,5.34628,0.0781236,163.59,11.149,1.13691,1.22512,4.30941,0.253883,5906.62,40,False,-34320.7,14.3216,0.375479
356473034,1720.01,2.61586,0.704266,0.0491805,163.428,11.393,0.954136,0.941372,4.46542,0.329306,5381.77,25,False,-167138.0,9.16004,0.175841
375223080,1095.01,1.48214,1.0466,0.0400395,163.274,13.859,1.74299,2.65137,3.8306,-0.0919809,7202.61,186,False,-986.179,4.08088,2.36491
417047499,3523.01,2.30453,1.61931,0.0690968,163.229,14.521,1.44243,1.33139,4.34089,-0.39796,7950.45,35,False,-60950.3,6.99857,0.294894
375654303,4034.01,1.80209,0.0850222,0.0593256,163.003,16.261,1.24686,1.65985,4.08571,0.00461006,6148.14,79,False,-11682.3,8.63855,0.665598
243200602,826.01,11.5509,8.14572,0.0691074,163.003,11.137,1.03458,1.00813,4.43781,0.189862,5681.64,6,False,-55546.4,8.22029,0.306044
295093397,2901.01,4.60868,1.51204,0.0824012,162.876,21.251,1.64753,1.56793,4.26274,0.0419479,7824.09,23,False,-22967.9,9.25516,0.472383
150299840,4505.01,19.4724,2.96972,0.139606,162.77,14.967,1.49906,1.75567,4.12187,-0.0540606,7189.27,51,False,-5447.73,11.9371,0.952509
440324561,3361.01,10.5634,3.90152,0.0216922,162.147,11.779,0.776642,0.827491,4.48301,0.092789,4957.99,15,False,-1250860.0,7.3574,0.0644935
200606159,5964.01,3.98163,0.552818,0.0675296,162.055,15.381,1.01102,1.02879,4.41517,0.0263192,5771.0,35,False,-1524090.0,11.1193,0.0569724
178217113,5086.01,2.99563,1.51089,0.0414703,161.948,12.445,1.24341,1.30684,4.28663,-0.00176019,6370.69,37,False,-12158.6,6.75808,0.655915
270468559,571.01,4.64184,1.41617,0.0730471,161.918,12.339,1.11146,1.33132,4.22961,0.0230653,6026.39,40,False,-28696.5,8.11208,0.423115
302798365,2946.01,4.91863,0.79464,0.0339052,161.87,10.823,0.695819,0.69182,4.58992,0.133448,4386.16,33,False,-23874.1,8.68313,0.462021
319568619,3277.01,1.52659,0.399502,0.0328234,161.111,12.685,0.73471,0.731864,4.56552,-0.193442,4917.33,27,False,-77698.4,9.1948,0.253971
36381058,2995.01,1.65662,0.987512,0.0576269,161.044,17.244,1.29368,1.34022,4.28851,-0.0747844,6649.52,63,False,-23627200.0,8.80254,0.014595
317252733,3735.01,3.35255,3.0303,0.074447,161.031,14.019,1.24699,1.19773,4.36723,-0.269501,6767.7,18,False,-20779.0,7.56746,0.496135
106940971,4425.01,5.41245,5.30684,0.0891782,161.016,11.522,1.28991,1.40865,4.23922,0.00300752,6471.29,14,False,-4358460.0,8.62346,0.0340153
139528693,449.01,2.17518,2.11442,0.0909328,160.861,18.095,1.33441,1.8782,3.99886,-0.0924121,6272.53,32,False,-8371.4,6.78365,0.78485
438073782,5091.01,3.64136,0.675852,0.0728613,160.85,15.163,1.3378,1.38167,4.27507,-0.116462,6836.71,36,False,-66038.8,8.44805,0.276362
321668398,1862.01,5.64423,1.36791,0.0554637,160.211,11.53,1.34834,1.57963,4.16504,0.127195,6444.66,99,False,-6935.99,3.19854,0.878699
236312126,2021.01,3.94149,0.719273,0.0541613,345.62,13.773,0.955581,0.921669,4.48883,0.0677642,5573.65,10,False,-149019.0,9.08882,0.406243
39903405,2020.01,5.63347,0.432652,0.0827601,344.699,12.755,1.33659,1.62716,4.1294,-0.0194054,6481.47,25,False,-48474.0,6.49506,0.715839
57984377,6014.01,2.51993,1.21497,0.0703525,343.876,15.998,1.14051,1.26048,4.28243,-0.0217778,6116.0,25,False,-120862.0,8.67663,0.449306
184240683,250.01,1.62843,1.38399,0.0443066,343.448,13.293,1.05223,1.05722,4.40667,0.175308,5778.09,54,False,-126791.0,8.70633,0.438075
8400842,1676.01,3.19153,2.97228,0.0529937,342.904,14.826,1.19096,1.50099,4.15174,-0.377081,6601.97,24,False,-72260.7,7.35198,0.581695
14091633,447.01,5.52923,2.93462,0.0349735,340.994,17.784,1.19514,1.24198,4.32626,-0.0598891,6403.65,14,False,-6767.76,9.62976,1.87735
468178519,6660.01,2.98519,0.953897,0.0716254,339.361,16.273,1.14051,1.26048,4.28243,-0.0217778,6116.0,62,False,-104244.0,8.49625,0.47754
425206121,508.01,4.61173,2.26428,0.0785679,338.856,18.585,1.38706,1.70304,4.11158,-0.360282,7248.88,15,False,-77507.2,6.4153,0.556454
183532609,191.01,8.15874,4.79486,0.0768584,336.717,12.125,0.998158,0.969171,4.462,0.210974,5587.16,9,False,-884724.0,8.92089,0.162397
229750058,1825.01,10.1824,9.76404,0.05036,333.274,10.59,0.971947,0.958065,4.45801,0.193314,5523.81,94,False,,,
129979528,1599.01,1.21986,0.753058,0.0624563,332.358,17.885,1.44573,1.52334,4.23183,-0.140615,7415.88,55,False,-30142.0,8.37123,0.86964
150167117,919.01,20.0273,9.53856,0.0363047,331.286,19.984,1.07079,1.26633,4.24872,-0.0740672,6008.2,27,False,-378.725,10.0186,7.71334
279947414,4145.01,4.06644,0.989536,0.0324223,330.763,12.686,0.874753,0.843453,4.52602,0.178353,5188.18,55,False,-298084.0,7.4022,0.275993
343952976,4283.01,3.01309,1.94222,0.040519,330.584,16.652,1.29296,1.33621,4.29502,-0.266596,6952.14,46,False,-250590.0,8.56941,0.29976
239154970,1714.01,3.47447,0.000891178,0.0826129,328.029,18.331,1.34571,1.5721,4.16129,-0.212983,6857.29,39,False,-306244.0,16.5641,0.262274
437242640,744.01,4.31768,2.20511,0.0313323,327.895,11.874,1.01779,1.02163,4.42328,0.143183,5714.5,21,False,-256464.0,7.07637,0.295207
71612483,1834.01,1.21644,0.298779,0.0291824,327.54,11.731,0.929894,0.954359,4.43871,-0.0173289,5593.55,50,False,-30981.2,12.4828,0.834139
306648160,3321.01,3.6525,1.17712,0.080771,325.688,14.59,1.05387,1.39061,4.16461,-0.184278,6035.26,26,False,-43553.3,7.98516,0.709419
138294130,2012.01,3.05652,0.113902,0.0817719,325.195,14.534,1.2928,1.51329,4.16954,0.205678,6089.12,23,False,-79487.6,10.201,0.520641
459969957,1274.01,19.3203,9.68239,0.0782826,324.159,9.135,0.778295,0.754316,4.57332,0.268829,4744.03,43,False,,,
147950620,1194.01,2.31064,1.56829,0.0272169,322.943,8.272,0.94937,0.924329,4.47644,0.26039,5381.19,87,False,-185727.0,9.2219,0.339225
38467100,2310.01,2.94321,1.71806,0.0497471,322.897,10.002,0.858181,0.838975,4.52586,0.0169935,5266.7,126,False,-1702.18,8.35194,3.55514
431701493,5970.01,3.09273,0.534233,0.0386218,322.772,13.651,0.732449,0.722821,4.58229,-0.00215519,4713.98,16,False,-250735.0,8.04146,0.292895
147456499,2659.01,1.25588,0.702876,0.0350282,322.412,13.254,0.839432,0.826417,4.52523,0.241051,5034.3,63,False,-177774.0,9.00748,0.34638
169226822,675.01,4.17806,3.7276,0.0807754,320.442,14.588,1.05251,1.2569,4.25144,-0.060753,5929.69,30,False,-37241.0,17.3387,0.731939
335630746,778.01,4.6336,2.7879,0.0706392,319.719,14.582,1.34719,1.60928,4.15067,-0.303246,7090.25,15,False,-17126.0,7.54664,1.11168
198588220,2014.01,4.81009,2.27858,0.134255,319.181,23.465,1.59558,2.59378,3.80415,-0.00439791,6390.66,38,False,-11104.6,6.62648,1.38231
422655579,388.01,2.90368,2.22483,0.098264,318.896,14.872,1.39827,2.06975,3.94303,0.117666,6113.35,44,False,-227734.0,14.1682,0.297563
65412605,626.01,4.40103,1.66255,0.0949094,317.883,18.427,2.19265,2.16127,4.09725,0.378842,8568.5,31,False,-1590.98,3.42648,3.67641
154872375,1135.01,8.02772,0.795264,0.0865176,317.45,9.047,1.09559,1.13283,4.36625,-0.0169862,6076.72,35,False,-139784.0,8.14892,0.38551
178284730,418.01,2.23598,1.78173,0.022369,316.79,12.455,0.876718,0.837732,4.53527,0.152866,5212.41,29,False,-397553.0,6.92323,0.229011
39858507,3460.01,4.62882,0.808131,0.114037,316.701,16.714,1.49524,2.18618,3.92569,0.03156,6419.14,26,False,-233535.0,9.54838,0.296182
380589029,1084.01,1.34849,0.0442161,0.0437979,316.502,17.176,1.15308,1.17894,4.35326,-0.0702691,6277.91,74,False,-146329.0,8.97966,0.374622
47911178,471.01,3.5857,2.01953,0.0465821,316.36,15.759,1.24822,1.31055,4.30271,0.110856,6381.17,13,False,-45534.0,6.38614,0.676938
394698182,170.01,3.71151,0.172201,0.0520478,314.717,13.307,1.15338,1.14698,4.37394,0.131317,6045.36,73,False,-330335.0,9.6287,0.247359
296780789,573.01,13.5773,6.71319,0.0233447,313.588,22.953,0.477489,0.500406,4.71365,0.292332,3535.59,5,False,-236559.0,8.37869,0.292421
356590734,1951.01,4.82939,4.56789,0.0439889,313.493,19.821,1.38963,1.88041,4.02021,0.00556022,6370.57,25,False,-15835.9,13.5161,1.11092
131081852,758.01,13.2735,4.38956,0.117369,311.465,19.861,1.12187,1.23203,4.29584,-0.0129994,6072.0,6,False,-71707.2,10.1154,0.524416
311035838,1419.01,2.89974,0.796338,0.037167,311.036,10.22,0.877,0.836536,4.53241,0.309739,5086.94,24,False,-99202.5,8.09321,0.448212
373693175,1810.01,1.32735,0.440487,0.0407443,311.015,14.003,1.01475,0.991644,4.45111,0.260694,5612.64,44,False,-365366.0,7.58417,0.233924
440777904,511.01,3.35524,3.18723,0.0700322,311.015,14.702,1.19316,1.3066,4.2833,-0.146207,6523.91,53,False,-191707000.0,14.2587,0.00998752
38680052,2208.01,0.674345,0.154349,0.0127038,310.966,11.495,0.279135,0.311242,4.89805,0.0394629,3277.45,864,False,-1171.89,18.6309,3.98323
269217040,6686.01,4.16626,2.26471,0.0688404,309.628,15.852,1.04891,1.11533,4.35935,0.0246002,5883.0,11,False,-38989.2,9.29421,0.708804
211438925,194.01,4.89965,2.43933,0.0587304,309.422,13.228,1.0701,1.15237,4.33795,0.0156213,5940.0,14,False,-3974.05,7.13897,2.23518
149918151,3846.01,1.54077,0.449228,0.0331463,309.409,11.983,0.67691,0.697655,4.5765,0.218842,4318.53,81,False,-151609.0,9.50866,0.358919
260761464,3589.01,3.08274,1.39919,0.0738599,308.942,19.036,1.64414,1.501,4.29746,-0.0617458,8087.9,37,False,-589035.0,9.69302,0.181694
300604770,2626.01,3.45628,3.32256,0.0420521,308.375,10.748,0.736408,0.704065,4.60144,0.303342,4457.21,108,False,-26587.8,12.652,0.845172
268766053,272.01,3.30985,0.285024,0.0386989,307.796,12.023,0.838043,0.810507,4.5402,0.242933,4993.83,25,False,-2841520.0,10.4713,0.0821927
441739020,1670.01,40.7503,26.7397,0.0950387,307.16,10.694,1.19173,1.27442,4.29528,-0.0210507,6287.85,21,False,-63447.6,9.42423,0.550822
1551345500,1764.01,47.3861,18.1674,0.0271136,159.852,10.532,0.638018,0.646991,4.61651,-0.0991473,4174.79,21,False,-10727.6,11.8591,0.66592
165682741,6121.01,4.29165,1.34158,0.0611449,159.807,16.802,1.35882,1.50981,4.20077,-0.0856333,6725.0,27,False,-12846.8,7.94491,0.62442
307956397,1832.01,4.15086,0.516172,0.0440422,159.805,7.399,0.7347,0.725757,4.57104,0.0297998,4678.24,164,False,-709.631,9.54783,2.63243
156512187,7018.01,20.3157,15.8617,0.0980115,159.751,21.296,0.995456,0.993247,4.43809,0.0270251,5725.0,7,False,-111094.0,8.32142,0.211714
116156517,338.01,5.36774,3.23743,0.0853681,159.591,15.129,1.3951,1.69192,4.11583,0.031504,6589.64,16,False,-20129.4,8.08252,0.497656
190998418,1463.01,2.87929,0.197992,0.0523163,159.359,12.256,1.05783,1.04849,4.41773,0.193972,5774.06,22,False,-94014.1,8.45882,0.229339
194795551,3331.01,2.01802,0.456762,0.036611,159.006,14.509,0.936792,0.925896,4.47585,0.0317086,5567.51,43,False,-48579.2,19.1963,0.295599
145368316,7472.01,1.60957,0.360351,0.0411943,158.935,20.991,1.29068,1.46072,4.20268,-0.0725826,6472.0,12,False,-36398.2,6.60244,0.37209
207491214,5659.01,6.22307,5.07218,0.0879894,158.909,14.985,1.13536,1.20874,4.3215,-0.192307,6358.57,47,False,-42894.8,10.6041,0.333692
445903569,1994.01,4.0337,3.69722,0.0755875,158.848,12.966,1.84264,2.05799,4.06809,0.0135797,8033.58,42,False,-9011.27,8.1597,0.739825
272672133,1765.01,3.49396,0.457838,0.0427241,158.406,5.556,0.874544,0.858339,4.51223,0.198262,5202.78,153,False,-468576.0,8.94623,0.101745
199610140,4115.01,2.98558,0.611601,0.0209645,157.87,8.451,0.772886,0.746336,4.57359,0.245615,4702.04,190,False,-634.132,11.112,2.72032
13684720,1433.01,12.438,11.6493,0.023448,157.816,18.121,0.447756,0.465141,4.74674,0.142323,3491.14,13,False,-18460.6,11.5103,0.501822
119290630,2724.01,1.48745,0.0972517,0.0349468,157.544,17.362,0.814033,0.796512,4.54295,-0.0602238,5173.71,14,False,-37843.7,6.25535,0.362413
355637190,293.01,0.805434,0.0733631,0.0238604,156.65,7.883,1.11186,1.33481,4.22482,-0.0643072,6067.27,213,False,-946.079,7.64445,2.26009
283303192,2741.01,2.98841,0.814085,0.0675127,156.38,16.462,1.24739,1.36871,4.2614,0.0389067,6423.21,21,False,-29608.9,6.76492,0.405194
322307342,117.01,3.58622,3.1333,0.0678092,155.959,12.893,1.29363,1.6323,4.10942,0.0151288,6216.27,49,False,-59531.5,8.72197,0.281211
286153328,4247.01,4.35395,1.7739,0.0578228,155.092,20.96,0.973957,0.972318,4.44779,-0.820711,6545.4,24,False,-36545.7,7.63374,0.359456
258389327,2271.01,26.5457,8.47739,0.0390072,155.072,15.708,1.16761,1.30186,4.26291,-0.0345463,6180.0,41,False,-4514.51,2.83275,1.05614
161003569,3909.01,3.51152,1.76297,0.0681708,154.998,12.005,1.05629,1.18585,4.30522,0.296004,5687.16,42,False,-28041.8,9.66891,0.404436
270380593,465.01,3.83616,3.21857,0.0460957,154.912,6.162,0.835059,0.798834,4.54714,0.253015,4944.16,34,False,-24541.7,7.6084,0.438192
102264230,4539.01,4.15914,1.652,0.0669265,154.678,12.57,1.02916,1.06954,4.38188,0.285153,5629.25,10,False,-49977.6,7.94536,0.305865
432078760,3765.01,3.14786,1.4755,0.0617564,154.664,16.94,1.58687,1.50449,4.27306,-0.0616911,7672.73,22,False,-15661.6,8.46134,0.544445
193754373,4487.01,3.95407,2.64974,0.0811582,154.444,14.104,1.29116,1.55629,4.15758,-0.012212,6424.02,46,False,-1115.09,6.54566,2.06597
1449640,446.01,3.5018,2.23176,0.0707305,154.439,21.549,1.34688,1.58793,4.1575,0.0765032,6463.7,12,False,-16946.3,6.15153,0.53086
281459670,110.01,3.17435,2.73115,0.0490189,154.254,13.967,1.07283,1.05542,4.41654,0.0462186,5926.33,50,False,-95577.3,11.2776,0.215512
125552076,3856.01,2.04359,1.19517,0.0290334,154.253,12.939,1.03254,1.03289,4.41483,0.273412,5630.33,22,False,-59827.9,7.67173,0.279264
355800238,2606.01,1.45091,0.164567,0.02106,153.704,11.227,1.17137,1.22554,4.32347,-0.241527,6520.39,158,False,-7104.21,10.8639,0.789861
444558604,4079.01,1.98723,0.185424,0.0469417,153.594,16.369,1.13399,1.09506,4.41388,-0.0783396,6255.84,31,False,-69135.5,8.52749,0.257101
239134248,3812.01,3.88499,2.1236,0.0530798,153.56,12.672,0.892465,0.875623,4.49817,0.149899,5281.99,27,False,-27181100.0,8.34409,0.0129795
156172268,2834.01,4.6391,3.49882,0.0601996,153.451,13.599,1.09386,1.10041,4.38867,0.0262296,6011.34,15,False,-49851.4,7.77,0.304057
342167886,2891.01,17.3077,9.50437,0.093685,153.029,24.218,1.63565,2.18826,3.95848,-0.300488,7601.05,15,False,-11879.8,9.67705,0.612952
108940329,4768.01,7.26436,6.18164,0.0580935,153.027,14.998,1.34365,1.5407,4.18648,0.0838872,6522.88,15,False,-13054.2,7.26747,0.594547
380836882,2526.01,8.01136,5.75146,0.0962376,152.735,11.394,1.11133,1.19784,4.31809,0.0335704,6031.85,11,False,-62947.5,9.06094,0.266856
231081369,153.01,7.63164,6.61045,0.0349014,152.714,11.963,1.23457,1.39132,4.22722,-0.0572289,6338.3,66,False,-435.152,5.17049,3.30371
88385463,3822.01,3.12349,2.93866,0.0497379,152.395,12.373,0.976062,0.939742,4.4786,0.187183,5523.74,25,False,-218661.0,8.08865,0.143807
176220787,2380.01,5.21535,4.27513,0.108833,152.117,15.165,1.3454,1.99917,3.958,-0.160604,6384.64,15,False,-8569.26,10.2794,0.71411
143257768,5679.01,1.66223,0.875404,0.0668275,152.004,18.923,1.19028,1.59142,4.10562,-0.101134,6203.25,26,False,-120319.0,6.67985,0.195233
366115856,3939.01,2.34664,1.35887,0.0356011,151.894,11.471,0.735021,0.7081,4.59489,0.272216,4476.4,51,False,-20086.9,8.29861,0.472164
255909950,3478.01,1.82856,0.88072,0.0562109,151.854,20.909,1.23586,1.4604,4.18252,0.00602563,6226.63,23,False,-48438.3,7.6236,0.305389
44631965,1461.01,3.5686,2.6232,0.0403527,151.81,18.544,1.19189,1.22175,4.33285,0.0694788,6214.06,10,False,-14158.4,7.75368,0.564216
166833457,404.01,2.96264,2.2513,0.0309408,151.506,13.527,0.796512,0.754435,4.58511,-0.264419,5317.82,15,False,-145059.0,6.92422,0.176898
233795794,3613.01,3.14937,0.171516,0.0528745,151.472,14.339,0.836898,0.93388,4.40999,-0.32556,5669.32,59,False,-26250.2,11.3246,0.403107
257207557,6184.01,3.61525,0.861952,0.0502415,150.984,11.354,0.923889,0.906622,4.48886,0.0242202,5516.0,15,False,-59156.7,7.39446,0.275112
84339983,4624.01,2.79082,1.43217,0.0356864,150.911,15.335,1.24187,1.3947,4.24305,-0.0916738,6565.08,37,False,-200167.0,8.17603,0.148667
311408969,2122.01,3.58523,2.29829,0.053197,150.673,14.742,1.05609,1.04942,4.415,-0.0613268,5997.73,29,False,-560376.0,8.70926,0.0883723
336732616,103.01,3.54785,1.94255,0.066644,150.616,13.739,1.17814,1.26855,4.29691,-0.124129,6403.23,14,False,-8674.66,7.63742,0.715467
103195323,2143.01,5.58994,0.433861,0.106206,150.599,14.77,1.69554,1.82608,4.13925,0.0101694,7797.91,32,False,-5987.3,6.96317,0.865206
267810289,5201.01,3.85582,0.303653,0.0693797,150.569,17.619,1.16686,1.3772,4.21421,0.15157,5963.2,76,False,-108696.0,8.66036,0.200579
232038798,1909.01,4.15365,2.94795,0.0299887,150.51,12.152,1.0768,1.06395,4.41196,-0.039738,6031.23,34,False,-72303.0,9.52936,0.244325
176956893,2184.01,6.90679,0.328734,0.134525,150.405,12.062,1.54261,2.61385,3.78052,0.0333361,6120.89,96,False,-1444.68,4.61673,1.7888
64837857,6650.01,20.3291,14.413,0.119599,150.084,15.843,1.29838,1.46627,4.20247,-0.0740579,6500.6,8,False,-68310.1,9.8166,0.250093
155867025,3714.01,2.15485,1.82978,0.0271857,149.839,12.187,0.477585,0.491019,4.72945,-0.055626,3612.11,16,False,-61706.1,8.04565,0.265999
372443687,3273.01,4.29553,0.716269,0.0528628,149.829,14.396,0.975305,0.936753,4.48224,-0.0853326,5788.54,19,False,-12060.7,7.22657,0.605156
33521996,468.01,3.32527,1.02557,0.0341076,149.717,10.639,0.50756,0.502397,4.73268,-0.617025,4045.36,28,False,-37911.1,8.47903,0.338036
198077394,322.01,3.99053,1.70232,0.0685478,149.687,7.249,1.0439,1.10389,4.36673,0.0248274,5868.2,42,False,-16156.0,9.4797,0.514066
462206806,6277.01,3.37352,1.86875,0.0496359,149.68,13.815,0.988272,0.983919,4.44364,0.0267934,5704.0,24,False,-40597.7,7.022,0.329943
123898871,630.01,4.90916,2.04594,0.0760377,149.619,19.317,1.4961,1.58593,4.21061,-0.141214,7584.66,15,False,,,
260541432,2628.01,0.871595,0.858221,0.0324379,149.298,9.064,1.0372,1.17183,4.30725,-0.223545,6113.47,430,False,-263.749,11.411,3.97108
439842788,4521.01,3.07172,2.66694,0.0226801,148.502,10.461,0.857485,0.811588,4.55379,0.241192,5058.3,26,False,-213895.0,7.47934,0.142092
46698351,4645.01,5.0872,2.87382,0.167333,148.449,26.277,2.29181,3.10778,3.80918,0.0190661,8650.31,21,False,-11010.6,7.11948,0.627709
455096220,489.01,3.64666,0.699423,0.0738931,148.027,13.641,1.23616,1.3411,4.25949,0.0330203,6274.29,25,False,-702325.0,7.5829,0.0780931
328325110,5379.01,12.7427,5.38368,0.0589792,147.978,15.098,1.15819,1.39988,4.20113,-0.180192,6321.93,4,False,-5509500.0,7.93864,0.0278017
264052454,5698.01,2.34693,2.0645,0.0213982,147.963,9.087,1.05503,1.12913,4.35049,0.0241979,5901.0,158,False,-1022060.0,11.0545,0.063106
440113053,3595.01,1.80536,1.39861,0.037869,147.917,12.608,0.832431,0.793107,4.55492,-0.00131255,5140.5,26,False,-34681.7,8.14077,0.349767
70440470,126.01,3.0354,1.4225,0.051466,147.578,13.385,0.971468,0.981272,4.4347,-0.227748,5940.07,34,False,-657682.0,14.7142,0.0763444
206474443,931.01,3.24521,2.05396,0.0529007,147.4,11.204,1.06546,1.14522,4.34181,0.0182603,5928.0,20,False,-4341.37,7.88812,0.986967
371234684,1731.01,3.9228,0.32601,0.0619011,147.362,14.758,1.19551,1.2304,4.33881,-0.0206547,6394.26,17,False,-30785.4,7.38274,0.371783
349966879,2646.01,0.312574,0.13074,0.0135398,147.248,5.693,0.792625,0.781394,4.54519,-0.209692,5244.61,1346,False,-12107.5,10.3715,0.579733
17865622,3540.01,3.11997,1.46919,0.0272355,147.171,12.717,0.947559,1.25232,4.20841,-0.221911,5829.54,25,False,-24423.5,6.82039,0.418517
452808876,453.01,2.70574,0.973901,0.0976043,146.522,17.376,1.49314,1.99463,4.00045,-0.00813084,6631.4,10,False,-20182.8,5.29222,0.46328
175604949,2847.01,2.64884,0.964711,0.0402036,146.059,11.472,0.875021,0.839085,4.52756,0.23047,5131.44,25,False,-1473.61,6.86702,1.69099
261136679,144.01,6.26783,0.195991,0.0622467,145.869,2.164,1.07452,1.13189,4.35775,0.00279834,6002.37,93,False,-458.558,18.8866,2.7695
358516596,2132.01,3.24407,1.32254,0.0581004,145.816,15.102,1.02836,1.24656,4.25072,0.150999,5715.99,42,False,-372.875,5.47729,3.39586
163030461,3099.01,2.5543,1.7114,0.0434736,145.73,14.256,0.993163,0.955913,4.47355,-0.120257,5892.38,30,False,-44868.0,6.9171,0.305389
120247528,1071.01,3.55441,1.46256,0.0306739,145.309,11.574,1.01437,1.03457,4.41199,0.189833,5682.72,27,False,-69890.0,9.95558,0.238588
200803270,2682.01,2.5982,2.52987,0.0255643,145.231,11.7,0.937495,0.906325,4.49242,0.0677264,5503.89,39,False,-25656.1,9.82261,0.39396
291685334,6021.01,2.03201,0.49074,0.0655379,145.209,16.359,1.15957,1.28958,4.26871,-0.0307557,6161.0,24,False,-8129.77,6.84203,0.715224
219866209,4062.01,6.74739,0.39578,0.0413595,144.762,13.373,0.935066,0.970944,4.42846,0.169507,5463.15,78,False,-625.687,7.75979,2.55662
53189332,660.01,9.28969,0.256898,0.103445,144.636,11.785,1.19009,1.39075,4.22067,0.0329923,6175.78,14,False,-116998.0,8.5674,0.185375
268187322,2814.01,5.47917,1.03386,0.0923873,144.63,15.484,1.29348,1.48785,4.19389,-0.302941,6903.07,18,False,-393067.0,8.22714,0.101384
349071261,4601.01,2.78742,1.99965,0.0267834,144.288,12.618,1.24614,1.27728,4.31718,-0.138173,6642.18,24,False,-5222.58,7.97774,0.879166
179582003,4507.01,104.616,88.5039,0.180452,144.266,9.198,1.15824,1.11336,4.40854,-0.278915,6567.56,10,False,-5947.78,2.2944,0.858019
229490898,1872.01,2.23497,0.336769,0.0387131,143.726,9.771,1.22058,1.37391,4.23341,-0.0533846,6305.2,328,False,-3875.25,14.6213,0.966743
221861843,3486.01,2.21778,1.17744,0.0274656,143.724,10.806,0.796925,0.768062,4.5672,0.228949,4835.52,19,False,-62681.1,7.56968,0.253426
99869022,1199.01,3.67146,2.86663,0.0381061,143.562,10.432,1.10811,1.38256,4.19701,0.24953,5777.17,26,False,-22294.7,8.85899,0.420419
21279791,2582.01,3.01831,1.31908,0.0578455,143.483,8.856,0.850841,0.831585,4.52986,0.016118,5238.0,55,False,-55692.9,8.69937,0.26615
138727432,853.01,6.86464,5.62236,0.070907,142.749,10.15,1.16941,1.31405,4.25589,0.141071,6030.24,15,False,-96949.4,9.54427,0.199357
51912829,180.01,0.83539,0.614512,0.0403186,142.458,7.938,1.34267,1.99583,3.95044,-0.153128,6271.15,219,False,-875.304,6.02197,2.15166
290036495,2351.01,5.25246,4.13837,0.0303186,142.428,19.268,1.00779,1.15539,4.3049,-0.00224696,5790.17,19,False,-29823.8,7.78779,0.363322
313453776,5227.01,3.73248,2.66698,0.0528726,142.169,9.223,1.11739,1.22872,4.30013,0.197107,5918.17,59,False,-15200.6,8.98983,0.503411
147890655,3849.01,1.22204,0.692633,0.0371502,142.076,13.289,0.910216,0.903434,4.47872,0.0361468,5453.09,48,False,-25104.7,7.20171,0.396693
229811538,768.01,11.5294,7.00847,0.0904293,142.025,18.572,1.13062,1.13296,4.37903,-0.216437,6382.6,7,False,-86330.3,6.78929,0.214484
111991770,820.01,3.75214,1.33344,0.0690411,141.851,14.027,1.29326,1.37209,4.26667,-0.0298077,6572.61,4,False,-16080.7,6.26307,0.498292
445859771,1273.01,4.63129,0.979381,0.0237474,141.469,8.168,1.03119,1.01797,4.42932,0.171793,5707.3,36,False,-39871.0,14.4976,0.296327
201658484,6787.01,2.95885,0.644003,0.0686084,141.425,15.426,1.26277,1.42639,4.21473,-0.0649757,6405.0,24,False,-29977.1,7.02551,0.361744
1101855081,3922.01,3.89606,3.72642,0.0322684,141.349,12.733,0.814716,0.796079,4.54493,-0.0684729,5189.06,13,False,-41775.2,11.2982,0.296515
173640199,618.01,7.76145,6.26595,0.0852491,141.344,8.429,1.29519,1.35332,4.28906,0.190919,6410.97,19,False,-29686.6,8.46068,0.359409
309257814,171.01,1.23861,0.292608,0.0356675,141.083,12.331,0.868094,0.978887,4.38229,0.0375168,5384.49,294,False,-3139.57,28.2857,0.938453
172370679,1899.01,29.0902,28.5978,0.0781459,141.029,12.225,0.588195,0.61613,4.62115,0.0560053,3905.44,7,False,-52694.2,7.81218,0.270438
167720788,6523.01,7.80937,7.77612,0.0856442,141.017,13.038,1.02624,1.06356,4.39274,0.0256285,5816.0,23,False,-26169.1,9.53577,0.378766
165987272,1840.01,7.84556,6.41925,0.111539,140.838,13.439,1.24064,1.5608,4.12884,-0.130173,6319.93,4,False,-24720.2,7.6533,0.394758
387409975,2563.01,5.01823,1.72395,0.0445212,140.78,13.389,0.972763,0.931687,4.4823,-0.0231534,5688.86,60,False,-23632.1,9.45326,0.398113
362222177,4430.01,6.63634,2.28648,0.12474,140.714,12.377,1.15716,1.26912,4.28482,0.272171,5915.03,64,False,,,
239332587,4481.01,0.926323,0.516086,0.0198226,140.254,1.58,0.428034,0.440847,4.77412,-0.0565707,3508.08,218,False,-12975.9,10.4318,0.531134
149833117,1717.01,4.05237,1.03412,0.0435032,140.218,13.162,1.2406,1.32728,4.27756,-0.0981359,6513.53,21,False,-11951.8,7.42011,0.566111
70524163,2421.01,4.34739,1.54702,0.0969898,140.136,9.871,1.1952,1.60619,4.09943,0.254982,5798.11,20,False,-9896.41,9.6297,0.611406
445456888,2363.01,5.54358,1.76435,0.0748287,140.115,14.542,1.39286,1.6948,4.10769,-0.168796,6806.59,47,False,-6272.51,8.79115,0.772843
405897415,3576.01,4.63877,1.10341,0.0711206,139.802,13.403,0.98572,1.08731,4.34889,-0.0325027,5791.26,45,False,-40086.4,7.69407,0.307485
234330672,2217.01,3.83003,1.87455,0.0803593,139.356,11.671,1.14929,1.20644,4.32764,0.0190841,6133.58,55,False,-28323.6,8.48655,0.36238
315002523,574.01,3.30239,0.562827,0.0983065,139.323,17.07,1.29877,1.74154,4.05952,0.000499442,6255.41,34,False,-70763.5,8.66752,0.228881
202375913,1527.01,5.06253,3.52255,0.0711096,139.174,16.406,1.99328,2.71324,3.86286,0.00691699,7859.55,17,False,-17144.4,7.68164,0.468007
15692883,1493.01,5.14786,0.117647,0.110277,139.145,17.842,1.54616,2.62441,3.78412,0.0299712,6215.52,14,False,-24481.0,8.11317,0.39027
267373896,3587.01,4.15847,1.8605,0.0784569,139.097,17.875,1.49514,1.60803,4.19695,-0.111741,7486.0,39,False,-353.306,4.293,3.3515
50712784,1912.01,5.40533,0.627212,0.0943608,138.975,13.422,1.34424,1.58549,4.15923,0.127575,6406.31,17,False,-67388.4,6.11687,0.238497
183985250,193.01,0.792065,0.0899314,0.0136788,138.821,4.378,0.951995,0.933211,4.47033,0.208594,5437.2,115,False,-75552.5,8.73765,0.220538
423275733,578.01,2.05286,0.731844,0.0448545,138.112,16.585,1.23481,1.54825,4.13656,0.0382264,6129.12,45,False,-12409.4,8.38818,0.542713
100014359,380.01,0.504551,0.257077,0.0247485,138.048,10.33,0.697387,0.696293,4.59417,-0.535255,5151.64,125,False,-47277.4,7.3725,0.280065
330795142,3835.01,1.34605,1.29593,0.0359271,137.845,14.073,1.03507,1.05219,4.40274,0.169916,5735.38,33,False,-10811.5,8.05379,0.581748
312689217,3738.01,4.38476,0.125442,0.0880568,137.749,16.339,1.44585,1.60719,4.17369,-0.302603,7476.29,40,False,-39531.5,9.06789,0.301604
53728859,6013.01,3.2572,0.559492,0.0587622,137.565,13.136,0.986348,0.981608,4.44499,0.0267165,5698.38,14,False,-28174.2,8.19367,0.35918
233415701,3555.01,5.27181,4.51056,0.0776146,137.464,18.638,1.07304,1.1569,4.33551,0.01395,5947.6,43,False,-62406.4,8.12008,0.241279
394287035,2328.01,17.1019,5.14779,0.0646046,137.459,10.296,0.936886,0.897928,4.50004,0.149024,5419.5,10,False,-3876.94,11.595,0.94227
75878355,2134.01,9.22918,0.414256,0.0570296,137.43,2.866,0.676477,0.701701,4.56989,-0.00784576,4476.25,22,False,-52162.2,7.90349,0.264284
447206604,1999.01,7.21336,0.900083,0.033946,137.382,12.206,1.03537,1.08442,4.37929,0.0252141,5843.0,11,False,-30282.4,7.80259,0.347008
237320326,2414.01,1.77713,0.881948,0.0236695,136.869,12.654,0.976423,0.947845,4.47462,0.107084,5615.64,22,False,-28908.5,7.40982,0.354829
2010186093,3571.01,3.00792,1.4219,0.0624639,136.809,16.719,1.8377,1.64765,4.26082,0.134075,8276.49,26,False,-21433.7,7.37229,0.412017
373033374,3039.01,3.41289,0.964778,0.0485309,136.669,13.585,1.01075,1.02962,4.41225,-0.0431841,5867.04,30,False,-35799.8,7.5968,0.317898
88977253,496.01,2.76761,1.06706,0.0276037,135.971,23.017,1.29791,1.39895,4.25701,-0.155963,6817.32,24,False,-368.055,6.58859,3.15128
1870990135,3514.01,1.50393,0.424348,0.0313005,135.76,15.358,0.954929,0.892936,4.51129,0.0790972,5503.79,77,False,-818075.0,11.5384,0.0639998
346626688,3666.01,4.4086,2.29927,0.0621653,135.734,12.703,1.13212,1.21502,4.31757,-0.0188794,6154.97,15,False,-17578.2,8.51709,0.447167
156648452,3912.01,3.49361,2.46747,0.0646123,135.401,13.562,1.11642,1.29153,4.25407,0.15204,5895.56,12,False,-11650.1,10.984,0.537209
277683130,138.01,6.19826,2.74809,0.0339244,135.188,6.724,0.994437,0.99132,4.43931,0.0270398,5722.0,24,False,-21341.9,8.56185,0.403937
13021029,439.01,3.85589,0.993243,0.0748516,134.988,13.675,1.2444,1.2953,4.30961,-0.0757269,6583.65,13,False,-127447.0,6.8458,0.167267
59843967,474.01,2.51673,0.23732,0.0466047,134.893,12.706,0.933966,0.913643,4.47917,0.255599,5337.47,27,False,-37224.1,7.5275,0.307634
157698565,2589.01,61.6273,2.92207,0.103227,134.634,10.66,1.07441,1.0368,4.43507,0.183497,5813.66,4,False,-486.515,3.52333,2.77584
14091704,445.01,0.76496,0.420736,0.0213173,134.377,6.592,1.2459,1.3898,4.24075,-0.0181319,6421.28,91,False,-31682.1,6.56189,0.334636
193773468,4118.01,2.55519,2.36542,0.0469327,134.213,13.668,1.11534,1.13836,4.36899,0.0490876,6055.39,61,False,-25792.3,7.11122,0.368815
52315301,2613.01,15.2016,0.357328,0.138407,134.039,21.141,0.935118,1.05626,4.35594,-0.429912,6075.45,8,False,-19822.0,7.21863,0.419782
422554579,3929.01,3.46088,0.917923,0.0710187,133.986,17.664,1.44855,1.27869,4.38203,-0.409967,8061.43,41,False,-2519.78,8.27605,1.16755
453064665,6043.01,2.64532,0.4037,0.058792,133.953,10.646,0.951286,0.939514,4.46962,0.0253152,5596.0,21,False,-7006.26,8.1605,0.70044
368678195,6027.01,2.8405,0.011872,0.0459151,133.685,18.527,0.664778,0.67051,4.6067,-0.00602315,4389.0,28,False,-10459.4,9.57341,0.56558
286865921,773.01,4.97128,2.16038,0.0618743,133.68,11.499,0.973211,0.997015,4.41784,0.12926,5571.12,13,False,-11178.7,6.66532,0.559873
39724477,2729.01,4.035,1.1512,0.0387699,133.518,13.768,0.832734,0.798697,4.55255,0.130725,5049.58,10,False,-54161.7,7.30328,0.252728
220460087,6552.01,3.27059,2.8193,0.0761837,133.234,11.419,1.0674,1.1482,4.3402,0.0171607,5933.0,104,False,-2656.75,17.3902,1.04779
91987762,1898.01,45.5221,23.8101,0.0807833,132.822,9.886,1.23467,1.55584,4.12926,-0.175315,6382.06,3,False,-21335.4,8.18724,0.397645
38541473,395.01,6.06134,4.59901,0.0367918,132.524,19.448,1.10944,1.4149,4.17656,-0.221857,6233.28,8,False,-4952.05,5.81832,0.839255
393495970,5142.01,1.75544,0.525177,0.0298414,132.5,11.784,0.956191,0.909446,4.49593,0.261488,5381.46,26,False,-5487.71,8.82298,0.778168
219108677,6958.01,5.98157,1.27293,0.0562232,132.039,12.613,0.667693,0.672764,4.60565,-0.00585652,4403.0,45,False,-16616.0,11.0499,0.437419
356206412,2950.01,3.26905,2.63328,0.0764665,132.026,14.143,1.18999,1.46088,4.17456,-0.293491,6528.73,40,False,-74214.4,7.62814,0.212792
162289289,3593.01,3.82129,1.18379,0.0448797,131.921,11.896,0.995446,0.935224,4.49022,0.224611,5524.95,14,False,-10733.4,8.61277,0.554697
207468071,1836.01,20.3808,11.0634,0.130076,131.682,8.158,1.24514,1.57507,4.1279,-0.0944112,6301.41,15,False,-10603.6,15.4782,0.525928
259377017,270.01,5.66048,3.56156,0.0334275,131.262,2.35,0.33859,0.349543,4.87473,-0.456802,3532.38,28,False,-41482.4,11.8556,0.273205
360816296,3145.01,3.55058,2.3953,0.0503767,131.221,14.107,0.796008,1.01456,4.31597,-0.0561166,5285.99,21,False,-26749.1,7.32797,0.353015
273695332,2223.01,6.93093,0.157124,0.0984879,131.164,13.437,1.29473,1.51896,4.18017,0.051899,6393.34,31,False,-28801.8,9.68692,0.333568
180652891,1857.01,0.775985,0.0175056,0.0257067,130.924,10.589,1.63837,2.19731,3.96146,-0.0555908,7162.44,66,False,-15632.7,7.44051,0.460266
243335710,1879.01,13.7046,7.44643,0.0902699,130.905,15.694,1.34661,1.46711,4.2275,0.00100425,6682.18,59,False,-464.323,5.03571,2.72806
202941251,5891.01,4.17845,0.756391,0.0886593,130.284,11.104,1.2112,1.36224,4.23757,-0.0508062,6283.0,42,False,-492.416,3.96636,2.65823
323295479,1861.01,742.512,23.8859,0.0985351,130.157,11.046,1.03527,1.00638,4.44042,0.200338,5676.08,3,False,-1279630.0,10.1541,0.0494342
306255021,3091.01,2.74999,1.4195,0.074486,130.01,21.494,2.48434,1.51696,4.45897,-0.498099,12515.3,30,False,-8024.32,10.1619,0.623558
180991313,2330.01,2.20882,0.126048,0.0517777,129.866,10.857,1.13836,1.14141,4.37721,-0.0587559,6232.32,51,False,-29271.4,6.7933,0.335227
302976834,2783.01,2.30423,0.942064,0.0590258,129.821,29.148,1.28944,1.51658,4.16464,0.00285518,6310.95,19,False,-2708140.0,7.99487,0.0344971
125424836,3250.01,3.28065,2.22737,0.0578806,129.732,12.911,1.07192,1.14261,4.34503,0.238929,5786.67,25,False,-72811.5,8.69215,0.209033
71268730,5375.01,1.72155,1.37453,0.0279185,129.548,11.304,0.578562,0.607144,4.62818,0.0168883,3888.81,97,False,-4702.23,18.5184,0.754714
427740976,4608.01,2.34949,1.80951,0.0407389,129.528,16.645,1.48899,1.62082,4.18061,0.00757971,7063.25,37,False,-3375.42,2.3134,1.02073
361413119,1035.01,6.07443,1.52877,0.0370023,129.342,10.579,1.07938,1.16667,4.33023,0.0103434,5964.0,23,False,-12761.3,1.59116,0.527037
382187347,6521.01,3.58124,0.806488,0.0340808,129.16,15.597,0.558276,0.588183,4.64513,-0.0121106,3873.0,60,False,-8909.12,9.96571,0.588547
74712191,4852.01,7.23069,5.97194,0.0920518,129.155,13.834,1.5418,1.33797,4.36613,-0.379387,8452.52,20,False,-1980.63,14.0513,1.20594
67566164,4196.01,3.12565,2.72929,0.0554273,129.064,16.78,1.09739,1.12982,4.36624,0.15462,5919.08,19,False,-25745.2,6.2369,0.356737
358107516,2202.01,11.913,5.61736,0.0807365,128.936,8.843,0.816901,0.79492,4.54765,0.046509,5075.05,35,False,-5514.81,19.1465,0.689089
82739585,4819.01,1.589,0.0144583,0.0185845,128.814,12.719,0.79578,0.768946,4.56179,0.170891,4858.3,63,False,-69778.1,7.54714,0.213929
78055054,434.01,4.38884,1.1398,0.0538876,128.796,14.003,0.856732,0.833512,4.52324,0.174346,5118.73,17,False,-11729.4,9.5956,0.512942
229940491,1642.01,37.4591,15.7005,0.0421462,128.59,13.107,1.07128,1.37011,4.18393,-0.0412262,5923.71,26,False,-3106.4,3.89825,1.04294
27916356,3534.01,3.23469,1.61099,0.0681756,127.873,12.646,1.10928,1.17075,4.33723,0.249635,5853.35,48,False,-12429.6,7.69484,0.502368
273874849,5794.01,1.48571,1.44539,0.0422238,127.82,16.912,1.0144,1.03652,4.41018,0.0261657,5781.0,152,False,-45625.6,10.4971,0.255959
341630071,2147.01,26.2051,24.8183,0.115514,127.609,10.46,1.11236,1.2944,4.25264,-0.072818,6110.79,8,False,-238.649,4.99644,3.71351
77951245,450.01,10.7147,5.05209,0.0293243,127.569,10.535,0.378445,0.401158,4.80709,0.146941,3367.29,6,False,-46303.7,8.21368,0.258479
459982699,6387.01,1.16696,0.429661,0.0163448,127.288,15.039,0.558276,0.588183,4.64513,-0.0121106,3452.0,256,False,-75845.6,8.40597,0.201158
33651215,2927.01,1.38684,0.442289,0.0479163,127.149,17.254,1.29931,1.2139,4.37657,-0.459058,7330.19,76,False,-17952.3,7.61756,0.415751
165202476,4666.01,2.90883,1.08257,0.0363669,127.126,13.413,0.558371,0.590326,4.64016,0.19818,3761.36,13,False,-24277.4,6.72996,0.360093
461591646,2155.01,3.72469,2.15167,0.0661047,127.0,10.584,1.33536,1.61546,4.12985,-0.0110868,6408.98,76,False,-6190.65,6.71439,0.712549
123357034,4129.01,3.27249,0.634822,0.0287745,126.992,5.608,0.697775,0.69191,4.59731,0.230405,4352.79,93,False,-76712.4,8.07384,0.200079
312030014,3315.01,5.23308,3.43073,0.0881437,126.865,13.926,1.29761,1.44325,4.23056,0.0507083,6521.81,21,False,-25304.3,8.50065,0.346758
9155187,5373.01,4.18779,1.71586,0.0573927,126.861,11.653,0.97659,1.01652,4.40733,0.219051,5553.51,8,False,-102504.0,6.94404,0.17454
410554986,3168.01,5.1745,5.02014,0.0493844,126.829,16.9,0.858564,1.26193,4.15661,0.0161211,5318.39,15,False,-1012.37,6.30402,1.76711
28961316,3682.01,3.34623,1.8166,0.0816732,126.421,12.151,1.13215,1.60514,4.08039,0.0996761,5851.69,36,False,-40076.0,8.35781,0.274831
452964680,3673.01,2.23907,0.153293,0.0570365,126.347,17.283,1.13101,1.1842,4.33748,-0.0182538,6141.65,42,False,-11866.1,8.50794,0.504153
399402994,5802.01,2.71647,0.561142,0.0648162,126.253,15.957,1.07861,1.16548,4.33088,0.0107833,5962.0,13,False,-60099.2,9.11496,0.222665
27848472,2131.01,1.81987,0.0681147,0.313679,126.11,7.405,1.1919,1.31138,4.26807,-0.0743732,6328.02,97,True,-410.323,30.4122,2.20697
178577607,2840.01,1.53235,0.617009,0.0445336,126.062,20.594,1.05346,1.08273,4.38307,-0.0122753,5934.37,12,False,-23968.4,8.03129,0.355287
328814605,4086.01,5.69174,1.57199,0.105813,125.958,11.689,1.24494,1.50652,4.16911,0.153869,6121.27,50,False,-873.278,8.77926,1.85011
152147232,759.01,4.21356,0.565538,0.0603041,125.869,13.534,1.33938,1.46019,4.22457,-0.015218,6624.1,28,False,-23355.0,7.13226,0.362076
287721202,3022.01,8.9909,0.236151,0.0312111,125.694,9.196,0.818694,0.959813,4.37708,-0.30518,5621.11,52,False,-50650.4,8.65331,0.242346
11417087,2938.01,4.94243,1.74645,0.0448305,125.666,12.424,0.934931,0.902577,4.4943,0.133937,5431.75,12,False,-40870.3,8.31789,0.270499
417129824,3519.01,3.50086,1.09721,0.0781765,125.639,15.509,1.15613,1.55025,4.11522,0.00976038,6009.05,35,False,-10636.8,7.18442,0.535279
272213425,1904.01,4.32476,2.02274,0.084872,125.331,17.902,1.4442,2.04502,3.97282,-0.0682094,6614.41,18,False,-15950.8,7.70894,0.434023
234489976,2308.01,3.86865,2.63085,0.0376037,125.237,13.274,1.24804,1.36363,4.26217,0.0347889,6403.9,46,False,-152988.0,9.27545,0.138155
356978132,1755.01,60.185,35.5449,0.0387067,125.186,10.188,1.07236,1.26874,4.2528,-0.447128,6437.28,14,False,-216.446,10.6325,3.64437
396368313,1882.01,3.08987,0.294433,0.0272403,125.141,13.189,1.98646,1.57002,4.34032,-0.154429,9682.85,54,False,-13797.0,8.05407,0.464555
278138619,2219.01,10.1689,1.28999,0.0791228,125.105,11.971,1.1122,1.26325,4.26911,-0.325217,6402.81,52,False,-132.263,9.98827,4.69628
230087585,1868.01,8.82639,3.68028,0.0671801,124.998,11.917,1.15857,1.38764,4.20696,-0.00356911,6110.04,97,False,-1283.16,16.0182,1.41896
318796593,2886.01,1.6021,1.06894,0.0505152,124.933,18.202,1.11341,1.18105,4.3365,0.0542964,6039.0,14,False,-56361.9,6.42467,0.232619
26880783,1364.01,1.77536,0.0160101,0.0460422,124.842,9.947,2.38535,2.93738,3.86753,-0.466559,9929.75,150,False,-381.825,3.86867,2.89259
428892437,4080.01,3.75198,2.8789,0.0544393,124.738,13.105,0.973797,0.935709,4.4817,0.180256,5522.8,44,False,-488.886,7.46791,2.47676
138329479,4147.01,2.37454,1.58288,0.0618867,124.703,13.441,1.11515,1.2044,4.31832,-0.091205,6190.32,64,False,-489217.0,8.11067,0.077678
456862677,4515.01,15.2665,15.1739,0.0555704,124.43,10.886,0.915095,0.858782,4.52717,0.0350681,5411.58,6,False,-75606.9,10.8097,0.192558
347013211,2045.01,9.07759,0.877994,0.115324,124.15,12.875,1.33609,1.69123,4.09391,-0.0129744,6388.85,16,False,-4412.8,11.0338,0.793726
233070717,5607.01,3.27509,0.710276,0.063262,124.047,11.202,1.19469,1.25322,4.3141,0.235682,6084.39,116,False,-334.947,8.15512,2.95963
302527524,2952.01,10.7845,9.28675,0.0356658,123.978,7.307,0.498823,0.516498,4.70439,0.140591,3613.64,23,False,-83308.9,8.13022,0.187037
241326434,3241.01,6.83808,1.24941,0.0436896,123.949,18.862,0.971431,0.959703,4.45921,-0.217738,5941.36,8,False,-27561.3,5.8059,0.331634
90935995,6801.01,1.22451,0.75376,0.0188179,123.85,12.699,0.654033,0.662204,4.61058,-0.0066373,4337.4,18,False,-14840.3,6.87329,0.447504
66788350,6228.01,3.33379,2.02222,0.0614535,123.607,14.058,1.49514,1.60803,4.19695,-0.111741,7894.0,37,False,-486.564,6.84636,2.4719
45655786,2809.01,3.16617,0.206065,0.0489692,123.537,10.715,1.18667,1.33095,4.24919,-0.0435242,6225.0,25,False,-10412.3,6.89294,0.532751
186292194,3632.01,3.24035,0.745759,0.0667568,123.482,14.732,1.29326,1.36029,4.27407,-0.063118,6613.16,19,False,-276150.0,10.1383,0.100509
184468386,3559.01,2.54023,2.24441,0.0357258,123.463,15.468,2.29492,1.57637,4.39968,-0.251483,11208.6,61,False,-6138.31,8.90939,0.681482
349582831,5100.01,3.4532,0.8395,0.0400905,123.442,15.024,1.13703,1.19835,4.33352,-0.178571,6372.29,43,False,-32497.7,7.63624,0.299365
280315875,4012.01,1.82544,0.200875,0.033304,123.403,11.015,0.655858,0.679351,4.58814,0.0580538,4237.05,49,False,-69294.6,8.7691,0.202932
115453244,2576.01,3.82291,1.98336,0.0617275,123.031,14.09,1.1369,1.17881,4.34634,-0.134195,6311.95,23,False,-72455.6,7.00775,0.200861
49045066,2992.01,3.0078,2.58228,0.0689732,123.02,13.207,1.29022,1.42767,4.22675,0.0909897,6345.7,30,False,-19309.6,6.84098,0.389628
269701147,1339.02,28.5804,14.6753,0.0932423,123.004,3.134,0.892715,0.883481,4.49036,-0.0585772,5486.03,23,False,-144489.0,8.93595,0.139839
27966179,330.01,4.27945,1.56014,0.0434328,122.99,9.479,0.676251,0.681029,4.59851,0.167611,4274.5,21,False,-25997.6,8.64237,0.330493
9725627,239.01,4.15678,2.83624,0.0776181,122.937,10.088,1.24046,1.36867,4.24187,0.0819756,6205.34,30,False,-115802.0,9.99987,0.154654
453100296,2650.01,2.22973,0.797748,0.0341478,122.896,11.685,1.17158,1.23942,4.31246,0.106569,6125.37,194,False,-1180.68,4.67211,1.60485
158276040,1192.01,45.9403,44.5404,0.053982,122.755,20.838,1.29264,1.46213,4.20263,-0.0729591,6479.3,3,False,-440.514,6.39068,2.58959
164260243,6162.01,1.84788,1.01292,0.0569274,122.454,18.655,1.49182,1.60564,4.19705,-0.111105,7218.8,38,False,-1153.1,6.58708,1.59158
23124038,4146.01,0.701158,0.0410747,0.0204571,122.444,11.233,0.977329,1.49664,4.07036,-0.566893,6171.91,155,False,-9085.94,8.1314,0.558922
468148930,1086.01,3.71788,0.852007,0.107181,122.325,13.592,1.28959,1.84435,4.00857,8.86971e-07,6126.47,44,False,-716.173,8.07527,1.99241
355640518,6055.01,0.849692,0.0323783,0.0200252,122.223,19.256,0.558276,0.588183,4.64513,-0.0121106,3493.0,68,False,-28001.2,7.8418,0.318542
114749636,306.01,4.60273,3.5275,0.0832746,122.212,12.263,1.15609,1.34172,4.2353,0.198464,5932.53,18,False,-10876.0,8.30833,0.509021
445805961,1710.01,24.2834,20.8713,0.103171,122.137,5.455,0.993693,0.95901,4.47015,0.135055,5627.54,8,False,-14007.4,8.52845,0.447356
372730331,1787.01,8.70459,0.221358,0.0367283,121.875,16.528,1.24053,1.5083,4.15589,-0.106016,6323.93,7,False,-15557.2,7.29871,0.4281
144301273,376.01,2.75098,1.31142,0.034132,121.701,10.979,0.97022,0.972155,4.44156,0.260619,5468.04,41,False,-69689.6,9.39541,0.198246
250707118,6028.01,5.72333,1.15793,0.0771219,121.66,13.173,1.1278,1.24108,4.29157,-0.0157925,6086.0,9,False,-55961.7,8.53888,0.222837
47937361,4131.01,2.33824,0.0540182,0.0453835,121.547,11.219,0.855072,0.870839,4.48312,-0.115395,5440.47,81,False,-217136.0,21.4964,0.100054
50171060,7474.01,1.25776,0.026109,0.0138715,121.45,8.468,0.876928,0.85785,4.51565,0.0192294,5340.0,14,False,-10257.3,6.84571,0.527375
469212332,1985.01,30.7864,5.71039,0.0563562,121.358,21.953,1.44587,2.03884,3.97369,-0.00767827,6459.32,6,False,-15570000.0,10.7356,0.013064
267572272,4489.01,2.79747,0.942702,0.0399155,121.251,12.707,0.917236,0.862425,4.52764,0.0375617,5435.23,84,False,-22589.4,25.3011,0.297507
11521555,2401.01,5.86819,3.49859,0.0661416,121.229,16.898,1.69139,2.91582,3.72535,-0.043197,6493.63,20,False,-45011.2,7.5255,0.24975
167418903,746.01,10.9803,1.68476,0.0302985,121.214,9.558,0.897094,0.911907,4.46889,-0.231148,5743.64,57,False,-811424.0,14.699,0.0551017
49043968,6275.01,6.24634,4.83833,0.0785257,121.202,16.916,1.14728,1.27083,4.27755,-0.0249699,6132.0,12,False,-108279.0,6.76995,0.162054
277890574,2192.01,6.26432,2.56565e-05,0.0773121,120.841,10.606,0.992499,1.00449,4.4216,0.150103,5614.09,30,False,-54.0655,12.249,6.98565
251652214,3708.01,7.27295,6.79246,0.0822679,120.813,12.464,0.978508,0.991725,4.43214,-0.020794,5756.39,10,False,-104849.0,9.76768,0.159809
148914726,1179.01,1.26153,0.0579036,0.0182951,120.656,4.416,0.79487,0.762695,4.56951,0.0850094,4908.21,130,False,-5150.52,11.6865,0.707727
387329912,5749.01,5.43282,1.58213,0.149964,120.538,6.179,1.10257,1.20242,4.31094,-0.00285126,6024.0,74,False,-6048.32,9.97313,0.66263
302202317,5314.01,2.53509,1.1672,0.045328,120.436,12.993,1.03601,1.04036,4.41618,-0.169364,6074.25,41,False,-13092.4,9.52159,0.451753
457110913,3156.01,0.746324,0.117695,0.0257056,120.393,19.693,0.813387,0.887353,4.44267,0.064768,5169.58,67,False,-18977.9,5.46182,0.388798
286000547,2332.01,7.49718,6.02758,0.0683009,120.308,11.425,0.97745,0.952385,4.46997,0.0222855,5694.36,10,False,-20005.0,8.27736,0.369127
92004082,4890.01,3.04713,1.58689,0.0604582,120.164,15.435,1.43898,1.51935,4.22451,-0.0138681,6993.1,33,False,-65302.5,8.09656,0.204363
55652896,216.01,34.5059,4.15883,0.278625,120.095,6.179,0.835029,0.798862,4.55438,0.263499,4965.82,27,True,-11569.9,22.6644,0.422143
231289421,847.01,3.20631,2.77141,0.0508666,119.946,18.607,0.77502,1.90881,3.75305,-2.13693,5958.46,34,False,-22139.0,10.3199,0.343353
52420398,5427.01,5.2374,1.53195,0.0739085,119.676,12.792,1.13657,1.13011,4.38765,-0.336777,6571.0,23,False,-73029.8,8.30993,0.192039
155873992,3814.01,4.95131,1.82475,0.0773405,119.621,12.772,1.19357,1.30378,4.27971,0.004856,6291.34,35,False,-57602.8,7.96603,0.216793
441736986,5657.01,0.803751,0.395851,0.0192555,119.552,6.449,0.677167,0.675644,4.61255,-0.211093,4613.52,444,False,-3994.39,2.43029,0.863827
36352297,547.01,1.50897,0.783203,0.0441802,119.141,18.445,1.10933,1.18974,4.32686,-0.118756,6202.95,41,False,-14726.6,11.5273,0.413271
280254984,3758.01,3.41774,1.19421,0.0697035,119.107,14.66,1.24278,1.33521,4.27316,-0.100269,6502.74,41,False,-297.04,7.01725,3.04073
69068526,1196.01,5.53763,0.117154,0.0517875,119.051,17.621,1.74437,2.03933,4.05548,0.162769,7496.51,17,False,-7921.46,7.25616,0.585423
142276270,1136.01,12.6292,11.5344,0.83959,119.05,4.823,0.978522,0.960636,4.4617,-0.0170737,5737.38,15,True,-2815.08,23.4808,0.839729
280031353,2300.02,4.85666,4.16964,0.0543978,39.2278,6.075,0.856059,0.820715,4.54215,0.140741,5140.31,65,False,-5861.16,8.51974,0.186954
445582110,4242.01,3.05799,2.14973,0.059653,118.77,13.94,1.17324,1.40695,4.20113,-0.150674,6333.43,39,False,-8710.84,7.59966,0.555141
379824738,5810.01,5.68571,0.600797,0.119021,118.627,11.108,1.15152,1.27729,4.2745,-0.026965,6142.0,9,False,-4197.48,5.65262,0.81282
422457210,6163.01,9.97545,6.49517,0.0648121,118.583,15.473,0.910688,0.89184,4.49726,0.0232558,5472.0,9,False,-19032.5,7.55548,0.375053
466390120,5822.01,1.54876,0.700518,0.0519207,118.436,12.821,1.05038,1.11869,4.35718,0.0245335,5887.35,26,False,-10600.6,7.31142,0.503013
441075486,372.01,1.12035,0.690372,0.0324026,118.33,18.592,1.11529,1.34344,4.21839,0.0251784,6006.77,19,False,-9590.07,6.3449,0.532952
372596795,3040.01,3.53659,2.33068,0.0516886,118.289,13.778,1.13662,1.14574,4.37326,-0.132732,6322.38,28,False,-10081.9,7.23906,0.515447
123846039,883.01,10.0577,8.22781,0.0695815,118.179,7.165,1.00934,0.979024,4.45533,0.182634,5625.56,5,False,-25562.5,9.06828,0.31803
336840314,4085.01,2.82845,1.17909,0.0486566,118.176,9.67,0.974118,0.9478,4.4705,0.15865,5555.45,43,False,-56124.5,8.13595,0.216453
183120439,169.01,2.25544,2.10022,0.0284411,118.111,9.833,1.15981,1.20396,4.33654,0.292687,5959.93,70,False,-14724.4,8.28939,0.421781
96074951,3737.01,5.56099,0.783289,0.0815241,117.929,13.257,1.24283,1.30034,4.29567,-0.373495,6916.7,11,False,-31004.3,7.33775,0.29269
287145649,2981.01,3.60149,1.97544,0.0583046,117.844,12.797,1.05598,1.02582,4.43545,-0.12221,6061.58,26,False,-37028.2,6.93276,0.268599
235684964,5666.01,5.46839,2.21362,0.0563004,117.697,16.59,1.07323,1.35749,4.19725,0.0953986,5838.25,68,False,-8887.5,8.01307,0.542246
441159680,2367.01,5.74985,0.463687,0.0711227,117.678,14.288,1.03373,1.04447,4.41352,-0.0234322,5927.68,13,False,-8378.46,10.933,0.543516
67512645,6894.01,3.37063,1.17093,0.0256272,117.674,28.001,0.558276,0.588183,4.64513,-0.0121106,3133.0,32,False,-14210.3,10.3358,0.419636
77156657,1903.01,3.84043,2.17666,0.113506,117.635,15.999,1.34421,1.94068,3.9819,0.107384,6102.54,25,False,-103307.0,8.04215,0.158892
139733308,452.01,4.76338,2.98949,0.0552525,117.633,10.395,0.89545,0.850887,4.52383,0.1677,5233.22,10,False,-94412.5,6.95286,0.167857
35857242,400.01,3.63444,2.3991,0.0762331,117.18,13.512,1.19715,1.34236,4.25811,-0.0532179,6369.78,11,False,-40057200.0,7.33869,0.00808728
327952677,295.01,3.39693,2.26772,0.0404747,117.036,13.532,1.04969,1.21002,4.28761,0.0204771,5916.47,25,False,-136484.0,10.7108,0.134115
432132155,2371.01,4.89841,3.04133,0.0733494,117.014,11.796,1.11122,1.14765,4.35652,0.0662497,6011.01,18,False,-13255.0,8.61144,0.438806
198213332,1131.01,0.586028,0.0908979,0.0250969,116.911,5.228,1.43449,2.41946,3.81636,0.0331216,5920.41,1506,False,-148.381,9.77563,4.12375
267545252,4439.01,3.37924,2.51449,0.0535725,116.908,13.608,0.954473,0.925055,4.48504,0.0265317,5614.07,61,False,-16511.2,8.24145,0.394113
158325942,5255.01,2.61228,1.14289,0.0604106,116.847,13.03,1.17385,1.30038,4.26839,0.144365,6056.67,44,False,-7661.87,7.89685,0.580114
406926040,4151.01,11.6999,10.7539,0.0809307,116.801,14.619,1.54703,2.24976,3.91634,-0.157824,6900.61,58,False,-34.2118,16.9051,8.1379
29831208,124.01,1.84281,1.2379,0.0247245,116.67,3.261,0.813406,0.795304,4.54801,0.00999452,5080.0,361,False,-546.814,5.48933,2.21984
308098254,1906.01,9.62464,3.90015,0.0848662,116.635,11.094,1.03013,1.07439,4.38077,0.254284,5658.42,10,False,-92380.3,6.8897,0.16826
312811620,3788.01,3.09236,2.75697,0.0573596,116.522,15.128,1.34018,1.69387,4.09689,-0.178823,6675.74,21,False,-715.907,6.35834,1.92151
342642208,2158.01,8.60074,0.0149456,0.0677044,116.346,9.854,1.01023,1.32216,4.18688,0.245112,5552.49,9,False,-10795.5,9.12854,0.480925
332860211,2778.01,4.44443,1.33782,0.0512946,116.138,16.539,1.19504,1.15059,4.38924,0.012498,6281.28,11,False,-38370.9,6.88719,0.259907
167415965,214.01,18.5537,11.3749,0.076354,115.849,1.854,0.838416,0.795081,4.56014,-0.088493,5282.95,49,False,-22051.4,12.9639,0.322879
165414210,5620.01,3.28568,1.16733,0.0457579,115.735,11.252,0.792957,0.797966,4.52387,0.0110008,5020.44,7,False,-35203.3,5.87392,0.272865
299897516,2391.01,7.83697,2.31643,0.128452,115.673,19.978,0.993642,1.5439,4.0446,-0.177091,5757.05,24,False,-12181.3,9.11804,0.449938
131743355,583.01,6.56041,2.32422,0.0216069,115.367,12.142,2.18934,1.65992,4.32395,-0.105121,10057.8,21,False,-289171.0,9.81693,0.0914662
279425357,739.01,9.01499,3.0491,0.0313108,115.169,13.927,1.23463,1.80173,4.00415,-0.177914,6250.95,72,False,-7732.82,10.6263,0.554086
410358456,3268.01,1.86412,0.229186,0.0299609,114.81,6.842,0.791688,0.924694,4.39362,-0.371225,5587.12,111,False,-1301.61,2.77027,1.44841
176772671,2603.01,1.33265,1.29553,0.0267755,114.78,12.382,0.579044,0.604442,4.6365,-0.0815816,3930.73,52,False,-18558.8,8.50767,0.363543
347329162,1809.01,4.61703,2.65407,0.0661816,114.737,12.547,1.05216,1.11083,4.35686,0.21875,5727.14,9,False,-20869.2,7.33039,0.346486
288246496,6015.01,4.30499,0.641501,0.0646718,114.709,12.241,1.09368,1.18871,4.31834,0.00220671,6001.0,11,False,-9725.17,7.78242,0.50533
293607057,4987.01,4.28896,1.16521,0.0466352,114.707,19.843,1.39272,2.3258,3.8413,-0.70884,7044.94,22,False,-5813.91,6.87702,0.659144
33350443,4387.01,3.56203,2.36013,0.120604,114.523,17.258,1.54569,2.35783,3.87056,-0.212004,6794.36,20,False,-2493.2,8.25849,0.992198
284173938,3751.01,2.91571,2.26263,0.0652574,114.449,15.809,1.12926,1.25642,4.28388,-0.127691,6236.86,42,False,-26434.7,13.8521,0.288336
102030574,305.01,9.94913,2.14161,0.0705259,114.185,23.976,1.11055,1.45243,4.1525,-0.013219,5981.15,6,False,-664.75,6.89514,1.94226
323002911,3211.01,3.59494,0.995872,0.0417937,113.713,12.323,1.19672,1.32146,4.26698,-0.0217757,6317.96,59,False,-29297.5,8.55032,0.286316
32487566,2386.01,2.75652,2.13465,0.0394065,113.696,12.774,1.13236,1.23346,4.3024,0.129478,6008.41,7,False,-1049.06,5.43181,1.55929
151825527,672.01,3.63358,2.09472,0.0341983,113.672,5.42,0.518598,0.532535,4.69437,-0.157698,3745.76,33,False,-19720.3,7.08425,0.35372
9346507,3826.01,4.98067,4.68127,0.0615848,112.874,17.471,0.933061,1.00467,4.39021,0.0953285,5502.53,8,False,-73291.7,7.373,0.1816
220524097,6722.01,3.96144,1.20907,0.046065,112.868,11.321,0.846493,0.827208,4.53223,0.0155995,5221.0,34,False,-33166.3,11.3958,0.259654
265979849,5210.01,4.56611,1.97144,0.0702509,112.859,10.785,1.11143,1.14811,4.35632,0.109009,5978.77,22,False,-3263.3,7.69351,0.858198
389968080,4031.01,10.0462,7.41268,0.0324787,112.817,14.112,0.896431,0.926951,4.4521,-0.188749,5694.78,56,False,-4316.58,10.9757,0.722536
302333151,2315.01,1.4407,0.832011,0.0292842,112.743,7.886,1.11851,1.15463,4.35895,-0.0591269,6154.56,61,False,-69510.3,10.8597,0.18008
1980725947,3625.01,2.97086,1.21635,0.0621127,112.534,14.662,1.19488,1.25241,4.32128,-0.0613696,6408.5,53,False,-199864.0,9.73171,0.107156
61205803,3636.01,4.218,2.00157,0.0599566,112.164,13.852,0.97513,0.954676,4.46519,0.223924,5513.75,12,False,-67617.3,8.03271,0.186612
117979897,443.01,3.31067,1.76093,0.0700485,112.063,12.924,1.19489,1.25822,4.31202,0.167335,6156.34,16,False,-5941.8,6.58385,0.637794
101696403,4293.01,1.6242,1.57976,0.0437011,111.878,14.633,1.03291,1.00413,4.44548,0.139859,5738.18,11,False,-37408.4,6.73545,0.253331
210445631,1968.01,3.97237,3.04941,0.083837,111.86,14.691,1.30773,1.473,4.2022,-0.0758478,6535.3,7,False,-13544.0,6.28704,0.422767
283015592,4000.01,3.70271,0.666752,0.0712959,111.739,19.412,1.78865,1.60044,4.27107,-0.0334049,8461.26,31,False,-9175640.0,9.23855,0.0157683
321011127,860.01,6.45351,4.86954,0.0361509,111.696,18.002,1.09358,1.5178,4.10978,-0.107331,6018.29,18,False,-8187.31,10.3352,0.522093
9828416,2114.01,6.20991,5.05668,0.083457,111.603,13.595,1.3954,2.00622,3.97565,-0.123248,6526.91,12,False,-51499.9,7.60606,0.213554
320281287,3998.01,1.81451,1.61803,0.0332864,111.573,14.141,1.09568,1.10987,4.38037,0.0582813,5978.63,45,False,-154.556,12.2847,3.74377
186936449,2665.01,2.84564,0.629763,0.0556516,111.476,6.871,1.24459,1.24519,4.3328,0.130288,6251.2,32,False,-10511.9,8.32266,0.468895
98283926,1915.01,2.2921,1.07631,0.0616199,111.401,13.255,1.15379,1.20427,4.33411,-0.0473624,6243.14,52,False,-17007.5,8.85216,0.366458
448589187,2642.01,3.0653,1.25052,0.0512545,111.358,13.839,1.15686,1.20105,4.33994,-0.0553823,6278.98,25,False,-854.558,6.32254,1.67649
308300731,5743.01,7.66036,5.84669,0.0417961,111.353,8.668,0.85391,0.834675,4.52819,0.0164841,5250.0,11,False,-11922.3,8.34202,0.439674
17361,3127.01,3.60654,0.495295,0.0356378,110.721,12.07,1.11238,1.11444,4.38543,-0.0118574,6093.98,17,False,-41685.2,7.78579,0.234945
118406995,2912.01,8.76151,3.45616,0.0606892,110.607,13.52,1.39181,1.68689,4.11408,-0.0356546,6628.83,28,False,,,
88992642,2145.01,10.2611,9.06347,0.148646,110.165,12.489,1.59134,2.70434,3.76377,0.0406562,6179.63,18,False,-14748.7,7.07628,0.395597
219181903,4923.01,12.9175,9.70513,0.0898138,110.163,10.262,1.05076,1.20035,4.29174,0.196221,5730.07,30,False,-528.962,10.2008,2.02937
175477257,310.01,4.26955,2.45015,0.0720185,109.845,12.05,1.07787,1.18467,4.31579,0.0950638,5921.44,22,False,-13409.8,8.8327,0.406524
51637609,6170.01,2.70965,2.1529,0.0902298,109.797,11.241,1.03368,1.08056,4.38178,0.0252909,5838.0,18,False,-10992.7,8.66896,0.449521
121660904,4431.01,4.88548,2.86783,0.0983215,109.695,18.032,1.39335,1.98991,3.9655,-0.00255524,6213.03,41,False,-279.067,7.11418,2.87153
233047097,1875.01,11.3092,7.86003,0.0330918,109.597,15.038,1.09388,1.17775,4.32688,0.0127206,6024.36,60,False,-43464.0,8.99475,0.224872
446549906,2107.01,2.45457,0.701068,0.0473275,109.545,14.048,0.976462,0.939232,4.47873,0.142068,5555.31,27,False,-16489.0,7.00016,0.372161
387275908,2819.01,4.39054,1.95566,0.0394545,109.455,18.514,1.29142,1.80634,4.03144,-0.101318,6313.26,42,False,-6994.81,8.36551,0.563349
156007004,3974.01,1.79229,1.38842,0.0323791,109.403,11.706,0.858353,0.841535,4.52039,0.226887,5118.71,38,False,-6037390.0,11.3877,0.0185886
81419525,580.01,1.54984,0.493306,0.0502402,109.399,7.682,2.09063,1.48745,4.414,-0.454192,11084.7,119,False,-5781.36,15.2546,0.577105
139198430,1891.01,15.3617,7.78647,0.0316581,108.987,9.282,1.08711,1.17858,4.3238,0.00594521,5984.0,9,False,-12307.3,10.5993,0.41332
287643871,5952.01,45.7139,42.006,0.0739466,108.764,6.986,0.922862,0.905388,4.48958,0.0241792,5513.0,4,False,-9120.97,7.71432,0.493124
197743152,6191.01,3.77522,1.62388,0.0364548,108.724,8.844,0.947519,0.934992,4.47226,0.0251647,5585.0,30,False,-24094.9,9.62569,0.297514
237770757,2745.01,1.79333,0.543222,0.0643829,108.696,22.516,1.39732,1.70507,4.1087,-0.00381263,6628.34,11,False,-5088.18,6.02489,0.670895
409594381,4214.01,3.49138,2.74258,0.0636001,108.613,10.72,1.19445,1.40945,4.20955,0.184683,6011.62,27,False,-8462.2,6.56896,0.517002
103096524,4149.01,3.2928,0.646958,0.0397558,108.584,11.667,0.858963,0.849081,4.51179,0.0610081,5257.68,35,False,-57438.0,8.99163,0.193649
294594423,3539.01,6.0978,0.842969,0.0646183,108.558,15.673,1.17851,1.14223,4.39263,-0.158012,6493.25,26,False,-25127.4,7.60331,0.296794
257567854,403.01,3.53261,0.987021,0.0653845,108.451,13.017,1.13582,1.16621,4.35755,0.159203,6023.53,6,False,-10227.2,5.9147,0.472536
309791156,533.01,19.5716,4.78033,0.0808603,108.433,3.522,0.795959,0.769518,4.56061,0.156146,4865.27,46,False,-19792.0,13.78,0.313544
263486257,5037.01,4.12476,0.199432,0.0600617,108.366,17.179,1.24578,1.30252,4.29893,-0.053845,6511.0,18,False,-187.404,3.77907,3.57798
326203952,3529.01,2.58502,2.48138,0.048354,108.171,14.204,0.99018,1.05353,4.3774,-0.162118,5926.74,28,False,-10005.5,7.20257,0.470438
436875934,4514.01,2.7536,0.605208,0.0430961,108.114,10.609,0.836543,0.821352,4.53103,0.128624,5108.19,41,False,-84865.5,9.35248,0.157982
81247740,1855.01,1.36413,0.651295,0.018232,107.849,9.463,0.937884,0.979335,4.42172,0.21167,5448.43,25,False,-49016.1,8.24147,0.209659
453060368,4841.01,9.62845,2.88209,0.0626749,107.685,11.23,0.838564,0.787214,4.56856,-0.457884,5714.69,11,False,-24879.3,9.15088,0.291119
285048486,1728.01,3.4914,0.763014,0.0362439,107.598,4.935,0.589726,0.62449,4.61285,0.0095491,3952.18,20,False,-66835.7,8.02533,0.179483
336613507,3192.01,2.235,1.72711,0.0623627,107.466,29.05,1.34593,1.42438,4.25263,-0.0356984,6737.88,25,False,-8089.92,6.39585,0.523721
277833423,3426.01,6.17865,2.01052,0.082699,107.194,19.104,0.972473,1.31247,4.17606,-0.174807,5832.34,19,False,-12617.4,7.36948,0.414168
264678534,1611.01,16.2017,5.83012,0.0586897,102.194,2.457,0.775493,0.76132,4.56569,-0.0911752,5053.53,22,False,-3826.79,9.35948,0.69954
172518755,1789.01,3.20871,3.20855,0.063718,102.001,8.041,1.39341,2.05278,3.94378,0.0729434,6053.69,43,False,-29346.0,12.235,0.244195
39414571,2364.01,4.01974,3.02578,0.053052,101.959,8.929,0.893879,0.874205,4.50404,0.254637,5225.38,16,False,-21809.2,7.10225,0.299333
169249234,2524.01,7.18581,0.692687,0.08053,101.94,12.379,1.05272,1.08873,4.38242,0.118366,5836.66,16,False,-43798.5,15.9264,0.191527
288242606,4092.01,7.49599,1.2965,0.105683,101.874,12.501,1.0516,1.30114,4.22454,0.0296066,5883.18,45,False,-31695.6,8.51592,0.244371
247518629,2790.01,2.33374,0.156436,0.0710747,101.776,18.898,1.59098,1.71301,4.16189,0.00871363,7432.83,18,False,-5463.11,6.47681,0.600966
65845738,5204.01,1.59359,0.0348841,0.0722888,101.77,16.212,2.19192,1.61872,4.35596,-0.103912,10359.7,66,False,-10454.3,8.23165,0.426359
445751830,3757.01,3.43875,0.0352314,0.0266819,101.58,12.375,0.596943,0.624534,4.61715,-0.0797398,4004.37,17,False,-9018.54,7.21566,0.463108
610976842,4545.01,4.02487,0.409528,0.0446075,101.514,11.002,0.715606,0.717665,4.57548,0.142958,4567.93,14,False,-15249.8,7.61044,0.354379
273270473,6684.01,2.70866,2.61125,0.0363188,101.478,12.896,0.760703,0.745385,4.57172,9.83536e-06,4848.0,32,False,-10407.2,7.4775,0.429435
27774415,4456.01,4.9428,2.45699,0.0585682,101.245,13.451,1.07482,1.16627,4.32722,0.103039,5888.99,56,False,-19498.1,11.2813,0.300248
403136415,1886.01,2.51284,0.780033,0.0457137,101.229,13.132,0.955799,0.910086,4.49588,-0.0428865,5657.23,24,False,-86050.7,7.51109,0.148878
141205978,3862.01,1.55746,1.28613,0.0289561,100.873,6.134,0.914323,0.892075,4.4957,0.189294,5336.73,73,False,-26793.6,8.91502,0.261803
220479565,269.01,3.69772,3.29668,0.0174866,100.818,3.348,0.398801,0.412389,4.80229,-0.106672,3466.61,125,False,-16563.2,13.2641,0.317043
146172354,1036.01,3.77951,3.57043,0.0655631,100.802,6.187,1.07171,1.10064,4.37917,0.156801,5845.17,27,False,-21645.1,9.88288,0.287993
38965512,2615.01,2.26876,1.27432,0.0526813,100.764,12.881,1.03565,1.02407,4.43179,0.191273,5728.49,38,False,-30279.1,7.67008,0.249315
437215469,3400.01,3.80372,0.599519,0.0787666,100.74,23.76,1.24155,1.60473,4.11069,-0.194664,6435.34,7,False,-1061.72,6.26469,1.35254
435259601,4660.01,1.50901,0.686336,0.0340264,100.646,12.712,0.754573,0.736241,4.58029,-0.0979949,4927.73,28,False,-17847.4,6.55574,0.328223
289574465,5190.01,5.74891,0.447332,0.088141,100.411,14.09,1.44574,1.69586,4.12922,-0.0588455,6930.05,26,False,-8636.74,8.26046,0.462134
252876117,3809.01,3.63438,0.336906,0.0490282,100.342,12.879,0.856299,0.821094,4.54253,0.126992,5157.34,10,False,-21267.9,7.46852,0.296781
201177276,2379.01,5.46938,0.603939,0.0308358,100.217,12.025,0.568476,0.602152,4.62901,-0.0677052,3887.54,20,False,-23347.0,7.77953,0.281927
285272237,3681.01,4.6403,0.471071,0.0554029,100.064,9.728,0.897553,0.907877,4.46898,0.0462421,5423.71,14,False,-14196.3,7.02624,0.363908
32443914,6777.01,3.36155,0.427626,0.0887999,100.063,13.291,1.20063,1.3491,4.24225,-0.0479026,6258.0,26,False,-17568.4,8.21114,0.322949
254296853,6846.01,3.33488,1.43243,0.0464389,100.05,13.033,1.01102,1.02879,4.41517,0.0263192,5771.0,26,False,-17767.9,8.22547,0.321035
154618248,245.01,8.773,3.38341,1.90801,99.9673,4.954,1.24204,1.43258,4.21057,-0.128082,6500.55,12,False,,,
94011343,3114.01,4.40708,2.13778,0.0413907,99.8119,11.742,1.03424,1.06258,4.39089,0.215917,5686.72,17,False,-21205.3,6.17555,0.29966
361711730,5027.01,10.2437,10.0357,0.0519684,99.6927,9.258,0.95635,0.934554,4.47192,-0.223263,5879.47,8,False,-33438.1,8.89391,0.231396
290308758,3582.01,4.41687,2.12702,0.0738141,99.5264,15.432,1.34903,1.34407,4.31552,-0.0684166,6878.53,36,False,-6166.53,7.47535,0.546359
439512298,2964.01,3.83313,3.53464,0.0566381,99.4911,15.082,1.34651,1.29269,4.34547,-0.319794,7404.52,28,False,-19355.9,7.40166,0.30847
201642601,1067.01,3.13167,3.05861,0.0418256,99.3447,9.219,0.736068,0.716436,4.59202,0.297638,4543.1,30,False,-644759.0,9.14491,0.0523462
262662119,4531.01,4.53346,2.42533,0.0681491,99.164,13.351,1.09201,1.1369,4.35518,-0.00738498,6023.5,12,False,-451.533,7.61368,2.01226
420202798,4961.01,7.47934,0.761624,0.0600204,99.1572,12.146,0.796796,0.862589,4.46293,-0.0277404,5195.53,8,False,-19899.9,7.01036,0.304413
3896759,3892.01,4.58078,2.71129,0.0681331,99.1046,11.727,0.988739,1.01933,4.40879,0.1511,5624.23,9,False,-14306.5,7.61725,0.356463
180989820,6463.01,9.8729,3.26447,0.17168,99.0407,11.987,1.30993,1.47459,4.20214,-0.0762708,6543.5,15,False,-303.739,4.35499,2.53995
79920467,3288.01,1.43377,0.742211,0.0297608,98.8605,12.485,0.598807,0.643216,4.6006,0.0730726,4007.22,13,False,-33516.3,7.23515,0.23323
303502327,5327.01,4.66712,3.43701,0.0449509,98.8533,10.461,0.837767,0.804036,4.5511,-0.267756,5521.65,27,False,-303.086,17.7588,2.17772
358164738,6509.01,5.60223,0.611761,0.121538,98.7278,10.659,1.19175,1.33805,4.24618,-0.0454636,6237.0,27,False,-227.85,4.58322,2.9186
349312122,5661.01,2.83284,1.79146,0.0396864,98.491,12.507,0.877823,0.853909,4.5153,0.030207,5331.36,10,False,-5046.11,11.8762,0.568332
57753734,3510.01,2.87246,2.129,0.0549467,98.4569,15.154,1.13399,1.07924,4.42373,0.179541,5966.19,42,False,-12857.6,7.75511,0.372787
202283090,6218.01,5.15691,0.269061,0.0467464,98.3052,10.038,0.682915,0.68453,4.60016,-0.00498647,4476.1,5,False,-24854.3,5.76545,0.273546
335499997,680.01,0.433563,0.176156,0.0174568,98.1302,5.94,1.17064,1.64063,4.0704,-0.0100841,6017.16,215,False,-30809.3,8.63714,0.2376
356921678,6524.01,0.851521,0.523716,0.0167708,98.1171,19.355,0.558276,0.588183,4.64513,-0.0121106,3254.0,65,False,-7015.91,6.85618,0.507811
57093805,3344.01,3.22298,0.923279,0.0668957,98.1086,12.234,1.06679,1.15242,4.33239,0.191965,5789.91,28,False,-8165.6,10.4353,0.452191
58723861,5120.01,24.9163,20.1885,0.130932,98.1061,10.933,1.09226,1.32918,4.22485,0.107144,5890.22,4,False,-5277.5,6.17733,0.589822
440872576,3160.01,3.97126,1.20441,0.0470986,98.0404,13.585,1.19145,1.32651,4.26049,-0.079243,6348.69,23,False,-8039.34,12.0624,0.446917
233087860,1184.01,5.74844,0.998083,0.0370868,97.8911,2.313,0.676762,0.677428,4.59915,-0.12054,4434.27,166,False,-11347.1,8.50566,0.39107
66726479,6224.01,1.55543,0.970333,0.0395143,97.7244,13.139,0.871302,0.852185,4.51872,0.0185583,5318.0,38,False,-406.329,8.09295,2.07725
9443323,6052.01,4.01381,1.91364,0.076231,97.6744,9.865,0.979711,0.97364,4.44965,0.0264513,5679.0,21,False,-1240.88,6.5864,1.20607
157266693,1929.01,3.85377,0.992833,0.0642934,97.5337,14.655,0.950168,0.993861,4.41169,-0.152276,5803.05,25,False,-62275.6,7.34349,0.168418
443961200,5484.01,1.12825,0.953382,0.0291629,97.4566,8.66,1.24514,1.46361,4.18544,0.0226986,6235.84,176,False,-8453.47,9.59051,0.4454
258738570,6175.01,4.18753,2.56635,0.0353106,97.3867,12.431,0.933136,0.917723,4.48237,0.0245898,5543.0,11,False,-19773.3,6.13441,0.302422
149179763,6614.01,25.0708,20.1313,0.0307389,97.3431,13.217,0.960875,0.951027,4.46288,0.0256985,5624.0,24,False,-30265.7,17.2597,0.214519
200723869,257.01,18.3877,18.2057,0.128008,97.2241,7.201,1.39298,1.87109,4.02192,0.174905,6149.92,7,False,-6122.33,9.78446,0.520859
118820486,4609.01,2.69218,1.45811,0.0630767,96.9162,16.568,1.68315,1.68658,4.20052,-0.0867341,8075.72,25,False,-9770.39,11.4178,0.403125
81247877,3915.01,2.20118,1.19865,0.0407965,96.6739,13.285,0.816625,0.801465,4.54202,-0.0707387,5215.18,7,False,-7654.86,7.78333,0.473522
207077681,1928.01,2.27838,0.648183,0.106454,96.6722,7.809,0.833118,0.97075,4.37116,0.0648911,5255.51,39,False,-16342.1,8.90987,0.31994
460686828,3031.01,3.99358,3.46748,0.0480447,96.5432,14.786,0.816288,0.911244,4.41876,-0.209564,5466.29,19,False,-356.274,5.87332,2.24478
17993892,1800.01,4.1245,1.89083,0.0686268,96.5282,11.797,1.03219,1.15522,4.31759,0.108068,5780.61,10,False,-26083.6,7.49758,0.256896
181304295,605.01,3.38406,2.92585,0.0324229,96.417,24.951,1.94192,2.9015,3.7921,-1.9479,10613.9,36,False,-3863.43,9.70104,0.650327
67743054,5647.01,4.01343,2.91631,0.0281599,96.3465,11.412,1.05491,1.04405,4.41701,0.0501558,5869.91,20,False,-5464.62,11.1368,0.537266
237358490,4663.01,5.29162,2.55406,0.0482859,96.272,9.596,0.713169,0.704089,4.58411,0.27647,4387.7,11,False,-4825.72,10.2854,0.576956
308073360,3837.01,11.8885,5.81905,0.0911918,96.2155,10.519,1.00858,1.15747,4.3039,-0.208564,6007.97,7,False,-8477.11,7.60848,0.448529
209408136,2681.01,3.12928,2.02485,0.0294578,96.1861,12.299,1.19589,1.29085,4.28969,0.155239,6154.01,33,False,-18118.9,9.35502,0.300622
434260570,2455.01,4.72046,2.60025,0.0240368,96.1045,11.711,0.488269,0.504479,4.71457,0.140617,3586.81,25,False,-9269.77,14.5244,0.394903
251855940,370.01,4.04637,2.48606,0.0519267,96.0081,18.292,1.05552,1.024,4.4355,0.0291306,5888.09,18,False,-22991.0,7.73515,0.271302
247283596,3551.01,3.19408,2.39806,0.0812778,95.9377,15.845,1.49665,2.0524,3.98283,-0.0587375,6758.51,30,False,-4180.01,6.60333,0.644079
238624131,3628.01,3.49451,1.40551,0.051711,95.7952,10.99,1.09584,1.10964,4.38368,0.148175,5923.99,18,False,-7560.61,8.19828,0.469531
448098793,3135.01,3.70659,0.856425,0.0350308,95.7216,13.282,1.01152,0.979038,4.4578,0.0963467,5704.33,8,False,-11016.6,6.44637,0.396405
202059363,7339.01,4.24708,3.91835,0.0885407,95.6775,12.039,1.18976,1.33558,4.24706,-0.0449177,6232.3,16,False,-76335.3,8.50913,0.147022
268823307,2182.01,3.54845,3.42559,0.0876061,95.6577,14.034,1.49684,1.56389,4.21789,0.0400896,7118.19,50,False,-433.228,6.93507,1.99105
258234731,6106.01,6.4237,0.713788,0.0729575,95.6549,14.267,0.95882,0.94856,4.46433,0.0256163,5618.0,9,False,-3928.15,7.90213,0.652655
363259409,6586.01,5.09532,4.61934,0.11357,95.4614,13.099,1.20528,1.35488,4.24019,-0.0491802,6269.0,17,False,-472.345,7.03934,1.90003
154067753,6885.01,11.651,2.08549,0.168759,95.4548,7.76,0.875649,0.856563,4.51635,0.0190769,5335.0,18,True,-39519.5,9.20791,0.202177
249776059,6240.01,1.17974,0.277724,0.0743403,95.4178,15.771,1.2577,1.42008,4.21698,-0.063582,6393.0,75,False,-3171.92,7.86708,0.724679
238914510,6428.01,1.67638,0.695618,0.0316694,95.2541,15.61,1.12822,1.24173,4.29127,-0.015992,6087.0,52,False,-9332.51,8.41591,0.41894
79605791,4416.01,9.33056,3.98451,0.10541,95.0717,15.225,1.19911,1.86613,3.98058,-0.186347,6202.57,8,False,-635038.0,10.3306,0.0495533
228381868,351.01,3.46549,2.53868,0.0778359,95.0628,12.864,1.09441,1.56915,4.08201,0.175235,5732.26,26,False,-252.874,7.10543,2.58739
237913194,2179.01,15.1689,8.97151,0.030714,95.0277,11.175,1.05321,1.0676,4.39892,0.164167,5789.25,14,False,-54411.2,9.45426,0.170956
161223358,2415.01,0.515364,0.164137,0.0187735,94.9535,13.483,0.537923,0.567239,4.65836,-0.152214,3815.55,120,False,-6916.75,9.06585,0.481327
380775661,3305.01,2.02529,1.42173,0.0431323,94.8285,13.062,0.877006,0.859978,4.50676,0.139218,5234.04,22,False,-22380.4,8.96831,0.267463
150428135,700.01,16.0511,14.7821,0.0235084,94.7988,2.623,0.397114,0.406067,4.81145,-0.253699,3514.92,47,False,-415.147,3.99198,2.08192
436873727,4641.01,22.0933,13.1711,0.102194,94.7854,9.813,1.34124,1.77882,4.04979,-0.363888,6762.67,9,False,-3578.52,12.8339,0.638608
150761163,4124.01,3.4138,1.89466,0.055589,94.7387,19.957,1.54319,1.7806,4.11861,-0.132898,7477.33,10,False,-5723.96,8.78667,0.529522
233953967,1350.01,5.54017,4.45643,0.154123,94.6675,17.941,1.84,3.09389,3.709,0.00326656,6787.35,59,False,-218.09,10.7256,2.66034
281541555,115.01,4.74237,4.59585,0.0435817,94.4764,10.493,0.893671,0.859817,4.5213,0.00674711,5420.86,35,False,-70774.7,9.69471,0.148508
14156936,5340.01,4.93938,3.09476,0.094854,94.3571,13.961,1.2902,1.68267,4.08523,-0.0540969,6323.38,18,False,-3571.91,6.76073,0.683228
405428714,6718.01,2.95305,0.116183,0.0713186,94.346,5.529,0.913553,0.894724,4.4957,0.0235975,5483.2,56,False,-7003.28,7.84428,0.481763
92677094,1197.01,4.59602,0.694121,0.0956752,94.2276,16.929,1.58842,2.13203,3.9669,-0.0998398,6997.44,20,False,-8124.52,8.16862,0.444986
399967279,2537.01,94.1014,2.08502,0.0957301,93.9355,12.303,0.8582,0.79864,4.56759,0.109426,5138.79,3,False,-17707.0,7.19813,0.303771
345645749,4041.01,7.88086,6.87629,0.0944044,93.9073,11.313,1.19482,1.41708,4.20703,0.0636634,6158.02,10,False,-21471.5,11.8648,0.260924
68808155,5350.01,7.58076,1.01551,0.0854988,93.8302,12.286,1.11542,1.19007,4.33038,-0.260173,6407.03,6,False,-22359.7,6.23555,0.272992
167227214,7055.01,3.1291,3.03124,0.0640668,93.7708,11.861,0.947519,0.934992,4.47226,0.0251647,5585.0,5,False,-5530.4,8.61853,0.5337
153937417,4447.01,4.1596,1.52908,0.0441642,93.6586,9.52,0.675298,0.676027,4.6009,0.152873,4238.44,31,False,-14909.0,9.65239,0.320631
277507814,1286.01,0.616695,0.156556,0.0174561,93.6033,5.538,1.29293,1.52465,4.1682,0.0297509,6304.94,461,False,-36155.6,9.04142,0.207244
281837575,5143.01,5.20971,0.70507,0.0249027,93.5531,9.933,0.854724,0.838144,4.51893,0.115565,5174.15,13,False,-2603130.0,8.61766,0.0245312
56630436,3396.01,6.47082,4.54969,0.10702,93.5379,20.698,1.34938,1.51006,4.20676,-0.552557,7753.12,17,False,-14483.7,9.02352,0.327273
358070912,3261.01,0.883133,0.533873,0.0316266,93.4465,4.173,0.853696,0.829772,4.52906,0.126691,5155.22,430,False,-12203.6,10.5454,0.349738
118586896,365.01,12.1102,11.8411,0.0411793,93.1534,24.364,1.02353,1.05738,4.39673,0.0257513,5808.0,5,False,-3000.46,7.92547,0.725344
363661031,3185.01,3.5601,1.0247,0.0517627,93.0683,16.639,1.59164,2.09973,3.98744,-0.102337,7156.38,28,False,-2992.65,5.96869,0.742241
100909102,6135.01,3.11028,1.79602,0.0595539,92.9056,11.112,0.973375,0.966034,4.4541,0.026198,5660.5,8,False,-10679.4,5.84168,0.392643
18373995,4617.01,3.48788,0.247302,0.0518564,92.8739,13.983,1.03259,0.98825,4.4585,-0.328159,6213.47,24,False,-717.054,10.2429,1.44012
335655755,4132.01,11.7647,6.6642,0.0911761,92.8398,11.959,1.1761,1.64166,4.07393,-0.0101104,6043.51,26,False,-16579.9,8.94557,0.303638
275887811,3543.01,6.48172,5.50072,0.0585013,92.8183,20.252,2.27284,1.86854,4.23834,0.0825256,9680.86,17,False,-8597.16,7.99148,0.426384
97279971,6409.01,1.53042,0.165293,0.0583613,92.6911,17.942,1.29175,1.46149,4.20265,-0.0727889,6476.0,34,False,-6874.32,6.53011,0.484347
190822775,6166.01,1.80213,0.15174,0.0480875,92.6806,18.489,1.09794,1.19527,4.3148,-0.00021232,6012.0,14,False,-7835.43,6.08873,0.455929
92449173,6719.01,2.17642,0.418743,0.0664519,92.6534,10.007,0.968409,0.960072,4.45759,0.0259996,5646.0,20,False,-4471.02,8.77536,0.584718
67478724,6171.01,3.74773,0.678011,0.0982423,92.6497,8.123,1.04654,1.10992,4.36284,0.0247076,5876.0,15,False,-11147.9,7.29206,0.376771
348756659,4823.01,3.72596,0.334461,0.058764,92.6358,15.798,0.931915,1.07414,4.33634,-0.279353,5909.48,13,False,-25196.9,7.92609,0.248692
455036659,2707.01,4.00719,2.69665,0.0921223,92.5766,18.485,1.29838,1.67674,4.09452,-0.112642,6478.18,11,False,-2435.89,5.96936,0.818124
250111245,5293.01,2.93027,2.07038,0.0315449,92.2985,13.175,0.498916,0.521461,4.70064,0.0914291,3637.88,15,False,-23840600.0,10.6326,0.00779398
344568128,3045.01,2.33043,1.25527,0.0720454,92.057,18.391,1.68707,1.76657,4.1671,-0.0844005,8022.2,34,False,-338.936,9.33647,2.09997
456844391,2601.01,6.02001,4.67106,0.0381496,92.0424,18.521,1.49514,1.60803,4.19695,-0.111741,7668.0,9,False,-15284.9,7.33803,0.319295
156724719,1653.01,10.9569,2.12094,0.056149,92.005,11.096,1.46157,1.58385,4.19789,-0.105313,7106.5,7,False,-14340.1,6.32785,0.333433
198189972,4117.01,25.0929,15.8557,0.108415,91.9426,10.393,1.09659,1.21022,4.30596,0.0994122,5939.08,33,False,-964.122,4.31222,1.31664
231850364,2385.01,3.15813,2.11579,0.0417591,91.8883,11.09,0.738355,0.796449,4.49741,0.168694,4761.49,36,False,-19654.5,7.66358,0.279974
169461816,3563.01,17.8552,10.1233,0.140209,91.8572,14.622,1.39436,1.45521,4.24959,-0.0683556,6938.36,9,False,-404.755,7.59688,1.95658
66561343,892.01,10.6265,7.39169,0.104106,91.7433,11.953,1.19339,1.33242,4.26443,0.111945,6163.49,4,False,-63194.3,6.82584,0.157415
368805700,5674.01,3.57712,3.02583,0.0572394,91.7092,13.352,0.970774,0.978691,4.43603,-0.243972,5949.44,4,False,-23725.5,8.00156,0.253257
334394274,3950.01,3.44882,2.15146,0.0598115,91.6922,14.485,1.11251,1.13053,4.37597,-0.168404,6295.69,42,False,-5344.76,7.92613,0.534056
265146266,2255.01,11.9526,6.35377,0.0486018,91.5183,13.466,1.11224,1.21731,4.30291,-0.00834905,6049.0,22,False,-27996.2,10.634,0.225276
233409941,5221.01,4.42471,3.33911,0.0544035,91.5129,11.306,0.976306,0.922724,4.50108,0.100199,5610.43,34,False,-34892.5,8.52876,0.207026
434171145,3926.01,2.78732,2.15276,0.0739561,91.4739,11.023,1.28856,1.45846,4.20332,-0.0720605,6466.0,50,False,-215.758,7.70767,2.66919
363914762,812.01,13.8665,7.19241,0.127513,91.427,13.617,1.34608,1.48955,4.21448,-0.0848226,6798.92,8,False,-10061.0,8.25009,0.386472
233068569,2181.01,8.37905,3.49301,0.0597748,91.4257,5.279,0.935681,0.901272,4.50131,0.140777,5449.78,106,False,-463.194,3.87785,1.89981
282576340,2494.01,8.37612,5.32675,0.0321176,91.4141,9.083,0.912966,0.878741,4.5066,0.175102,5317.98,8,False,-713.615,8.54702,1.44772
383721338,4553.01,20.3136,8.13681,0.146525,91.3879,11.002,1.34399,1.44699,4.23461,0.156033,6454.9,11,False,-6270.35,7.55653,0.493434
435871546,5318.01,4.95831,1.20898,0.108674,91.2843,18.269,1.49903,2.33014,3.87174,0.283049,5969.17,23,False,-4356.9,7.97159,0.588338
203476998,3245.01,2.8977,1.28467,0.0827067,91.2485,18.314,1.29575,1.59241,4.13936,-0.0564524,6459.58,22,False,-8758.62,7.42021,0.417462
307610438,831.01,1.56174,0.850523,0.0517811,91.2281,6.975,1.02353,1.05738,4.39673,0.0257513,5808.0,45,False,-383.667,12.6786,1.87366
95660472,3819.01,3.24429,1.61682,0.0469797,91.1467,11.744,1.29282,1.41224,4.23328,0.204267,6201.33,49,False,-17082.7,7.45407,0.298416
20182780,3984.01,4.35331,1.08115,0.0402202,91.0577,7.719,0.437831,0.453533,4.75939,0.0422376,3497.95,14,False,-400453.0,15.5385,0.055611
150098860,220.01,10.6953,10.596,0.040779,90.9918,2.884,0.893279,0.848706,4.52872,0.0779864,5312.42,74,False,-117.765,10.8729,3.46642
306472057,791.01,139.305,102.276,0.236497,90.8404,10.531,1.24113,1.36177,4.26225,-0.313988,6866.71,5,False,-485.646,3.6443,1.84775
441453629,2559.01,4.20025,0.292973,0.0465082,90.8272,15.738,0.933013,0.891949,4.50815,-0.108523,5686.45,9,False,-1173950.0,7.74924,0.0357305
288471046,6910.01,2.51395,0.947736,0.0524376,90.7319,11.463,0.947519,0.934992,4.47226,0.0251647,5585.0,100,False,-2212.54,9.96702,0.800553
381544766,3657.01,4.08989,2.76636,0.0526218,90.4706,20.824,1.05361,1.10234,4.37563,-0.246306,6225.81,11,False,-9104.64,7.36033,0.405943
298663873,2180.01,260.174,147.393,0.448624,90.4213,10.163,1.15581,1.50346,4.14517,0.250524,5841.74,3,False,-957800.0,9.65664,0.0384558
144628120,2836.01,3.23793,5.60568e-07,0.0625494,90.3904,11.062,1.13491,1.18333,4.33965,-0.168312,6319.17,15,False,-25481.5,7.73813,0.241293
253126207,6568.01,17.436,10.2006,0.0823817,90.3731,20.281,1.23191,1.388,4.2284,-0.0564972,6332.0,3,False,-3114.11,7.66756,0.690904
123495874,2176.01,7.89144,7.2323,0.0802083,90.3705,12.519,1.15288,1.18383,4.34767,0.11604,6076.94,31,False,-7867.11,8.4472,0.430478
336740528,1352.01,5.29568,2.9482,0.0585429,90.3653,10.699,2.06453,1.51827,4.37456,-0.851189,11664.9,13,False,-1159.13,6.73981,1.14571
272212970,1902.01,1.60918,1.15882,0.0298611,90.3213,17.124,1.24572,1.31486,4.29692,-0.0617971,6570.01,46,False,-22612.1,8.08525,0.254857
12980264,6319.01,3.29639,1.95657,0.0796485,90.2642,10.368,1.04891,1.11533,4.35935,0.0246002,5883.0,14,False,-5521.03,7.53072,0.51898
311703724,3680.01,1.70541,0.61914,0.0240821,90.2253,10.045,1.22007,1.37328,4.23364,-0.0532452,6304.0,77,False,-6985.56,7.66099,0.460417
206686292,298.01,1.32871,0.219044,0.0252001,90.1834,17.436,1.2446,1.61076,4.11129,-0.0731054,6278.03,65,False,-5598.61,8.03526,0.511724
7059054,5072.01,5.18574,2.63692,0.0364499,90.1724,8.256,0.677547,0.684302,4.59771,-0.0317743,4463.48,20,False,-23397.3,8.13051,0.249952
157655504,2859.01,3.95899,1.77598,0.0670925,90.1648,18.85,1.39639,1.55835,4.19236,-0.0554304,6928.08,19,False,-2817.7,8.10886,0.720658
346667887,5181.01,3.89221,0.607462,0.0498467,90.1408,12.834,1.29468,1.46999,4.20909,0.172153,6308.0,26,False,-10659.5,8.67332,0.367747
290403522,6798.01,22.3746,21.221,0.232273,90.0836,13.142,1.29221,1.46182,4.20264,-0.0728766,6477.7,6,False,-283.889,8.14286,2.27407
445407434,3646.01,2.17956,2.01799,0.0520885,90.0259,23.427,1.17396,1.34802,4.23669,-0.0428098,6211.07,21,False,-22370.0,6.87155,0.259094
219499488,4063.01,1.63222,0.990122,0.0299117,89.9644,9.199,0.831603,0.824662,4.5206,-0.0175207,5215.17,58,False,-23580.4,9.76072,0.243401
350432166,6618.01,35.7882,25.8607,0.171877,89.9611,7.869,1.18409,1.32701,4.25105,-0.0423072,6218.9,26,False,-525.813,15.7047,1.51203
207237016,917.01,26.4125,10.872,0.0463598,89.8584,11.792,1.12102,1.23074,4.29645,-0.0126003,6070.0,9,False,-8465.55,10.524,0.401865
4619242,5295.01,4.30248,2.59467,0.0307334,89.7773,10.271,0.529331,0.562616,4.66036,0.147626,3705.7,13,False,-19995.2,8.21699,0.268797
307210830,175.02,7.45073,1.16972,0.0123041,89.7671,1.641,0.278947,0.300968,4.92173,-0.303249,3386.79,83,False,-28.8864,21.2557,6.0954
269850928,2608.01,4.72469,3.49562,0.0839165,89.5458,12.064,1.13258,1.38538,4.20393,0.202248,5850.79,65,False,-14382.4,10.4856,0.307229
233719215,4054.01,17.3567,7.082,0.0383551,89.515,9.271,0.734903,0.724908,4.57815,0.0194677,4708.21,27,False,-308.518,4.98233,2.24986
420112217,4163.01,21.5616,18.3778,0.11802,89.4984,8.686,1.11526,1.14885,4.36062,0.043397,6058.92,39,False,-575.437,3.75928,1.66861
281731203,685.01,11.6334,2.29205,0.098969,89.4946,9.785,1.05117,1.5652,4.05508,0.0383996,5683.18,10,False,-17905600.0,8.23542,0.00894861
1716467085,2149.01,0.58425,0.284325,0.0161808,89.4649,5.28,1.1267,1.33468,4.22971,-0.116018,6162.1,380,False,-6460.96,6.82156,0.479209
175176327,602.01,11.0999,0.0342577,0.0367265,89.4031,18.811,2.29861,2.38401,4.04481,0.380724,8961.45,11,False,-19865.3,7.96096,0.269284
160578764,1930.01,2.87865,1.20417,0.0401873,89.3992,12.516,1.15273,1.22288,4.31616,0.0142054,6141.88,22,False,-10022.3,7.13361,0.382975
146589986,1032.01,5.66437,2.9869,0.0774411,89.3649,16.089,2.29411,2.35467,4.0456,-0.695635,11032.8,22,False,-65711.3,10.2776,0.143772
179580045,2248.01,62.1621,11.8245,0.0884503,89.3069,13.915,1.5465,1.54123,4.24297,-0.238045,7950.27,15,False,,,
217838717,5025.01,2.88466,2.16626,0.054503,89.2922,19.748,1.54537,1.45077,4.30338,-0.112876,7822.94,14,False,-4266.37,6.58823,0.590206
160930264,3334.01,1.9241,1.23787,0.0570184,89.2433,16.333,1.29284,1.32857,4.29419,-0.0801424,6647.7,19,False,-19536.0,7.74942,0.271717
366622912,515.01,3.11489,1.64144,0.0415844,89.235,12.712,0.735477,0.72751,4.58121,-0.187156,4959.67,44,False,-9123.61,7.28508,0.399859
279514271,2339.01,9.77276,7.46741,0.146311,88.9337,10.968,1.29382,2.1611,3.88337,-0.0300302,6000.67,64,False,-14778.8,10.443,0.300896
332710679,3417.01,2.71947,2.05108,0.0488854,88.9308,12.668,0.89301,0.862256,4.51657,-0.0167966,5437.66,18,False,-2389160.0,7.50545,0.0245479
76663549,2916.01,3.92168,0.114378,0.0427285,88.8923,15.449,1.13947,1.039,4.45312,-0.544463,6776.34,28,False,-9133.6,7.63838,0.396246
247409676,5334.01,3.61343,0.931429,0.0677486,88.8577,15.833,1.16979,1.44445,4.17696,-0.00778226,6105.37,23,False,-4465.56,6.8761,0.571847
239361732,5911.01,4.00978,3.13517,0.0819963,88.7415,15.921,1.22028,1.37355,4.23354,-0.0533033,6304.5,26,False,-11315.9,7.42297,0.356267
455784423,3629.01,3.93654,1.63596,0.0396883,88.7293,8.443,0.568323,0.605921,4.62684,0.179401,3815.82,12,False,-24049.7,7.63999,0.243676
379286801,1115.01,4.45198,0.344118,0.0307214,88.6593,13.591,1.3931,1.49553,4.22971,-0.0175381,6904.99,22,False,-2396.55,12.5076,0.725242
97766057,4379.01,3.25353,1.58408,0.101056,88.5545,15.564,1.19373,1.82941,3.99588,0.0514755,5944.01,29,False,-3400.53,8.68985,0.638437
464300749,3362.01,18.0953,3.30657,0.0540548,88.5245,13.75,1.4878,1.64238,4.16775,-0.0527939,7141.64,10,False,-26110.3,13.8886,0.21525
259377017,270.02,11.3797,3.73284,0.0457657,88.5048,2.106,0.33859,0.349543,4.87473,-0.456802,3532.38,14,False,-17094.8,11.8556,0.273205
21119973,5347.01,1.71092,0.913339,0.0322453,88.2337,10.133,0.755036,0.76368,4.54634,0.10348,4801.34,53,False,-6818.51,9.11049,0.446602
301986302,6154.01,2.30178,2.26426,0.0311902,88.1499,12.08,0.719959,0.713166,4.58679,-0.00286908,4654.0,10,False,-10442.4,5.90256,0.375107
37150278,5692.01,1.69297,0.213892,0.0322116,88.0712,12.069,0.894634,0.886298,4.49282,-0.0116821,5467.44,18,False,-4315.93,8.4816,0.564709
941340744,3351.01,4.3115,2.007,0.0524162,88.0323,14.257,1.29303,1.36633,4.27101,-0.309249,7005.78,12,False,-3608.41,6.44102,0.633161
115524421,2064.01,8.80389,5.30249,0.058325,88.0231,8.652,0.950687,0.914475,4.48726,0.194432,5420.77,15,False,-49626.3,7.24227,0.168983
280097543,375.01,9.45464,6.28271,0.201322,87.9945,12.784,1.24532,3.13306,3.52382,-0.108207,5080.55,30,False,-334.97,4.30606,2.13715
375942197,5815.01,3.89903,0.590988,0.100121,87.7599,12.09,1.15575,1.28376,4.27145,-0.0289601,6152.0,11,False,-4596.91,7.23879,0.553573
394137592,120.01,11.5351,6.90399,0.289815,87.7439,7.893,1.29756,2.1004,3.91454,0.270498,5729.2,9,False,-5357.68,7.95109,0.50811
88529975,5592.01,2.60858,1.95346,0.0294482,87.7159,13.67,1.2423,1.31227,4.28147,-0.0216498,6385.46,32,False,-10222.6,7.36075,0.370398
412521892,4775.01,2.47329,2.15185,0.0414249,87.6802,16.617,1.3882,1.82984,4.04256,-0.0684985,6487.42,28,False,-4330.32,7.52589,0.567769
118329434,3430.01,5.09498,1.45555,0.0935083,87.4312,17.796,1.49536,2.05673,3.97918,0.0304094,6611.53,17,False,-234022.0,7.89679,0.0766138
167573692,6601.01,32.5445,19.1054,0.0273752,87.3988,27.648,0.558276,0.588183,4.64513,-0.0121106,3230.0,7,False,-53349.9,14.1047,0.147874
67772767,939.01,7.61067,0.220966,0.0824386,87.3949,11.079,1.29317,1.35136,4.2768,-0.0710162,6595.28,8,False,-18678.4,7.00811,0.27411
72542131,6532.01,5.47323,3.09411,0.0519473,87.383,19.267,1.18854,1.3338,4.24785,-0.0444021,6229.4,9,False,-5596.21,6.7345,0.50249
101037590,1605.01,8.70938,8.04296,0.0439103,87.1427,11.563,1.00491,1.41584,4.12833,-0.119962,5848.89,4,False,-6520.62,7.41607,0.460176
237222864,1255.01,10.2889,8.29626,0.0303744,87.1044,2.883,0.854779,0.83465,4.52611,0.176901,5135.91,88,False,-6357.3,8.77999,0.457855
231736113,1406.01,10.574,3.66051,0.080866,87.0382,9.77,1.24367,1.27923,4.30801,-0.0979047,6518.47,14,False,-6433.0,7.53967,0.461975
449491381,3026.01,4.82067,0.93688,0.0832645,87.0055,15.938,0.950852,1.07674,4.34538,-0.380521,6060.56,10,False,-18383.1,5.7309,0.279355
157230659,6278.01,7.53273,1.34224,0.118377,86.9616,8.843,1.04417,1.10451,4.36633,0.0248151,5869.0,17,False,-2696.18,7.27276,0.71548
340700241,2944.01,7.79208,3.1336,0.0441416,86.9272,18.55,1.24515,1.29701,4.29932,-0.239774,6716.03,27,False,-5068.68,9.32074,0.508087
312991501,3804.01,3.29056,3.03809,0.0506656,86.8348,14.217,0.975204,0.987692,4.43394,-0.0236227,5747.77,18,False,-17052.9,7.41004,0.283446
260962960,3703.01,3.89038,1.91286,0.0799143,86.7852,16.221,2.0827,1.68982,4.29495,-0.0699998,9758.85,17,False,-3820.05,7.56381,0.597487
406976746,1063.01,10.066479369868128,3.0129014766631674,0.0437498903164056,86.7009,,0.819201,0.794363,4.55252,-0.0690029,5212.06,16,False,-591.368,9.97366,1.47291
437333618,843.01,4.29864,2.62303,0.0563125,107.185,14.091,1.05176,1.06387,4.39838,0.0899622,5832.66,14,False,-1681180.0,8.7048,0.0353932
131025778,3374.01,2.65432,1.673,0.0636593,107.037,28.13,1.44606,1.60148,4.18157,0.0781494,6844.06,19,False,-85002.4,8.58311,0.157363
279741379,186.01,35.6134,25.0042,0.0658804,106.778,2.827,0.694395,0.707948,4.56998,-0.0284902,4560.19,12,False,-1521.67,15.237,1.09437
190986054,4248.01,5.14406,2.74131,0.120382,106.582,14.789,1.7881,1.76222,4.18843,0.0128168,8209.58,17,False,-6952.84,7.63285,0.553084
159438097,4120.01,4.89528,0.85065,0.106572,106.488,14.041,1.28831,1.62966,4.10637,0.0924827,6118.85,52,False,-570.049,8.46079,1.91678
191928543,2602.01,7.2351,4.45582,0.112609,106.445,17.353,1.69324,1.57005,4.27039,-0.0314696,8184.69,10,False,-118001.0,8.20931,0.133263
293853437,629.01,8.71794,3.6438,0.125463,106.384,12.355,1.89007,2.32249,3.97803,-0.287861,8566.49,9,False,-3766.36,6.823,0.756225
26017005,4535.01,4.09847,1.4232,0.0386524,106.228,13.276,0.931419,0.926395,4.46672,0.118257,5455.15,27,False,-869917.0,13.003,0.046577
200805484,2654.01,2.9676,1.62205,0.0325274,105.946,7.834,0.734749,0.708016,4.59512,0.289419,4467.22,44,False,-607984.0,11.6246,0.0563693
217980791,6141.01,2.66113,1.74835,0.0328382,105.873,17.643,1.12958,1.2438,4.29029,-0.0166304,6090.2,18,False,-6403.75,7.59741,0.572394
289793076,108.01,3.04405,2.77487,0.0473647,105.673,13.214,0.854055,0.81509,4.53989,-0.222824,5485.07,37,False,-36509.3,11.9236,0.228645
350023518,5169.01,8.03872,3.28226,0.0329511,16.1134,,0.795974,0.767423,4.56117,0.00459642,4979.74,11,False,-106.637,6.63936,0.431057
245509452,3688.01,3.24608,1.5252,0.0646108,105.639,13.206,1.1979,1.24477,4.32577,0.0756912,6258.88,16,False,-17724.4,7.91868,0.342067
251090642,7464.01,20.0416,8.7702,0.0651289,105.332,16.094,0.558276,0.588183,4.64513,-0.0121106,3560.0,4,False,-19378.2,6.89121,0.329555
346081845,3940.01,3.48956,2.1023,0.0406005,105.196,12.726,0.657011,0.672092,4.60074,0.144026,4200.83,21,False,-187655.0,8.85072,0.103641
288636342,1692.02,17.7285,13.3628,0.133111,66.5278,7.506,1.34073,1.37675,4.28228,-0.098851,6852.75,24,False,-82.7989,6.00036,3.13174
369474541,6843.01,5.49739,3.75365,0.0950982,105.111,12.555,1.21035,1.36119,4.23794,-0.0505739,6281.0,10,False,-781.608,7.15655,1.63498
269701147,1339.03,38.3511,32.1967,0.112777,104.82,3.005,0.892715,0.883481,4.49036,-0.0585772,5486.03,18,False,-102095.0,8.93595,0.139839
415276070,4773.01,1.74947,1.08284,0.0447226,104.739,11.351,1.24199,1.52708,4.1502,-0.223419,6503.77,43,False,-5721.26,7.57327,0.598747
44792534,954.01,3.68491,0.960803,0.0948465,104.671,9.154,1.34546,1.78212,4.05357,0.272729,5931.95,18,False,-14806.2,9.8243,0.363261
416542079,3860.01,3.00124,1.50479,0.0607887,104.298,15.036,1.07585,1.17289,4.32346,-0.22006,6215.27,32,False,-33363.4,8.9106,0.243362
398371628,4165.01,7.14061,1.58187,0.0301106,104.292,9.222,1.01487,0.959053,4.47574,0.170521,5628.05,54,False,-463.455,12.3123,1.99542
327341626,1553.01,5.93821,3.68317,0.039557,104.241,17.212,1.4485,1.93778,4.02104,-0.114,6824.54,14,False,-13898.0,10.1314,0.372031
370010846,6723.01,3.48535,1.9341,0.0573842,104.153,13.585,0.996471,0.995565,4.4366,0.0269791,5728.0,37,False,-209.639,6.01425,3.17284
18795429,3404.01,2.50878,2.21593,0.0495735,104.084,13.668,1.05583,1.01255,4.4519,-0.122044,6087.9,19,False,-38400.0,8.21725,0.22798
146776480,2605.01,20.6006,18.5846,0.021458,104.076,6.517,0.498696,0.510475,4.71541,-0.161372,3705.69,7,False,-6189.73,10.0555,0.557001
352469839,3598.01,3.70269,3.05831,0.030669,104.027,18.744,1.23832,1.39107,4.22813,-0.315819,6721.78,46,False,-10057.7,8.16334,0.445494
393831507,1820.01,4.86065,2.97009,0.0506585,103.967,11.585,1.07078,1.35766,4.19639,0.0456221,5867.7,8,False,-8095.51,7.14751,0.501522
23982469,4441.01,4.37459,0.784774,0.0900433,103.824,19.418,1.64311,2.0061,4.04428,-0.0500119,7476.09,21,False,-3154.05,8.36195,0.7924
88684250,990.01,4.58736,3.08357,0.090568,103.733,11.754,1.8978,1.94059,4.13806,0.0669141,8411.4,18,False,-2960.31,6.04802,0.836984
141608198,210.01,9.01054,4.51857,0.0367128,103.402,2.358,0.279088,0.305509,4.91159,-0.104749,3315.7,100,False,-193.102,6.00488,3.28205
147203645,166.01,5.06113,1.04387,0.0228799,103.384,7.885,0.974256,0.939547,4.4745,0.256805,5456.73,19,False,-17112.5,8.25447,0.3389
322504451,5243.01,1.6088,0.42267,0.0427773,103.362,16.414,1.19512,1.61985,4.0957,0.250552,5853.45,82,False,-6496.23,7.33767,0.555285
29344935,109.01,2.76676,0.817165,0.0483946,103.349,12.005,0.914857,0.906174,4.47908,0.0557517,5452.83,40,False,-46015.2,10.3631,0.202003
230001847,2337.01,2.99428,2.02687,0.133776,103.129,11.327,1.14634,3.05043,3.51495,0.0892216,4886.66,210,False,-11765.1,11.2618,0.394722
198186769,1291.01,7.16198,5.39935,0.161359,103.102,5.543,1.39768,1.65158,4.1441,0.226883,6462.96,142,False,-193.849,5.69874,3.27587
283419843,5818.01,2.60543,1.91081,0.0798697,103.076,14.071,1.06082,1.13807,4.34567,0.0208992,5916.0,16,False,-17566.7,6.96318,0.337947
206352378,318.01,3.74637,3.17005,0.0346208,102.991,10.744,0.754464,0.729869,4.58307,0.0716915,4728.05,33,False,-94776.8,8.5918,0.14289
31634579,2658.01,8.87594,8.68422,0.0685795,102.939,16.938,1.01604,0.980067,4.45769,0.0981552,5709.46,14,False,-23979.6,7.57035,0.287004
334482103,2564.01,3.7257,0.616228,0.0428087,102.929,10.705,1.05434,1.0529,4.41162,0.288536,5698.18,49,False,-40054.8,8.3874,0.220135
159117779,5206.01,4.47165,3.24009,0.131957,102.927,18.052,1.44515,2.26981,3.87805,0.0190344,6173.23,56,False,-568.103,8.12187,1.85696
286696849,4646.01,8.92844,4.47826,0.055532,102.908,12.46,0.696866,0.707847,4.56985,0.182924,4417.04,4,False,-26919.4,6.65561,0.273388
357661805,3456.01,17.0299,12.6345,0.0498318,102.839,11.858,0.83658,0.828659,4.51681,0.198807,5040.18,6,False,-22195.5,8.07188,0.296436
447192619,3469.01,2.6567,2.46168,0.0767241,102.753,21.134,1.44581,1.47598,4.25882,-0.174015,7464.0,18,False,-25961.5,7.69221,0.27494
322262448,4043.01,5.11912,1.51905,0.114846,102.722,14.321,1.28715,1.54738,4.15082,0.166158,6130.94,28,False,-70487.3,9.93876,0.162855
186547153,608.01,1.19084,0.881549,0.0349513,102.713,7.609,1.49514,1.60803,4.19695,-0.111741,7471.9,77,False,-8595.56,7.67166,0.477772
285592400,7425.01,1.2816,0.381742,0.0450123,102.655,19.269,1.2298,1.38538,4.22933,-0.0559165,6327.0,17,False,-8814.51,5.79223,0.480841
357634632,3009.01,3.36534,2.24033,0.0715383,102.637,20.395,2.58674,1.8029,4.32815,-0.167164,11661.2,38,False,-15940.2,7.26537,0.352037
137881699,1781.01,2.97208,2.20095,0.0907941,102.627,17.71,1.34265,1.77533,4.05001,0.0744491,6150.8,20,False,-3932.42,8.64173,0.698629
463508231,2956.01,4.12773,4.09478,0.0299886,102.294,13.146,0.957995,0.904115,4.50924,-0.14052,5812.73,24,False,-9231.88,7.67405,0.458964
26865340,5510.01,5.73829,4.17816,0.0989246,86.6168,19.05,1.43593,1.86072,4.0442,-0.204452,6876.78,7,False,-5303.96,7.04033,0.509293
439926641,3080.01,4.57453,3.28465,0.0975123,86.5768,25.743,1.24371,1.64678,4.08904,-0.364969,6657.94,18,False,-7318.11,6.87022,0.434261
332534326,2714.01,2.49935,0.868285,0.0579406,86.57,12.986,1.13419,1.1413,4.36957,0.134736,5993.69,20,False,-5114.24,7.03998,0.518355
206785987,2500.01,2.95531,1.09263,0.0663854,86.5165,14.568,1.63919,1.61745,4.22612,0.00839999,7740.69,24,False,-20024.7,12.8453,0.242618
231063955,2378.01,3.49728,2.49885,0.0348331,86.4279,11.524,0.752004,0.786508,4.51715,-0.16124,5080.84,26,False,-13906.7,7.07849,0.313583
160037058,2573.01,4.58153,0.686407,0.0618961,86.4151,14.843,0.990997,0.992946,4.43342,0.133559,5627.77,12,False,-25969.2,8.99587,0.223883
378227267,3179.01,4.70763,0.509152,0.0365471,86.3909,25.187,0.752894,1.48386,3.95462,-0.578076,5368.15,17,False,-21266.0,7.02264,0.253636
13023378,344.01,6.06719,4.12057,0.0578151,86.3825,9.984,1.07805,1.07299,4.40951,-0.146069,6178.42,16,False,-15890.6,7.41547,0.291939
288671122,5179.01,0.287479,0.26989,0.00677314,86.3463,5.583,0.995993,0.980913,4.44694,0.133071,5635.96,1209,False,-5327.21,9.70638,0.489427
221882319,3484.01,5.18908,4.96801,0.102986,86.0969,17.623,1.39156,1.6824,4.12316,-0.00102102,6668.77,8,False,-30795.0,6.98209,0.210095
7439480,6110.01,1.25413,1.02389,0.021992,86.0482,19.104,0.558276,0.588183,4.64513,-0.0121106,3642.0,39,False,-9042.7,6.56577,0.389551
58372253,5328.01,5.48848,1.30829,0.139526,86.0364,15.988,1.48957,2.12759,3.93683,-0.211776,6756.82,16,False,-255920.0,8.70813,0.0712306
141141249,2911.01,1.77009,0.134085,0.0267758,85.928,13.15,0.518065,0.539894,4.68215,0.232477,3635.02,57,False,-8828.43,9.98475,0.376696
426122272,7242.01,2.93835,1.73717,0.0641255,85.9124,16.71,1.11636,1.22363,4.29981,-0.0104057,6059.0,13,False,-5915.7,6.76213,0.479648
1525480,2402.01,5.50948,4.12272,0.0579705,85.8511,8.673,0.933036,0.909566,4.48522,-0.0125221,5564.91,16,False,-25088.6,8.50284,0.22757
259506033,3705.01,1.90231,1.82971,0.0284031,85.8271,10.885,0.995451,0.938695,4.4872,-0.0856177,5830.72,28,False,-16446.9,7.61656,0.284209
467971286,2204.01,2.22525,0.845352,0.0435484,85.8185,10.513,0.837557,0.834746,4.5168,0.0667065,5184.83,30,False,-37623.9,8.65005,0.185397
35652085,2997.01,2.20601,1.9081,0.106145,85.6635,15.278,1.3876,1.85257,4.03019,-0.00157906,6372.11,48,False,-8326.68,9.10974,0.391001
411839167,2461.01,6.18026,1.07043,0.0778395,85.5194,12.524,1.34353,1.60436,4.14592,-0.251663,6914.78,17,False,-15051.0,6.76592,0.299161
274017513,6855.01,26.3333,21.0423,0.0574665,85.4676,8.889,0.869,0.849868,4.51997,0.0182838,5309.0,8,False,-3853.07,10.1368,0.565703
150430484,859.01,5.15432,2.23188,0.0167798,85.356,4.529,0.758361,0.742281,4.57678,-0.0765217,4939.72,179,False,,,
23179035,5770.01,1.45291,1.2882,0.0315002,85.3478,17.788,1.08812,1.18013,4.32297,0.00537344,5986.6,25,False,-4280.84,7.68821,0.55327
9392421,1822.01,9.61365,1.71723,0.102151,85.3259,13.516,1.07621,1.4983,4.11012,0.0346628,5835.17,5,False,-2128.81,5.76006,0.804043
298600443,5391.01,13.6501,5.28083,1.05006,85.2726,3.898,1.03654,1.0068,4.44816,0.0615894,5834.17,52,False,-3652.77,10.344,0.577914
407653728,5957.01,3.25202,1.7355,0.069922,85.2559,20.028,1.36725,1.51589,4.20054,-0.0872484,6756.31,23,False,-74067.2,8.62568,0.131212
40055053,5240.01,4.17932,4.00951,0.107864,85.2233,16.951,1.8428,2.15065,4.02985,0.0131511,7911.96,25,False,-10248.2,7.17929,0.359295
48210046,2920.01,3.20031,2.53462,0.0551013,85.2118,15.94,1.03161,1.14532,4.32247,-0.377608,6243.43,15,False,,,
98545929,1916.01,1.88824,0.560787,0.0719007,85.1821,13.081,1.84496,1.80121,4.18969,0.183621,8147.73,63,False,-2650.2,11.9141,0.663517
133107143,3403.01,11.2205,5.1137,0.0698913,85.1646,17.894,1.6417,1.54784,4.26389,-0.0403446,7923.78,10,False,-16885.8,6.90087,0.280681
133655284,3378.01,2.61012,0.765276,0.0842127,85.0815,14.196,1.54706,2.37773,3.86651,-0.0118795,6493.53,71,False,-244.878,8.77,2.28142
39080923,2381.01,5.04512,3.45856,0.0265077,85.0756,14.106,0.915193,1.05433,4.34524,0.0369014,5532.63,30,False,-156502.0,8.20521,0.0905484
309292963,4888.01,9.41854,4.61546,0.0954871,85.0098,10.787,1.33884,1.51614,4.18769,0.0128887,6500.28,35,False,-36484.5,9.69718,0.183742
352682207,4010.01,5.41463,0.921152,0.0514819,84.838,6.184,0.833632,0.807371,4.53618,0.2654,4947.02,26,False,-18984.5,16.8716,0.229882
368713985,6562.01,4.0937,1.92828,0.100741,84.8263,10.616,1.08672,1.17799,4.32413,0.00616512,5983.0,15,False,-7656.47,6.57584,0.416798
336399144,3946.01,5.70335,2.72641,0.0565582,84.7566,16.407,1.09337,1.14876,4.35286,-0.204103,6272.63,11,False,-10391.7,7.14449,0.354831
364395234,1232.01,14.2545,4.86403,0.08813,84.5203,9.491,0.992893,1.02884,4.40374,-0.150661,5931.19,56,False,-0.00747204,117.507,15.5693
332911893,4672.01,6.61311,3.91861,0.108207,84.4022,14.272,1.19376,1.35404,4.24208,-0.0448299,6278.84,7,False,-3059.32,6.29831,0.658284
276376289,5906.01,30.1181,5.47343,0.0545684,84.381,12.744,1.02387,1.05815,4.39623,0.0257359,5809.0,7,False,-26410.3,8.6724,0.2171
394721720,4378.01,1.06907,0.827059,0.0212405,84.171,6.586,1.03601,1.08423,4.37656,-0.123319,6019.32,142,False,-7948.4,9.20722,0.391888
434813314,6294.01,9.2887,8.90609,0.0553333,84.147,9.902,0.740574,0.729101,4.57935,-0.00169077,4753.0,9,False,-11053.4,8.17902,0.336755
21113347,3497.01,4.21807,2.6017,0.0573866,83.8667,10.098,1.01406,1.03574,4.41068,0.026181,5780.0,11,False,-16795.0,6.69248,0.277521
16288184,1049.01,2.18053,1.04018,0.0541686,83.8338,16.244,1.15081,1.19367,4.33794,-0.112845,6293.18,29,False,-2988.71,13.0896,0.603261
432114158,3763.01,2.00438,1.2487,0.0626911,83.7451,15.593,1.58969,1.52408,4.2651,-0.0387687,7730.78,19,False,-2922.66,7.05799,0.661292
134183038,2887.01,4.91798,2.5651,0.0721088,83.5848,17.943,1.24517,1.19046,4.37386,-0.31019,6815.92,20,False,-33575.4,7.82405,0.192677
84599716,4615.01,5.3192,1.92956,0.128267,83.5545,21.189,1.49459,2.41709,3.83201,-0.21745,6520.88,20,False,-1513.0,7.60661,0.910557
55778666,5230.01,7.14521,4.99709,0.0622907,83.5423,11.832,0.97771,0.947312,4.4743,0.117891,5601.03,18,False,-554832.0,9.48173,0.0463324
284418751,2588.01,3.58715,0.45856,0.0263938,83.5015,10.439,1.39734,1.66274,4.14028,-0.111469,6971.15,44,False,-7889.82,9.20318,0.389849
8516795,2169.01,8.21484,7.67766,0.0780988,83.4496,11.926,1.3938,1.74429,4.085,0.0373352,6442.2,13,False,-8562.73,8.95267,0.375213
206541859,4406.01,30.0835,18.0608,0.0620878,83.3335,10.699,1.17291,1.2589,4.30108,0.0550036,6175.54,4,False,-12219.4,8.25576,0.316528
158170594,1240.01,1.72086,1.44343,0.034861,83.2546,14.38,1.1584,1.24444,4.30412,0.190399,6019.13,153,False,-347.225,7.85958,1.8909
141762491,5588.01,8.91095,6.67291,0.0375187,80.2719,17.236,1.14769,1.47338,4.15299,0.100357,5937.58,27,False,-1166.24,8.29358,0.983122
192982424,5483.01,3.77033,2.69041,0.040814,80.2642,16.042,1.13098,1.46513,4.15427,0.0441275,5959.04,17,False,-5530.97,6.35901,0.463184
270342589,2189.01,4.43433,1.40227,0.0519988,80.2513,11.029,0.917598,0.909418,4.47983,0.195478,5358.8,36,False,-35914.8,8.22935,0.177102
157088184,4223.01,7.26542,0.142744,0.0662219,80.2434,12.524,1.03254,1.01549,4.43691,-0.0706681,5956.18,11,False,-27487.5,7.96629,0.203158
79292541,642.01,2.2786,0.151742,0.0338036,80.0893,11.337,2.09902,2.34237,4.01518,0.379655,8077.41,39,False,-3148.4,6.27728,0.61324
232567319,4056.01,5.05188,3.93257,0.0824534,80.0383,9.546,1.28895,1.49031,4.18935,0.0725234,6309.4,32,False,-422.348,6.73567,1.66615
154926644,7000.01,2.78976,1.11504,0.0733752,80.0102,7.278,1.0188,1.04656,4.40371,0.0259662,5794.0,98,False,-286.115,6.85604,2.02226
383410746,3177.01,2.11465,1.54262,0.0376436,80.0099,19.099,0.813894,0.830221,4.50421,-0.125493,5295.1,26,False,-29288.7,6.99362,0.198824
307210830,175.03,2.25311,0.789783,0.0197899,79.8872,0.911,0.278947,0.300968,4.92173,-0.303249,3386.79,272,False,-21.4783,21.2557,6.0954
310994622,3868.01,18.5657,12.1046,0.0783099,79.8659,7.69,0.757878,0.743921,4.5751,0.18767,4723.07,10,False,-14205.0,8.15049,0.280422
368734712,4009.01,4.32714,1.58062,0.0433811,79.8147,14.199,1.39473,1.63741,4.13812,0.208314,6363.34,45,False,-6735.08,8.02107,0.407734
20069685,2735.01,1.96663,0.34404,0.0305907,79.7758,13.507,0.716386,0.710096,4.58616,-0.0502821,4680.21,11,False,-19407.3,6.3425,0.245652
4616072,466.01,4.18762,0.773719,0.0541094,79.6483,14.002,1.19479,1.24426,4.32581,-0.112915,6467.85,23,False,-9166.13,7.84392,0.349542
404505029,1842.01,9.57386,3.55459,0.079141,79.6333,12.285,1.38794,1.98055,3.96649,0.0682376,6102.12,4,False,-8824.33,6.83125,0.361199
339207264,6050.01,5.48315,0.853407,0.0983024,79.6005,12.268,1.19429,1.34121,4.24505,-0.0461604,6243.0,6,False,-4860.41,7.96171,0.478965
280096473,3262.01,12.8771,6.47131,0.0315571,79.4763,11.365,1.06844,1.10936,4.36908,-0.0560516,6019.8,21,False,-11810.4,8.74793,0.303312
293880523,5996.01,109.051,21.1522,0.141708,79.4128,12.285,1.49514,1.60803,4.19695,-0.111741,8953.0,5,False,-39.6309,11.1583,5.15234
470159478,2032.01,17.0097,8.29211,0.0348744,79.3896,14.082,1.30953,1.4743,4.20215,-0.0761935,6542.0,9,False,-7055.23,8.5483,0.393088
285526706,2817.01,6.28044,5.67642,0.0607156,79.3146,10.558,1.03644,0.978361,4.46877,0.151494,5710.49,15,False,-6402.94,7.45116,0.418586
382626661,283.01,17.6175,8.17141,0.077946,79.2623,2.316,0.836947,0.805407,4.54908,-0.0208005,5220.82,52,False,-1248.64,11.8518,0.889781
271307949,4766.01,1.93255,0.00657852,0.029498,79.2388,10.394,0.815729,0.799905,4.54142,0.199453,4961.47,25,False,-4088.77,6.88101,0.527474
13737885,3382.01,4.45755,3.19604,0.113674,79.1567,14.504,1.49871,2.06601,3.97842,0.146829,6455.01,19,False,-4008.59,7.08697,0.530605
282221346,5042.01,5.63158,2.36624,0.125787,79.1085,10.463,1.44757,2.08377,3.94581,0.266108,5998.3,27,False,-175.998,5.58062,2.5964
334305570,777.01,8.30085,4.66608,0.0941204,78.8735,7.954,1.29676,1.43198,4.22818,0.077391,6401.84,8,False,-4746.06,6.21039,0.491634
298372701,906.01,1.66479,0.728474,0.0277518,78.8316,6.351,1.09148,1.5664,4.08454,-0.688118,6696.79,42,False,-15911.7,9.74431,0.255244
233078665,1876.01,6.48275,4.16198,0.0448079,78.7524,12.114,1.29071,1.56726,4.14123,-0.407765,6895.7,105,False,-713.384,3.12413,1.32147
130981260,4177.01,3.69281,1.95864,0.0790505,78.7429,15.418,1.64036,2.04773,4.01997,0.0019547,7185.1,18,False,-4197.19,6.24728,0.521604
45191604,3020.01,3.03274,0.683935,0.051354,78.6982,21.793,1.46629,1.58724,4.19776,-0.106215,7124.0,34,False,-2514.56,8.8043,0.649823
74274839,2919.01,4.69569,4.32498,0.0508357,78.6329,11.705,0.934595,0.872352,4.52559,0.252343,5303.94,11,False,-31740.4,7.38023,0.186377
248111245,770.01,4.63705,1.95089,0.0926278,78.607,15.04,1.44542,1.5309,4.22562,0.0424918,6979.29,18,False,-3135.49,6.64488,0.599101
73692250,7437.01,2.57259,0.793246,0.0187382,78.5529,17.523,0.558276,0.588183,4.64513,-0.0121106,3163.0,18,False,-65.7732,7.1578,4.15422
30254887,3516.01,2.50153,0.570229,0.0334219,78.5006,9.151,1.24727,1.46382,4.19254,0.211561,6071.19,53,False,-7913.15,8.8068,0.365149
235711993,5615.01,11.7673,7.36627,0.0478785,78.3976,14.19,1.11793,1.10875,4.39663,-0.106988,6235.77,16,False,-8890.22,8.99442,0.343057
150388393,3876.01,6.58467,3.59957,0.0452442,78.3949,15.118,0.948201,0.970327,4.43355,-0.156888,5799.76,11,False,-10284.4,9.26261,0.317707
458641144,2584.01,4.69655,4.62029,0.061551,78.3948,15.216,1.24278,1.31082,4.29211,-0.00602434,6434.3,19,False,-20804.4,7.49489,0.229074
270219048,2307.01,2.682,2.59874,0.027641,78.3699,11.566,1.09776,1.12255,4.37321,0.267829,5833.49,32,False,-10542.3,7.31962,0.322502
372747949,4169.01,3.40269,0.291807,0.109749,78.3374,12.629,1.24243,1.87477,3.9903,-0.0626879,6149.05,80,False,-1534.06,14.7358,0.757274
362111691,4992.01,4.88075,0.419226,0.0613246,78.293,22.617,1.34875,1.53921,4.18777,-0.00675161,6673.13,15,False,-2881.6,8.20485,0.608682
376632626,3866.01,2.1371,1.67315,0.0475997,78.2899,13.013,0.950945,0.965453,4.44017,0.113624,5539.78,20,False,-21360.0,7.13148,0.226899
173298412,3616.01,2.41886,1.90763,0.051926,78.2537,21.604,1.89075,2.55927,3.88526,0.0115767,7546.72,32,False,-308.927,7.18472,1.89026
156002449,324.01,5.28487,4.07593,0.0860566,78.2438,22.176,0.974542,1.24601,4.23135,-0.42082,6142.81,8,False,-3761.8,6.71402,0.54364
278623780,5853.01,3.7215,2.51616,0.0418627,78.2165,16.545,1.02286,1.05583,4.39773,0.025782,5806.0,9,False,-10675.9,7.29935,0.319876
441572821,4161.01,4.26081,2.77651,0.124884,78.2098,15.653,1.74005,2.33975,3.93721,-0.0424337,7457.75,42,False,-101.295,3.64404,3.48229
281118572,5834.01,3.52438,1.57974,0.0338479,78.1976,12.009,0.684768,0.685963,4.59949,-0.00488054,4485.0,6,False,-14025.4,6.36312,0.282681
230980206,2649.01,3.37559,0.351335,0.129225,78.088,10.106,1.15797,1.21074,4.33077,-0.160724,6392.88,21,False,-958.671,9.91954,1.02714
396740648,1694.01,3.76978,1.17485,0.0556504,78.0591,5.645,0.816189,0.791669,4.55097,0.115357,5007.78,12,False,-3899.82,6.06358,0.537404
462808933,5185.01,4.27878,2.15876,0.0895473,78.032,20.236,1.4926,1.97478,4.01354,-0.0616938,6865.79,18,False,-3034.48,7.3381,0.598265
48103627,657.01,4.56965,2.52666,0.0740502,77.9756,13.163,1.19245,1.2315,4.32973,0.15167,6155.6,14,False,-8783.05,8.97766,0.343129
281408474,628.01,3.414949474748771,0.895393320500175,0.1127521480552649,77.9682,8.752,1.17627,1.37251,4.22453,0.108448,6045.49,14,False,-4071.22,7.28257,0.516394
391900348,2630.01,9.71305,9.66316,0.0322147,77.948,9.687,1.14436,1.26636,4.27965,-0.0235933,6125.1,44,False,-340.511,15.0004,1.59429
232603560,4108.01,14.4349,11.408,0.126796,77.9462,9.132,1.34776,1.74717,4.07112,0.253088,6061.96,66,False,-168.619,5.56569,2.61175
230017324,1280.01,9.69264,7.94206,0.0581103,77.7896,3.251,0.737399,0.719034,4.58772,0.0621039,4670.98,93,False,-119.908,7.20179,3.02627
284679064,2566.01,4.21019,1.20136,0.0531973,77.7071,8.006,0.796013,0.77867,4.55298,0.143814,4905.54,30,False,-31286.9,10.548,0.176938
142784687,2575.01,3.17112,0.52716,0.0689638,77.6423,12.22,1.19186,1.22833,4.32775,-0.0143232,6288.19,38,False,-5580.08,8.5189,0.431304
122418622,3017.01,3.05256,0.613519,0.0661549,77.5298,19.025,1.19243,1.35586,4.24231,-0.140059,6422.77,9,False,-1309.42,5.64111,0.926571
13574009,5884.01,5.83106,2.98642,0.0651336,77.4438,11.161,1.25643,1.4185,4.21754,-0.0632336,6390.0,13,False,-4685.18,6.35766,0.484081
40292751,5786.01,12.7792,0.394302,0.103547,77.4148,9.655,1.20993,1.36066,4.23813,-0.0504577,6280.0,11,False,-5116.84,10.831,0.433865
156999527,4788.01,4.39307,1.07519,0.0451766,77.4037,14.088,1.19946,1.27134,4.3099,-0.0985163,6474.94,15,False,-25855.5,9.33682,0.19727
141363913,601.01,3.47775,0.0288806,0.0440605,77.3381,12.016,1.88778,2.71621,3.83717,0.0159992,7421.3,47,False,-206.566,7.98456,2.25896
12862099,259.01,2.42374,0.632717,0.0398666,77.1101,12.292,0.933245,0.912834,4.48317,0.155966,5422.99,8,False,-8322.9,5.82676,0.364165
468981993,2556.01,8.01499,1.5866,0.0856758,77.0736,8.613,1.19363,1.27412,4.29516,0.196609,6081.2,19,False,-196.112,16.5191,2.02469
126733133,570.01,1.46871,1.12365,0.0187201,76.8613,5.341,1.15397,1.23905,4.306,-0.00660977,6178.38,125,False,-29780.8,13.1244,0.172116
461968320,3066.01,12.2027,9.68706,0.044787,76.7378,11.604,1.06698,1.1143,4.36677,-0.147139,6127.19,12,False,-37040.0,7.88437,0.166719
345697569,3941.01,2.88178,1.60825,0.0574325,76.7213,15.53,1.24345,1.2637,4.32267,0.00839474,6407.62,28,False,-2272.3,8.62529,0.666034
403693870,6875.01,3.52492,3.3488,0.0591707,76.7145,22.39,1.17735,1.31673,4.2559,-0.039135,6203.0,18,False,-2598.15,8.41469,0.624696
219189765,737.01,1.73185,0.0255837,0.0290109,76.6965,11.974,0.548484,0.585254,4.63997,0.12247,3759.0,54,False,-10897.0,7.59031,0.308529
176442805,4833.01,3.65199,0.843667,0.0758384,76.6437,14.178,1.59178,1.71841,4.15935,0.00908727,7431.66,22,False,-278.038,7.52393,1.93846
88996391,2121.01,2.31957,5.10998e-06,0.0486713,76.6229,5.687,0.674937,0.697729,4.54874,-0.297827,4484.31,52,False,-51890.3,8.96909,0.138401
63013648,5547.01,19.6314,16.0648,0.0533859,76.5411,9.035,0.970716,0.976132,4.4386,0.085898,5607.22,6,False,-21950.1,8.4479,0.214186
248387177,2425.01,50.694,37.1242,0.0789058,76.5198,8.724,0.817401,0.78732,4.56017,0.0236402,5099.11,3,False,-321150.0,11.2429,0.0536766
399346877,4003.01,3.96067,0.188844,0.0704981,76.4891,15.438,1.29889,1.31662,4.31667,-0.114307,6844.36,26,False,-101906.0,9.85823,0.0972659
291465998,4246.01,12.8859,2.38254,0.0980053,76.4513,12.604,1.09583,1.0901,4.40306,-0.125973,6206.64,10,False,-15462.9,8.71895,0.253844
29857954,172.01,9.47691,1.56943,0.093407,76.4466,11.199,1.23645,1.69968,4.06457,0.00549254,6090.62,12,False,-4531.95,10.2128,0.458603
139877968,4652.01,18.6225,8.08867,0.0609395,76.3746,10.646,0.794949,0.937101,4.38495,-0.697214,5905.17,7,False,-21735.6,11.1643,0.206128
308778563,6285.01,6.85809,6.7843,0.109767,76.3425,9.331,1.3265,1.48653,4.20168,-0.0794432,6605.0,10,False,-3961.49,7.54224,0.509538
909930,5287.01,4.19779,3.56532,0.0751321,76.2673,14.999,1.17731,1.86115,3.96013,-0.0824393,5969.71,8,False,-18143.0,9.06634,0.232505
269400980,2557.01,9.83019,9.63889,0.0598608,76.1997,18.619,1.6968,2.34162,3.92414,-0.143792,7463.8,13,False,-257.712,7.52535,2.00097
455153906,4772.01,2.88946,1.57715,0.0470481,76.145,13.344,0.929558,0.928046,4.46411,-0.0817998,5640.73,17,False,-7605.68,7.7904,0.365302
298752252,4089.01,3.24629,1.89282,0.0245896,76.1201,13.165,0.954314,1.28027,4.19161,-0.511701,6124.32,17,False,-3447.28,8.90449,0.533662
230127302,1246.02,18.6552,5.61607,0.0782528,48.3054,3.065,0.872373,0.842576,4.52342,0.231091,5135.54,200,False,-93379.5,11.5602,0.056035
192259856,2906.01,3.70628,2.92209,0.0584452,76.0997,15.33,1.17503,1.13228,4.39688,-0.163079,6463.12,13,False,-7667.75,7.90406,0.362974
165985431,3842.01,3.6564,1.88059,0.0463367,76.0631,11.602,0.776275,0.753656,4.57485,0.2886,4735.8,6,False,-47867.4,5.45845,0.150385
77044471,228.01,2.6865,1.97626,0.0453533,76.032,13.005,1.01507,1.08154,4.36707,-0.032634,5862.59,33,False,-8131.36,8.12087,0.351001
1003831,564.01,1.65114,0.167548,0.0143833,75.9464,6.942,0.975074,1.03587,4.38723,0.0821167,5640.8,54,False,-88865.6,8.89477,0.104816
128558444,6009.01,1.55006,1.24784,0.0256722,75.8711,10.002,1.49514,1.60803,4.19695,-0.111741,8552.3,47,False,-4092.98,7.1226,0.500905
165598669,7393.01,3.33656,1.70608,0.0215291,75.8698,13.359,0.558276,0.588183,4.64513,-0.0121106,3846.77,12,False,-30104.8,8.92549,0.179802
363749415,3447.01,3.65624,0.369368,0.081217,75.8573,11.487,1.17172,1.37543,4.22185,-0.000816555,6153.75,25,False,-5949.87,8.09433,0.40946
452743735,6180.01,2.74325,0.698927,0.0498232,75.8463,22.773,1.12822,1.24173,4.29127,-0.015992,6087.0,9,False,-16099.7,5.46825,0.25849
114516994,5132.01,1.59859,1.22772,0.0274687,75.794,11.933,2.09119,2.17936,4.068,0.0169237,8793.2,53,False,-4171.41,5.67736,0.506045
21997420,3345.01,2.19177,1.41482,0.0690753,75.7936,26.388,1.54169,1.70118,4.15562,-0.102831,7461.57,19,False,-4253.75,7.24121,0.489941
386161311,3006.01,8.6133,8.55817,0.0463995,75.7691,20.989,1.13157,1.53309,4.11941,-0.112747,6112.36,13,False,-12874.6,7.51071,0.280358
196474344,6320.01,3.63594,2.16456,0.0775118,75.7577,20.284,1.2429,1.40167,4.22353,-0.059517,6358.0,12,False,-2496.16,6.57718,0.64556
436102447,2359.01,5.18736,2.53393,0.145159,75.7406,17.231,1.49358,2.36548,3.85522,-0.0675076,6365.12,8,False,-2063.65,6.33148,0.712406
860207014,5670.01,14.6173,12.8106,0.175802,75.703,15.93,1.34727,1.83308,4.03546,-0.209041,6617.03,9,False,-15706.3,8.54393,0.249738
376765646,6340.01,8.26868,6.24397,0.107288,75.6992,11.33,1.20781,1.35803,4.23907,-0.049877,6275.0,20,False,-190.651,7.55078,2.31128
408743161,5305.01,4.4632,4.0576,0.0776072,75.59,13.523,1.13166,1.24098,4.29583,0.0369152,6070.93,19,False,-10670.1,12.1804,0.286091
153078576,2407.01,2.70296,0.854671,0.0295807,75.5291,4.357,0.519463,0.543896,4.67961,0.166102,3664.69,48,False,-5671.12,9.64995,0.407747
95191643,6417.01,3.34583,1.7963,0.0767486,75.5064,11.393,1.12907,1.24302,4.29066,-0.016391,6089.0,14,False,-4343.36,6.57339,0.48755
293612446,2466.01,2.6267,1.85674,0.0797533,75.5033,17.74,1.39642,1.63914,4.14438,-0.135953,6918.53,25,False,-114665.0,8.68353,0.0919546
289931756,2980.01,3.59105,1.70812,0.052344,75.4219,20.02,1.00888,1.04728,4.39586,-0.0264533,5854.33,13,False,-11927.0,6.04328,0.296065
409896170,2866.01,1.57284,1.14454,0.0369599,83.2403,13.485,0.875925,0.833693,4.5336,0.047674,5268.83,31,False,-12829.5,9.71533,0.30252
374348168,4282.01,13.5095,9.38106,0.0410867,83.1653,16.542,0.88893,0.916315,4.45721,-0.336213,5822.11,3,False,-34995.6,7.38513,0.188775
438777551,3161.01,1.40103,0.649272,0.0456458,83.0976,18.678,1.54574,1.41911,4.3218,-0.252269,8180.96,36,False,-20346.7,5.84017,0.252407
122695048,3726.01,4.84105,1.40534,0.04753,83.029,16.599,0.989072,0.965776,4.45984,-0.240322,6002.72,11,False,-8259.83,7.39556,0.387861
210441429,6563.01,2.4053,0.446867,0.0620221,82.9994,10.23,0.911711,0.89287,4.49671,0.0233778,5476.0,11,False,-24626.7,5.8018,0.229247
178709444,762.01,3.47168,0.538568,0.0225983,82.9644,8.483,0.407571,0.428309,4.77678,0.250201,3396.71,32,False,-21772.5,7.94285,0.23694
64938667,3619.01,3.19878,2.46441,0.0631581,82.7868,18.206,1.29187,1.47614,4.20648,-0.0854096,6642.74,38,False,-47747.4,7.81287,0.159892
289445553,3230.01,1.81989,0.365315,0.0402252,82.5269,11.82,0.855848,0.836563,4.5245,0.228796,5104.23,14,False,-16195.6,6.21549,0.279451
4729001,2941.01,0.712781,0.150438,0.0249961,82.3946,18.314,0.967598,1.00716,4.40913,-0.320804,6025.84,68,False,-5027.41,7.55312,0.491993
381789320,3304.01,3.49305,1.37183,0.059018,82.3021,13.998,1.15922,1.32617,4.24759,-0.00622262,6150.89,18,False,-46207.6,8.43632,0.160132
219728669,1852.01,2.36015,0.0204046,0.0444878,82.1665,13.562,0.892818,0.870431,4.50728,0.138624,5298.37,15,False,-18784.3,8.42716,0.250733
343726435,3600.01,5.01662,4.61483,0.0631375,82.1227,18.105,1.29466,1.44056,4.21603,-0.49693,7269.47,31,False,-2442.4,8.3445,0.696005
35972578,4857.01,1.88812,0.563979,0.0557476,82.094,14.027,1.09318,1.30226,4.24014,-0.526593,6629.25,53,False,-7666.9,7.25117,0.398376
287494667,5013.01,8.98949,3.76055,0.0382189,82.0475,27.05,1.54543,2.42806,3.85142,-0.205124,6786.2,34,False,-115.078,8.47293,3.22072
113117112,3287.01,2.71765,2.15968,0.0663871,82.0381,17.678,1.39427,1.43744,4.26855,-0.0148621,6939.59,22,False,-3713.85,7.61013,0.569309
152245179,6107.01,3.7899,0.538976,0.0778024,82.0016,16.214,1.49514,1.60803,4.19695,-0.111741,7810.0,19,False,-16529.4,7.63101,0.26958
149917086,3847.01,11.0783,2.69211,0.0535901,81.984,10.65,0.891262,1.01005,4.37402,-0.12439,5641.19,13,False,-71458.2,9.16271,0.126946
355703913,111.01,2.10616,0.797881,0.0216712,81.9662,11.15,0.930544,0.899755,4.49271,0.0728581,5462.06,62,False,-20048.9,8.81172,0.240771
231630147,4400.01,7.06426,0.116488,0.0617782,81.9407,17.0,1.13074,1.47586,4.14743,0.148184,5876.66,16,False,-412.979,10.4985,1.64226
278821913,4288.01,6.0597,1.21081,0.0260292,81.9242,8.558,0.834836,0.797798,4.55583,0.171522,5026.6,58,False,-209267.0,11.3538,0.0718874
230084146,4109.01,12.3203,0.563311,0.0474869,81.8107,4.927,0.597576,0.626171,4.61903,-0.0544261,4009.85,68,False,-53853.7,17.8781,0.128382
158002130,1180.01,9.68678,7.69196,0.0521545,81.7559,3.063,0.717078,0.710706,4.58769,-0.0336221,4676.61,40,False,-10851.5,8.46591,0.327893
198725468,3515.01,3.04156,0.217734,0.0732128,81.7129,9.751,1.0256,1.06209,4.39369,0.0256577,5814.1,33,False,-12297.7,7.68967,0.311087
405532603,6236.01,3.30472,2.23009,0.0279637,81.6175,13.857,1.13458,1.25143,4.2867,-0.0189846,6102.0,13,False,-4549.3,7.77231,0.510328
142635225,3852.01,16.102,10.7463,0.071138,81.5462,14.958,0.874602,0.919048,4.44302,-0.578691,6004.46,6,False,-3758.88,11.3512,0.533703
394346647,2620.01,10.3559,7.74497,0.0640651,81.5111,17.035,1.05186,1.15139,4.33263,-0.0691041,6021.52,10,False,-28681.8,7.37065,0.20401
365447203,3639.01,5.72082,2.96413,0.0581844,81.3979,15.134,1.09118,1.07124,4.41258,-0.0996499,6134.58,28,False,-335.584,7.92496,1.87455
129637892,155.01,5.44996,1.37684,0.0933201,81.3848,6.409,1.39418,1.7272,4.09989,0.0868567,6472.92,17,False,-19905.1,8.82308,0.239681
400430915,1866.01,2.18631,0.580394,0.0794362,81.3651,10.672,1.44355,1.88478,4.03837,-0.150428,6845.35,173,False,-245.746,8.34504,2.17913
123233041,2177.01,3.52248,1.8069,0.0584929,81.315,14.446,1.29169,1.42883,4.22744,-0.0278505,6511.58,48,False,-4714.19,7.90491,0.498365
408636441,1759.01,18.85,6.80569,0.0697507,81.2583,3.432,0.577857,0.606781,4.62942,-0.130339,3946.52,12,False,-915471.0,12.8894,0.0332977
467931774,6779.01,1.35037,0.128093,0.0344658,81.2576,8.384,0.762975,0.747537,4.5707,0.00044021,4858.0,32,False,-13983.7,6.5222,0.294534
29780740,6513.01,2.42146,0.69427,0.0285377,81.2474,11.182,0.558276,0.588183,4.64513,-0.0121106,3642.0,91,False,-10314.4,10.585,0.324266
383214426,5889.01,2.40128,0.907177,0.0371371,81.1927,12.262,0.63042,0.643951,4.6191,-0.007987,4224.0,7,False,-10253.5,6.40375,0.34422
145750719,303.01,3.56079,3.42716,0.0703663,81.1523,11.098,1.12983,1.3077,4.24641,0.192543,5888.78,23,False,-9908.71,9.09668,0.337362
230388132,4057.01,2.40769,1.06762,0.0265848,81.1068,8.194,0.992818,0.960477,4.47013,-0.0114498,5776.34,227,False,-32370.8,8.59061,0.187826
268334473,1691.01,16.7369,2.00088,0.0973627,81.0699,3.62,0.972937,0.982118,4.43905,0.0178542,5704.62,21,False,-8910.83,10.9951,0.345976
9348006,1775.01,10.2405,7.10672,0.0698082,81.0209,8.613,0.853173,0.822984,4.53668,0.101978,5163.64,4,False,-3121.86,7.78089,0.61107
144124187,2395.01,7.86863,6.66701,0.0766932,80.9735,12.316,1.13652,1.13992,4.37956,-0.142408,6343.52,13,False,-1361.88,9.71619,0.90054
44737596,552.01,2.78865,2.14568,0.0334904,80.9495,10.314,0.557554,0.584577,4.64433,0.0291295,3797.89,24,False,-113794.0,7.66592,0.101235
162922904,1931.01,3.81862,3.41138,0.0899827,80.8305,13.486,1.34534,1.81767,4.03881,0.0381109,6231.47,23,False,-3102.07,7.98744,0.609695
314375831,3955.01,3.12772,2.51453,0.0452525,80.8048,16.388,1.24468,1.30513,4.30521,-0.171317,6715.44,21,False,-3632.99,8.21369,0.561408
420016507,2676.01,3.40817,0.507883,0.0789156,80.7484,17.042,1.24086,1.46673,4.18053,-0.0200891,6255.31,13,False,-4838.01,6.18259,0.499688
469967533,6829.01,23.8419,7.65042,0.0971899,80.6603,14.574,1.06361,1.14236,4.34335,0.0193158,5923.2,8,False,-3140.45,8.61024,0.599359
357299852,2949.01,2.86523,2.7056,0.0390408,80.5316,13.806,0.930179,0.998756,4.40065,-0.444564,6060.9,46,False,-35647.0,8.23175,0.178452
266980320,118.01,6.03446,3.89344,0.0399269,80.5169,4.532,0.993273,0.991562,4.4381,0.179438,5610.01,16,False,-27051.2,9.08178,0.202404
219485050,4065.01,3.59078,3.40895,0.0693742,80.4967,9.659,1.05146,1.07761,4.38918,0.215646,5745.29,36,False,-5879.9,10.7342,0.424044
53875855,1491.01,4.49026,4.45019,0.0638094,80.3983,6.281,1.05534,1.1759,4.30895,0.14196,5785.68,14,False,-4179.22,8.31076,0.519783
251705938,6370.01,2.91249,1.99023,0.0831073,80.3127,13.2,1.11301,1.21851,4.30226,-0.00878888,6051.0,12,False,-4368.15,8.58656,0.505863
219854519,4582.01,31.0343,4.27647,0.23856,80.2783,10.671,1.24427,2.38051,3.77131,0.122988,5254.76,23,False,-140.985,4.63507,2.98783
390651552,1827.01,1.46712,0.954181,0.0202525,75.4149,1.469,0.288932,0.311734,4.90235,-0.15146,3335.96,24,False,-7042.7,8.17289,0.373448
292477426,3327.01,4.17944,0.988323,0.081145,75.346,15.486,1.33607,1.85125,4.01154,-0.0763326,6261.64,22,False,-11012.9,9.29338,0.293339
306249066,6596.01,26.162,22.5334,0.0579448,75.3183,12.685,1.15025,1.27535,4.27541,-0.0263665,6139.0,4,False,-15544.7,7.69954,0.252751
235037761,131.01,6.240778753005043,0.7612442824173845,0.022051284864574,75.2784,,0.677539,0.714478,4.55016,0.121845,4424.85,9,False,-167825.0,13.8262,0.0699022
238059180,386.01,5.11199,2.08405,0.0285021,75.2132,10.9,2.193,2.50454,3.98213,0.127201,8752.94,90,False,-102.981,4.2857,3.28475
157225097,1854.01,2.5265,1.76886,0.036243,75.1519,11.316,0.815341,0.803901,4.52938,0.214651,4926.53,13,False,-4879.88,7.96218,0.448322
446158352,4442.01,4.04343,2.17904,0.0667415,75.1275,19.909,1.34406,1.66664,4.11366,-0.11305,6628.44,40,False,-2602.24,8.75812,0.606561
285354178,3679.01,5.9664,2.82353,0.0515416,75.0858,12.87,0.913498,0.86282,4.52681,0.0336642,5438.95,8,False,-27416.3,9.12517,0.185644
269043098,3965.01,4.72535,2.73335,0.106267,75.0367,16.784,1.6435,1.64069,4.21395,-0.439991,8744.21,22,False,-7919.99,7.61597,0.353087
136122328,3570.01,2.10836,0.942843,0.0639273,74.9984,19.561,1.49514,1.60803,4.19695,-0.111741,10984.0,44,False,-284730.0,8.69345,0.0579041
204317710,255.01,2.81265,1.85709,0.0531023,74.9251,12.678,0.972079,0.977613,4.43589,0.0325993,5649.1,31,False,-5445.07,8.77321,0.417851
238171173,2186.01,4.47692,4.38628,0.0502899,74.9018,13.063,1.11132,1.24473,4.28246,0.154922,5896.62,33,False,-16809.9,7.49959,0.242273
94609570,3655.01,3.33256,2.98822,0.0324072,74.8398,16.529,1.18875,1.33412,4.2477,-0.0445018,6229.9,24,False,-22836.2,9.7782,0.20064
113648563,3286.01,2.03256,0.755023,0.0255194,74.8321,10.991,0.812665,0.785858,4.55226,0.108589,4979.57,21,False,-7934.46,7.13995,0.354185
154126149,3873.01,3.89515,0.729311,0.0281668,74.6853,14.082,1.08975,1.41646,4.16658,-0.122609,6057.59,55,False,-495.643,7.58107,1.40752
189625051,2604.01,4.90889,1.38344,0.108395,74.6459,16.626,1.49808,1.95327,4.02822,0.000562695,6816.66,16,False,-2959.81,7.96028,0.571424
270604417,2543.01,7.54277,5.83265,0.128971,74.5985,8.933,1.23943,1.39736,4.22507,-0.0585646,6349.8,14,False,-133.49,7.80274,2.71228
424733642,1858.01,2.09117,1.67258,0.0178333,74.5944,10.338,0.6747,0.683467,4.5904,0.0982803,4301.06,15,False,-34734.4,7.71815,0.16722
317520667,7058.01,2.46525,0.531072,0.0674111,74.4232,19.25,1.39195,1.53368,4.19984,-0.0919781,6848.0,7,False,-1167.15,7.69015,0.911121
427153307,3928.01,2.20353,1.69643,0.0499351,74.2516,13.284,1.2403,1.37014,4.25565,-0.0630996,6467.34,75,False,-2094.07,8.04593,0.674567
369455629,2199.01,3.37699,2.21586,0.0474886,74.2379,8.632,1.11248,1.14886,4.35901,0.217155,5907.85,23,False,-119802.0,7.79942,0.0894481
56096837,2700.01,4.66363,2.89805,0.0505734,74.1881,12.098,1.05561,1.06527,4.40045,0.0702347,5868.86,9,False,-481.794,6.96603,1.43019
139375960,1601.01,5.33171,2.58259,0.123928,74.1854,13.8,1.44377,2.04956,3.95896,0.18158,6119.49,7,False,-5274.41,7.13401,0.430333
264912889,3683.01,1.36971,0.829741,0.0322033,74.1588,15.456,1.5422,2.24085,3.91775,-0.308234,7219.99,47,False,-1653.23,8.21957,0.756245
139707575,6437.01,8.30994,0.384306,0.154783,73.7855,13.094,1.33835,1.49506,4.20135,-0.0817129,6649.0,9,False,-3383.27,7.37438,0.532243
204496071,6960.01,1.30596,0.217841,0.0182823,73.7541,8.823,0.819607,0.801178,4.54522,0.0111694,5107.3,66,False,-1088.62,22.6664,0.722277
422423972,5297.01,3.30149,0.962262,0.0463541,73.7461,12.779,1.24603,1.44675,4.20206,-0.0650415,6413.38,21,False,-1882.29,8.46689,0.701588
348437470,3664.01,3.29748,1.28645,0.0527599,73.7146,13.421,1.07364,1.0468,4.42349,-0.00923825,5975.95,17,False,-32291.8,8.77544,0.168406
394918211,4377.01,4.37801,2.9647,0.163459,73.6374,14.31,1.12406,3.27694,3.45132,-0.0163004,4930.28,28,False,-6525.34,7.78578,0.379953
265242905,3588.01,3.70375,1.61476,0.0922684,73.6234,13.74,2.49261,1.75715,4.33951,-0.161966,11447.4,36,False,-7681.44,30.3782,0.229969
186614891,3642.01,4.08467,0.0561924,0.036214,73.6099,13.649,0.937055,0.900172,4.50251,0.124938,5463.84,7,False,-9139.74,5.99864,0.329605
387544178,5331.01,22.7545,14.7625,0.0609514,73.5844,11.993,0.955661,0.897916,4.51424,0.0387326,5589.66,7,False,-1304610.0,7.78745,0.0268438
235683377,1442.01,0.409068,0.0933041,0.0111147,73.5839,1.362,0.279679,0.309982,4.90243,-0.0442633,3293.9,2230,False,,,
45299834,2923.01,4.32263,4.25866,0.0581599,73.504,13.682,1.15359,1.19811,4.33996,-0.0614565,6276.4,30,False,-10020.6,7.28083,0.308319
306337838,2397.01,6.00328,0.588532,0.080591,73.4913,7.83,0.997104,0.981489,4.45207,0.195982,5610.35,15,False,-2502.73,11.4853,0.57785
386620582,5518.01,4.46999,2.60526,0.0690311,73.4864,15.372,1.29493,1.32411,4.29942,-0.0998311,6665.56,8,False,-961.505,6.81086,1.00316
329672278,4960.01,4.0557,4.01911,0.0342838,73.4584,23.637,1.64585,2.37064,3.89989,0.000410398,6925.7,18,False,-2504.18,6.78712,0.621147
307201632,6326.01,2.35574,1.34419,0.0697217,73.4475,17.627,1.35424,1.50651,4.2009,-0.0847564,6708.0,7,False,-2223.69,6.87651,0.658203
262530780,363.01,8.22385,7.74338,0.0379729,73.4286,12.076,0.752237,0.862824,4.433,-0.365764,5402.29,13,False,-2690.28,10.4764,0.565831
160328683,2496.01,1.57472,1.2676,0.0270993,73.4188,15.381,0.518837,0.543951,4.67659,0.232916,3639.15,45,False,-2415.35,9.401,0.607304
287268770,5600.01,10.7174,9.83768,0.0536068,73.4172,12.833,0.792086,0.777855,4.5525,-0.016526,5034.02,6,False,-11335.9,8.80595,0.28282
198390247,1453.01,6.58869,0.442183,0.0353477,73.4004,2.343,0.754112,0.72175,4.59427,-0.0549435,4825.52,127,False,,,
165468291,3871.01,4.75436,1.64342,0.037815,73.3478,11.951,0.957222,0.938567,4.47049,0.163964,5500.66,9,False,-5641.08,7.47146,0.408814
54002556,1847.01,35.4558,4.73906,0.0635392,73.1892,8.55,0.81794,0.799725,4.54585,0.13962,5021.52,4,False,-533.305,19.8438,1.07855
94986319,421.01,16.0675,2.13319,0.0505289,73.1516,5.11,0.891599,0.852135,4.52326,0.134187,5263.2,6,False,-5966.74,9.57386,0.383627
304142124,1793.01,55.0855,14.9123,0.126092,73.1376,3.648,0.853761,0.839193,4.51964,0.115264,5184.04,3,False,-24975400.0,10.9649,0.00579723
23740089,1849.01,9.86276,1.45409,0.03984,73.1139,8.027,0.973836,1.12816,4.30987,0.0261817,5689.68,7,False,-3747.99,10.8374,0.474185
410119093,6689.01,4.1292,0.974042,0.0518104,73.0559,10.759,0.886391,0.867378,4.5105,0.020358,5377.0,14,False,-19929.6,7.64258,0.215936
267861788,3609.01,6.38546,4.65702,0.0722396,73.0504,9.896,1.15715,1.12166,4.40272,-0.107172,6368.21,32,False,-11447.1,8.29372,0.282076
124206468,2357.01,7.09246,6.44136,0.0569572,63.2588,11.799,1.29736,1.42149,4.24338,0.00418023,6584.24,8,False,-4063.25,7.63577,0.406753
53617134,2033.01,18.8243,3.98467,0.0968275,63.2398,9.922,1.6421,1.8628,4.10435,0.264739,7053.6,8,False,-4939.01,8.71761,0.361613
121625070,3198.01,2.12725,1.37893,0.0456682,63.2143,13.217,1.03453,1.00263,4.44558,0.0777482,5784.38,12,False,-3714.91,6.25221,0.435648
437261733,1910.01,5.41611,3.14305,0.0638135,63.2097,12.733,1.03657,1.00937,4.44178,0.125554,5759.42,13,False,-6856.63,6.9456,0.316692
429304876,682.01,6.8392,2.08941,0.088768,63.1972,3.512,0.956541,0.929394,4.47564,0.327789,5365.16,16,False,-6263.71,7.36196,0.328822
21549805,3887.01,4.2441,2.50331,0.0742518,63.1869,14.489,1.19139,1.46424,4.1742,0.112569,6037.45,14,False,-10726.4,8.81606,0.244665
376610581,4899.01,2.39085,0.628992,0.0704945,63.1798,18.007,1.54402,1.59806,4.21948,0.078687,7311.3,33,False,-1402.47,6.8814,0.701106
158561566,1267.01,6.7901,1.92637,0.117454,63.1439,7.496,1.25136,1.41219,4.21979,-0.0618398,6378.0,44,False,-176.6,4.29937,2.07433
357896777,2948.01,2.75577,0.68942,0.0382366,63.1327,26.028,1.15255,1.18735,4.34336,-0.0555507,6238.28,28,False,-3401.15,5.74833,0.458688
322901324,3256.01,6.30964,0.628751,0.0593966,63.1159,7.154,0.975624,0.951572,4.46787,-0.0907765,5801.33,25,False,-1955.44,14.2227,0.515546
310728245,5776.01,4.18164,2.92215,0.0854957,63.0593,10.347,1.05466,1.12847,4.35088,0.0243393,5900.0,22,False,-1102.63,7.51854,0.78022
282091492,3027.01,3.37941,1.96903,0.0682144,63.0542,10.753,1.34537,1.5586,4.1678,0.19163,6298.47,45,False,-2414.72,8.53523,0.517261
142628514,4218.01,2.62707,0.900195,0.0673964,63.044,18.359,1.39119,1.56184,4.18438,-0.247449,7166.41,18,False,-7073.42,8.75807,0.300837
457789844,4903.01,4.91424,0.630199,0.0968198,63.0007,17.898,1.39702,1.67592,4.12418,-0.0588817,6729.16,17,False,-1576.13,7.09215,0.65672
97165413,6093.01,1.27104,0.514678,0.0238613,62.9241,4.259,1.09484,1.1905,4.31737,0.00154697,6004.0,128,False,-2876.53,8.00667,0.477352
466682238,4277.01,3.2738,2.32244,0.0650064,62.9168,14.924,1.13,1.1957,4.33017,-0.0861944,6223.26,23,False,-128.197,8.15684,2.26956
277128619,4994.01,21.4921,5.55567,0.085198,62.863,8.437,1.00869,1.02051,4.41772,0.13674,5686.28,10,False,-4374.7,8.65177,0.382049
269859655,3053.01,2.99201,2.55369,0.0506979,62.7347,13.105,0.893416,0.910817,4.46464,0.132908,5345.77,9,False,-10050.5,7.29107,0.257747
159098316,4475.01,3.57876,3.32286,0.0545653,62.7311,10.938,0.991995,0.974037,4.45157,0.195085,5570.94,45,False,-361031.0,9.30056,0.0414378
445392860,4988.01,2.36961,0.369017,0.0224956,62.7048,15.192,0.618862,0.649895,4.60566,-0.041933,4129.66,51,False,-1840.48,7.9842,0.594759
50120414,1588.01,3.58108,3.37666,0.0773195,62.5197,16.094,4.57198,4.40614,3.8054,-0.104561,14553.1,23,False,-1477.06,8.14014,0.659863
330799746,1818.01,5.51144,0.908538,0.089161,62.4962,9.55,1.23999,1.5484,4.13609,-0.0650718,6257.94,10,False,-2840.73,7.88557,0.477669
135267558,5754.01,3.64794,0.91294,0.0342331,62.4842,13.94,1.09291,1.18752,4.31898,0.00264653,5999.0,17,False,-1195.28,9.08617,0.720412
461239485,5672.01,3.03876,0.753373,0.0248353,62.4799,11.083,0.933867,0.881826,4.51067,0.286502,5277.48,3,False,-2373.84,12.1173,0.481927
199444169,1410.01,1.21687,1.06895,0.0208404,62.3349,3.126,0.697429,0.713429,4.56677,0.00888669,4583.07,54,False,-993.784,8.49958,0.796684
372207328,6324.01,0.279221,0.20092,0.00902543,62.2826,2.634,0.558276,0.588183,4.64513,-0.0121106,3358.0,591,False,-7191.01,9.73085,0.288835
133850380,6550.01,6.9154,3.16869,0.123568,62.2331,12.936,1.33843,1.49512,4.20134,-0.0817284,6649.3,8,False,-2009.94,6.05633,0.584252
404516402,6125.01,2.31051,1.95089,0.0378162,62.2233,10.338,0.74349,0.731355,4.5783,-0.00152414,4767.0,10,False,-7704.49,6.6654,0.295003
27990610,4482.01,2.8165,0.252229,0.046111,62.191,14.404,0.972526,0.944102,4.47292,0.108809,5585.34,92,False,-2409020.0,8.41365,0.0161457
70899085,442.01,4.05202,0.129597,0.0257801,62.1894,4.617,0.538574,0.560525,4.66714,-0.332422,3897.83,12,False,-7865.02,8.4934,0.282191
180285396,292.01,10.3688,9.00304,0.0452034,62.1599,9.582,0.716442,0.72061,4.56431,0.108409,4563.88,10,False,-19099.9,8.83932,0.1798
320004517,1055.01,17.4713,7.13456,0.0872329,62.1429,3.525,0.97547,0.953119,4.46974,-0.0353761,5760.36,6,False,-4583.25,8.24513,0.371093
67196573,2499.01,2.55746,1.09477,0.0178191,62.0846,9.464,0.893414,1.16126,4.25268,-0.329299,5846.55,26,False,-1480.8,6.51059,0.673505
453211454,509.01,9.05881,2.79731,0.0738684,62.0483,3.012,0.958708,0.934634,4.47582,0.119536,5538.57,14,False,-2093.13,10.0437,0.529992
118084044,2001.01,2.74352,0.183562,0.0376709,62.0362,13.531,2.18901,3.51715,3.67477,0.0120766,7712.19,94,False,-111.858,4.23414,2.56694
340228388,3458.01,3.17227,2.68176,0.0385315,62.0062,13.114,0.838433,0.816335,4.53704,0.0443641,5174.02,8,False,-11657.2,6.68204,0.238807
464388115,4904.01,2.41182,1.9926,0.0362247,62.001,19.032,1.49514,1.60803,4.19695,-0.111741,8765.0,34,False,-930.025,7.18533,0.838595
95234976,3820.01,5.42908,2.84203,0.0448184,61.9505,17.79,1.4419,1.89512,4.03,0.124949,6392.26,22,False,-1245.95,11.3851,0.668156
373612558,3801.01,5.86778,2.48267,0.0619742,61.9281,12.684,0.995722,0.995974,4.43773,0.13517,5663.73,7,False,-155.966,6.20347,2.09154
22683951,3798.01,2.67972,0.858621,0.0327203,61.8784,10.921,1.01476,0.995358,4.44044,0.180163,5643.55,23,False,-13721.5,6.88264,0.218801
288612903,5194.01,7.04857,3.08909,0.0707306,61.7922,9.588,1.17407,1.25824,4.30055,0.176176,6068.72,20,False,-4116.82,8.03019,0.390576
366074071,7035.01,4.18142,2.1513,0.0916126,61.6693,13.0,1.21576,1.36792,4.23555,-0.0520605,6293.8,11,False,-1960.17,11.2767,0.530714
5485318,2939.01,4.83067,3.99037,0.0851245,61.6217,16.0,1.29458,1.44015,4.2275,-0.0141733,6554.5,11,False,-4519.25,8.22664,0.370227
163164300,5927.01,3.73068,3.27114,0.0748468,61.5193,17.808,1.29903,1.46673,4.20245,-0.0741817,6503.0,14,False,-1692.79,6.76643,0.620559
372758077,4168.01,29.3818,5.70502,0.0406275,61.4667,10.605,1.05566,1.10708,4.36536,0.0492584,5889.66,8,False,-4217.66,8.48382,0.380284
229781583,1245.01,4.82044,1.19231,0.0372838,61.455,2.59,0.517611,0.535596,4.6903,0.0296684,3683.11,186,False,-3576.41,8.92956,0.409426
437329044,1982.01,17.1724,2.50805,0.0992597,61.4374,10.473,1.29552,1.40557,4.24516,-0.125516,6694.38,5,False,-11768.1,8.47697,0.227524
336125492,5192.01,4.72713,1.38196,0.0943485,61.3886,17.572,1.23926,1.65496,4.08624,-0.162595,6368.55,13,False,-6272.4,6.4463,0.323339
396246765,6687.01,3.4416371288227667,1.2359377965456135,0.0640951710168133,61.2945,8.351,1.07977,1.16726,4.32991,0.0101235,5965.0,32,False,-9186.0,8.89468,0.254805
79431527,2762.01,3.90733,0.900395,0.067441,61.258,15.86,1.02858,1.13794,4.33142,-0.174722,6059.22,6,False,-2068.1,5.97306,0.566825
220144363,4199.01,4.43521,1.64714,0.0885745,65.5433,15.565,1.39614,1.76654,4.0801,0.137152,6364.26,9,False,-1316.76,8.32185,0.735464
115457180,3731.01,5.66191,1.82017,0.0435196,65.4599,9.139,1.21585,1.36802,4.23551,-0.0520838,6294.0,27,False,-204234.0,8.17952,0.0590639
430751891,6213.01,2.39217,0.775223,0.0618961,65.413,12.112,1.02658,1.06433,4.39224,0.0256132,5817.0,40,False,-3517.89,7.81995,0.452648
120101789,3520.01,3.00864,0.283788,0.0601271,65.3648,15.195,1.17104,1.35063,4.23604,-0.00713215,6178.12,41,False,-1879.28,6.21641,0.636206
256584532,5755.01,5.43973,4.40128,0.058355,65.3243,8.267,0.838053,0.81871,4.53683,0.0145929,5188.0,17,False,-10740.7,9.81796,0.249608
219850915,1244.01,6.40028,1.59562,0.0423467,65.3069,2.477,0.695736,0.699378,4.58958,-0.0216637,4570.7,141,False,-164.794,5.59524,2.17972
281100535,5687.01,2.925,0.625483,0.0312597,65.2945,7.71,0.677647,0.703433,4.56715,-0.255789,4676.78,3,False,-4753.3,8.74898,0.382292
167656187,6902.01,36.4359,4.20806,0.189133,65.2733,3.634,1.32434,1.48497,4.20174,-0.0790306,6597.0,22,False,-1853.56,10.3092,0.595292
193556520,4066.01,6.72021,4.16269,0.0578952,65.2414,10.907,0.834956,0.798574,4.54757,0.259584,4939.87,14,False,-23614.1,8.99367,0.170578
275527293,5263.01,3.15,0.187833,0.0482788,65.2042,19.606,1.09287,1.40535,4.1751,-0.262314,6237.99,24,False,-22202.2,6.82796,0.182576
55650590,206.01,0.736313,0.429144,0.0137957,65.1394,1.347,0.337953,0.354405,4.85753,-0.0491713,3354.47,1251,False,,,
68081952,4977.01,7.70199,7.42932,0.0419367,65.0904,14.929,0.854865,0.806325,4.55285,-0.101143,5338.18,3,False,-14143.3,5.27846,0.234387
68573534,4597.01,4.66648,2.35808,0.0518108,65.0199,14.674,1.29481,1.54157,4.17162,-0.706624,7677.62,9,False,-1120.73,4.82627,0.838715
299087490,5982.01,38.4787,19.2497,0.0917478,65.0028,15.087,0.902374,0.883469,4.50179,0.0222642,5439.49,5,False,-170079.0,8.4859,0.0638609
262829328,2627.01,1.06498,0.155933,0.0311225,64.9442,11.354,0.952992,0.914855,4.48874,0.173038,5446.4,41,False,-5440.29,8.07474,0.359376
333736132,6669.01,731.989,7.08783,0.0432746,64.9233,11.85,0.734119,0.724112,4.58168,-0.00205974,4722.0,4,False,-6152.24,9.15111,0.331414
438278301,4896.01,5.16093,3.95724,0.087684,64.9207,14.367,1.43998,1.54348,4.20614,-0.036649,6961.46,21,False,-6082.88,7.76549,0.341564
173979859,5063.01,3.61377,0.758448,0.0677381,64.9182,16.922,1.39318,1.43657,4.25669,-0.202079,7172.78,12,False,-102424.0,9.63672,0.0804937
347538174,2108.01,6.80202,1.06218,0.104478,64.8749,12.131,0.974726,1.45176,4.09638,-0.790114,6436.5,13,False,-17470.8,8.14287,0.200025
298946836,5044.01,5.55618,4.66698,0.0925282,64.8705,12.04,1.38657,1.93471,3.9904,0.0147714,6258.19,17,False,-31664.8,9.02288,0.146256
180987952,581.01,1.38917,0.715468,0.0349187,64.8332,4.827,1.49514,1.60803,4.19695,-0.111741,10585.0,116,False,-2093.88,8.37499,0.575276
458987621,6360.01,1.97658,1.69097,0.0291917,64.7892,13.171,1.37875,1.52417,4.20021,-0.0894505,6799.0,27,False,-7611.97,7.76312,0.304634
425997655,174.01,17.6671,0.0207993,0.0545999,64.7288,2.15,0.716533,0.713055,4.58188,-0.0694825,4705.63,20,False,-8887.11,11.9397,0.26098
83275782,5467.01,2.65711,2.09106,0.0495754,64.7217,11.222,1.28815,1.53422,4.16229,-0.0771613,6454.0,41,False,-4022.03,6.91689,0.424869
322807675,2398.01,19.406,3.55922,0.0378711,64.694,9.859,0.835381,0.817213,4.53226,0.211888,5027.0,5,False,-649.061,7.13179,1.0546
467179528,1266.01,10.8948,7.64991,0.0418129,64.68,2.794,0.428378,0.445217,4.77172,-0.108703,3532.29,19,False,-7496.91,9.04306,0.299486
423393242,2975.01,0.426988,0.14361,0.0167196,64.5099,8.377,0.852741,0.869829,4.48159,-0.148722,5463.65,114,False,-8281.0,7.81539,0.290367
345205395,5863.01,2.84944,2.63642,0.0342577,64.4769,11.855,0.7564,0.741335,4.57364,-0.000786209,4829.0,5,False,-5982.16,6.26603,0.35079
77680373,4941.01,3.557,0.375685,0.0408475,64.3956,11.248,0.758192,0.723924,4.59684,0.219077,4648.78,10,False,-7640.81,7.47066,0.303519
129458276,6790.01,6.10365,4.10284,0.0708537,64.3558,16.945,1.11552,1.22233,4.30042,-0.0100067,6057.0,4,False,-1974.93,6.04863,0.611766
387844266,5852.01,3.99525,0.956999,0.0406305,64.3043,14.572,0.65624,0.663911,4.60979,-0.00651114,4348.0,4,False,-2582.78,7.8161,0.518198
289661991,3807.01,2.89895,1.34702,0.0250815,64.2859,9.588,1.24435,1.34061,4.26563,0.268578,6079.08,46,False,-6023.06,8.66185,0.334061
107340585,2832.01,2.68897,0.457523,0.0513422,64.2677,15.331,1.19313,1.2551,4.31474,-0.114999,6461.74,28,False,-3626.19,7.53039,0.439209
203287192,5105.01,4.44551,3.76791,0.0820358,64.2038,16.281,1.24705,1.99617,3.93551,-0.228014,6264.44,18,False,-2315.84,6.81836,0.555969
55525572,813.01,83.8962,43.7979,0.25988,64.1939,6.481,1.29555,1.76546,4.04738,0.0429017,6167.47,14,False,-40.6403,6.94072,4.26606
289313987,5913.01,10.1512,2.40323,0.126391,64.1893,16.33,1.30064,1.4679,4.2024,-0.0744912,6509.0,5,False,-2013.63,5.96797,0.60496
231076038,2618.01,8.25001,1.43085,0.0488521,64.1764,6.917,1.38713,1.47767,4.23507,-0.179047,7113.48,113,False,-963.057,5.49619,0.882154
160003961,2335.01,1.44921,0.955236,0.0253003,64.16,6.44,1.05496,1.08103,4.3901,-0.167075,6127.17,93,False,-7633.19,11.6132,0.280315
12423815,234.01,2.83928,1.96141,0.0226711,64.1575,11.989,0.528258,0.547712,4.67641,0.107868,3687.75,28,False,-4310.02,8.36985,0.396099
261679541,6822.01,2.74911,2.48263,0.0346152,63.9897,12.798,0.558276,0.588183,4.64513,-0.0121106,3794.0,23,False,-4386.32,6.7008,0.403203
198185513,6907.01,3.37827,0.625956,0.140682,63.9775,7.32,0.841889,0.822572,4.53474,0.0150504,5203.0,85,False,-10333.5,11.0116,0.242833
229586455,1887.01,2.20016,1.799,0.0337823,63.9261,2.566,0.635613,0.658515,4.60371,0.0662961,4139.06,427,False,-3355.49,11.2657,0.423784
259100469,5233.01,25.7631,13.1842,0.0327304,63.8536,6.165,1.01344,1.01282,4.42953,0.16631,5684.37,40,False,-163.296,5.17937,2.15175
255768108,3330.01,1.08152,0.609652,0.0290332,63.7553,17.615,1.34057,1.59252,4.14692,-0.0619749,6560.79,38,False,-1371.52,6.57533,0.720086
446684383,2961.01,4.62591,0.877725,0.0570597,63.6737,14.992,1.44649,1.33049,4.34408,-0.330572,7827.02,12,False,-10323.1,7.17951,0.259139
284738182,612.01,0.913606,0.834618,0.0247325,63.5362,5.193,1.3478,1.4302,4.2524,-0.297058,7232.55,175,False,-110.751,8.32233,2.4644
11755687,7383.01,3.0524,0.62957,0.0395005,63.4988,12.064,0.884601,0.865575,4.51147,0.0201445,5370.0,6,False,-4078.89,6.20024,0.418201
305424003,907.01,4.5849,3.60094,0.105698,63.4341,9.439,1.34137,1.93714,3.97558,-0.0893688,6253.15,15,False,-9012.24,8.31954,0.270578
23769326,3919.01,7.43321,0.14074,0.0637184,63.4322,10.975,1.2452,1.28506,4.31192,0.0803877,6364.34,14,False,-133982.0,13.6175,0.0634186
163262555,3097.01,1.36839,0.163722,0.0303253,63.4094,9.792,0.718186,0.843499,4.432,-0.531285,5450.23,55,False,-14601.4,6.45135,0.219673
298829544,5183.01,2.738927116426395,1.264933932322991,0.0731721441682148,67.6636,10.665,1.09156,1.23748,4.28254,0.0275036,5985.7,71,False,-101.313,4.07321,2.96946
49254857,4914.01,10.6006,8.85151,0.0318872,67.6384,12.771,0.995807,0.965703,4.46735,-0.207889,6011.22,4,False,-19331.2,6.42649,0.205171
388198242,2224.01,0.505509,0.316898,0.0596007,67.5521,2.557,0.832767,0.955686,4.38387,-0.0867368,5394.56,846,False,-73.058,7.75641,3.29762
80567842,2491.01,5.92796,3.37523,0.0384031,67.476,18.192,1.74337,1.47918,4.33099,-0.117234,8650.7,4,False,-2300.63,5.4651,0.602767
27318774,4471.01,3.24326,2.91319,0.0562903,67.4108,14.948,1.0722,1.0577,4.41792,-0.0169486,6009.09,74,False,-4917.91,8.25125,0.393211
406634633,4028.01,3.95894,3.33093,0.0471412,67.3006,15.414,1.15246,1.13255,4.38862,0.00204595,6199.74,17,False,-13679.7,8.7813,0.233175
221785300,3489.01,3.78334,3.27213,0.0667559,67.2036,13.654,0.848103,1.10463,4.26802,0.0103399,5366.82,10,False,-4511.32,6.56343,0.420832
130948731,2820.01,13.3445,6.62594,0.0529867,67.1675,13.029,0.795407,0.750062,4.58796,-0.126123,5127.52,8,False,-98044.1,11.2823,0.0831707
154293917,3976.01,6.60764,1.57838,0.083981,67.1376,12.491,1.17608,1.42879,4.19062,0.0946846,6024.59,10,False,-14049.7,7.97728,0.232604
251743761,7238.01,3.93048,2.24206,0.0440646,67.07,11.444,0.775469,0.759371,4.56508,0.00280727,4913.0,4,False,-8607.01,7.99699,0.296762
129372561,2672.01,10.719,0.906589,0.0544907,67.0134,18.64,1.69513,1.94013,4.08839,-0.0368829,7747.94,7,False,-1771.93,9.37319,0.63851
95057860,4201.01,3.58182,1.0575,0.03757,66.9873,12.653,0.569102,0.599648,4.63311,0.0168711,3851.25,6,False,-5210.88,6.60846,0.389865
272146465,5323.01,5.80534,3.53537,0.083036,66.958,13.131,1.08487,1.17513,4.32567,0.00722069,5978.2,11,False,-6442.3,8.02484,0.34222
189380158,3630.01,1.96181,1.32212,0.0516029,66.9073,13.942,1.05079,1.08673,4.38429,-0.105975,6053.14,10,False,-3970.87,6.81365,0.44453
286152207,2945.01,3.20067,1.25266,0.0858677,66.8921,15.95,1.39293,1.8755,4.02248,-0.617572,7399.86,41,False,-1020.07,8.14784,0.858032
142087638,2404.01,20.3628,0.644517,0.0914557,66.8376,4.225,1.12944,1.14086,4.37162,-0.0638039,6198.19,46,False,-161.431,6.35206,2.23108
219857012,1742.01,21.269,13.9832,0.129167,66.7995,2.346,1.05734,1.09254,4.38058,0.192998,5789.84,42,False,-4371.75,8.78632,0.408981
176685457,1935.01,4.43526,0.898215,0.0353775,66.7763,11.91,1.24128,1.2984,4.29563,0.0775193,6317.92,22,False,-5527.39,8.98693,0.362299
2760219,2382.01,4.66119,3.66063,0.0338711,66.7606,11.722,1.1962,1.4094,4.21029,0.201059,5997.97,18,False,-1941.55,8.09047,0.620849
164150537,2375.01,6.1601,0.637374,0.037032,66.7486,19.013,1.05656,1.09591,4.37598,0.115065,5841.34,9,False,-4435.63,7.07293,0.417659
139771134,1889.01,0.913449,0.725601,0.0174533,66.7319,5.072,0.733599,0.723596,4.57116,0.135714,4597.9,140,False,-14738.2,11.3662,0.212538
383828887,5196.01,2.56768,1.59932,0.0589499,66.6898,14.785,1.12923,1.17367,4.34541,0.168746,5981.77,27,False,-10226.8,6.45756,0.277584
337025682,5302.01,4.24169,0.511963,0.0441354,66.6307,10.034,0.796059,0.764587,4.56844,0.0606463,4938.85,19,False,-11712.5,8.40551,0.250735
45296362,3019.01,5.95949,0.890325,0.0431818,66.6175,14.845,1.01393,0.983432,4.45261,-0.123674,5932.15,21,False,-9347.57,7.22267,0.286312
92880568,958.01,0.587507,0.462059,0.0447978,66.5487,4.823,1.06983,1.21837,4.28874,-0.000929729,5971.08,115,False,-977.986,7.41615,0.882129
13533330,3686.01,5.05131,3.52146,1.01311,66.4532,9.896,1.19264,1.17397,4.37597,-0.305433,6685.9,15,False,,,
32949762,2464.01,3.7685,3.20561,0.0515287,66.4314,12.762,0.85334,0.837874,4.51926,0.144935,5150.91,19,False,-2320.11,12.9297,0.517865
857186,5288.01,3.80606,1.14674,0.0513347,66.4123,9.729,0.796149,0.784063,4.55033,0.260487,4855.82,9,False,-563.66,14.7642,1.01563
150030205,286.01,4.51172,2.5144,0.0382183,66.3594,1.518,0.818689,0.790193,4.55641,0.0599245,5067.45,212,False,-1058.71,14.126,0.748855
297457992,3224.01,2.83178,2.2144,0.0534458,66.3452,18.269,1.24301,1.31819,4.28004,-0.107991,6509.54,19,False,-5368.03,5.62314,0.386297
326116570,6210.01,7.85792,4.05293,0.139502,66.3288,11.172,1.26319,1.42691,4.21455,-0.0650919,6406.0,12,False,-2251.9,7.36203,0.579352
628103717,4074.01,3.2175,0.958847,0.0620084,66.3187,16.476,1.74496,1.45616,4.34871,-0.170173,8893.73,17,False,-4457.86,7.00595,0.414082
400093775,4141.01,3.60228,1.8215,0.0521697,66.3016,13.785,1.24515,1.31308,4.28752,-0.14353,6580.29,30,False,-7234.32,11.0586,0.302716
198241702,1269.01,4.25296,3.25252,0.0532284,66.2657,2.536,0.895657,0.853905,4.52771,0.0433203,5375.61,216,False,-13355.4,14.6116,0.208305
466206508,5542.01,75.1246,22.1882,0.159402,66.2294,11.676,1.03396,1.04079,4.414,0.00326929,5884.8,3,False,-8119.99,7.99774,0.301183
260797169,2188.01,3.73505,1.29337,0.0420251,66.169,12.708,1.09366,1.20676,4.30473,-0.0177509,6033.78,34,False,-109029.0,9.50163,0.0799733
50592053,7050.01,1.41829,0.447045,0.020917,66.0748,9.012,1.49514,1.60803,4.19695,-0.111741,9267.0,64,False,-224.718,6.96687,1.84524
179687771,4824.01,5.12418,2.46353,0.0915089,65.9483,14.582,1.1687,1.52992,4.13308,0.306057,5797.92,17,False,-6329.22,8.9012,0.334215
436007113,5251.01,2.32048,1.28178,0.0509147,65.9284,15.156,1.49726,1.36078,4.33806,-0.25956,7837.6,19,False,-4300.4,6.21598,0.42444
381982417,3303.01,8.61872,6.99408,0.031605,65.902,16.418,1.74526,2.17865,3.99391,0.00626566,7473.62,14,False,-7585.79,7.36701,0.313234
219016883,5238.01,4.87219,3.69893,0.0606996,65.8174,4.926,1.01504,0.982642,4.45296,0.198408,5618.39,54,False,-184.395,8.47872,1.97767
234519192,196.01,1.16304,1.04481,0.0286853,65.8112,10.787,1.99434,3.94907,3.5347,0.0115774,6646.46,158,False,-3700.95,7.58057,0.44619
290407621,4287.01,4.23373,0.809607,0.0514218,65.7651,15.806,1.39369,1.81436,4.05742,-0.00839161,6523.83,31,False,-2493.36,7.36617,0.545257
88902249,2336.01,7.71193,3.20077,0.0776223,65.7603,10.713,1.39318,1.69268,4.10918,-0.148569,6762.34,9,False,-3616.93,6.32086,0.460715
106224627,3522.01,3.34123,0.046561,0.0416897,65.7602,11.592,0.895289,0.85857,4.51773,0.174466,5248.27,34,False,-46478.6,8.08719,0.124663
258804746,2431.01,0.224195,0.0906147,0.0139119,65.7116,1.539,0.598683,0.632998,4.6122,-0.0454329,4030.85,461,False,-5145.73,7.32045,0.379411
240959810,3691.01,3.34118,1.16287,0.0676469,65.7014,14.237,1.29746,1.3087,4.3226,-0.0140963,6712.41,13,False,-9698.33,6.7654,0.278914
165885558,3844.01,0.896262,0.294602,0.0256177,65.6959,13.64,0.950756,1.18389,4.25898,-0.264527,5907.98,53,False,-5280.51,8.78716,0.365027
22233480,4438.01,7.44629,5.74734,0.038859,65.6264,2.732,0.34974,0.370146,4.84343,-0.0535993,3379.84,17,False,-14286.1,11.1829,0.21228
366580825,4038.01,4.29893,3.44229,0.0613623,65.6059,9.298,1.17467,1.21276,4.33235,-0.0446824,6282.37,76,False,-4668.11,9.24068,0.384536
335813590,5627.01,7.55712,1.13624,0.0303618,69.9269,10.783,0.752646,0.738163,4.57253,-0.085896,4891.38,4,False,-11083.3,6.85533,0.279209
112316665,2577.01,3.74942,3.47589,0.0506991,69.9248,13.074,1.74259,1.67663,4.22114,0.227313,7691.52,25,False,,,
390021939,4030.01,2.50899,0.817386,0.0518161,69.9063,5.97,0.977768,0.950515,4.46839,0.195591,5529.31,215,False,-58.5217,7.0654,3.88167
155993822,2687.01,4.0944,0.647173,0.0900785,69.8827,13.117,1.13015,1.40032,4.19238,0.170187,5856.29,11,False,-5038.62,6.84467,0.413938
232608943,4600.01,82.6917,74.4891,0.112282,69.8729,6.594,0.83596,0.806269,4.54219,0.141332,5047.58,10,False,-65.8882,10.778,3.43545
288132261,1258.01,10.2613,8.4783,0.106349,69.7763,4.382,1.19156,1.41561,4.20274,0.0287131,6144.88,26,False,-281.221,7.36563,1.74031
348477542,2877.01,3.40738,3.35017,0.059069,69.6749,16.975,1.13555,1.21888,4.31582,-0.147897,6306.37,15,False,-9747.75,6.8668,0.296484
79930628,2841.01,2.16634,0.664637,0.0857136,69.6697,14.596,1.78697,1.76503,4.1864,0.0214313,8136.03,47,False,-124.622,4.80388,2.72717
438149332,4733.01,5.30547,4.23288,0.0743238,69.5446,19.278,1.24707,1.25759,4.33429,-0.0922805,6587.96,12,False,-5688.98,7.82625,0.381394
317189702,4750.01,3.21415,2.35923,0.0314207,69.5009,13.338,1.48583,1.58678,4.20324,-0.0994794,7373.15,29,False,-1777.02,6.27657,0.699364
288636342,1692.01,32.208,3.4505,0.149555,101.677,5.086,1.34073,1.37675,4.28228,-0.098851,6852.75,47,False,-204.557,6.00036,3.13174
70785910,348.01,0.494792,0.228851,0.0214037,69.4377,8.998,1.13037,1.46178,4.15342,0.0941974,5916.16,174,False,-190.621,7.57046,2.09842
184733148,3645.01,2.95984,0.378107,0.0483038,69.3385,12.509,1.03317,1.06333,4.39354,0.224552,5698.16,16,False,-25694.5,8.83661,0.175894
149349867,2392.01,5.91236,3.04159,0.0960689,69.3146,3.695,1.34426,1.63118,4.1327,0.0249833,6462.25,138,False,-3464.59,12.1587,0.452657
425934411,142.01,0.853347,0.182784,0.0221111,69.2818,8.706,0.558153,0.590694,4.63631,-0.049782,3837.2,211,False,-557.309,2.84143,1.31396
102192004,1919.01,4.23368,3.69023,0.0290141,69.1218,13.173,1.29579,1.32347,4.30646,-0.0309432,6653.58,14,False,-14825.2,6.55361,0.239481
247172524,5878.01,3.43673,2.21818,0.0538087,69.0949,14.795,0.844447,0.825148,4.53334,0.0153555,5213.0,7,False,-42967.6,5.46347,0.143052
31975443,2929.01,2.03914,0.00202064,0.0372721,69.03,13.749,0.936189,0.883055,4.51699,0.166839,5397.54,25,False,-17624.3,7.55811,0.215791
164892194,2178.01,3.0241,2.02313,0.0538002,69.0124,12.227,1.2423,1.29883,4.29708,0.252715,6157.19,68,False,-525.082,7.96903,1.24385
116848450,3652.01,3.47969,2.09117,0.0792805,68.8405,17.808,1.94394,2.4495,3.93476,0.309063,7439.76,20,False,-12492.4,8.48553,0.251661
283722336,1469.01,3.09294,1.26091,0.0178425,68.8177,1.436,0.753275,0.754271,4.55338,-0.000946531,4845.46,38,False,-3476.97,8.73259,0.475007
406236094,3271.01,4.13943,2.1744,0.0596572,68.7756,19.562,1.23929,1.93872,3.95732,0.0259266,5971.11,10,False,-64207.1,7.96958,0.111826
402053027,3002.01,7.79712,0.444304,0.0351038,68.7646,21.136,1.09257,1.13054,4.36566,-0.171227,6235.8,13,False,-12692.8,6.97325,0.255608
403135192,2226.01,0.901769,0.157613,0.0189366,68.7188,4.149,1.1336,1.21911,4.31575,0.104107,6031.48,141,False,-95.3364,6.80392,2.98188
220459826,872.01,2.23955,1.59037,0.0215464,68.7173,2.836,0.776995,0.755982,4.57244,0.157123,4818.5,324,False,-869.813,11.574,0.904023
220547837,3366.01,8.45626,7.35611,0.0683526,68.7065,11.384,1.15236,1.27858,4.27389,-0.027364,6144.0,7,False,-6151.16,7.775,0.362104
125520907,6019.01,14.5479,8.98408,0.10243,68.6969,5.824,0.938786,0.924507,4.4784,0.0248156,5559.5,4,False,-237.626,6.47132,1.88868
34646336,3675.01,5.95778,4.91504,0.0878838,68.589,11.657,0.949469,0.968651,4.43591,0.127644,5521.87,24,False,-14023.5,8.44339,0.236699
28242530,5667.01,19.5109,4.10255,0.0556922,68.5884,13.03,0.774349,0.762065,4.56012,-0.0457389,4982.88,5,False,-3838.48,11.2077,0.431724
158297421,1073.01,3.92281,2.62705,0.0290462,68.5795,13.212,0.696272,0.689718,4.59784,0.159615,4392.93,21,False,-5595.44,7.84748,0.378424
386772576,5499.01,4.80403,3.86697,0.0394849,68.562,11.229,0.83539,0.804658,4.54416,0.253218,4966.91,9,False,-4559.71,6.87692,0.425805
407772585,3298.01,3.0538,2.57372,0.0298028,68.5561,18.243,1.19267,1.39132,4.21644,-0.108237,6319.93,13,False,-9235.7,6.41428,0.301363
317362389,4917.01,4.7738,3.87579,0.0674937,68.4978,15.393,1.2445,1.30747,4.28982,0.000492362,6389.77,6,False,-2272.53,6.23113,0.608988
241173474,1708.01,11.4702,10.5781,0.0865927,68.4694,8.583,1.15772,1.19512,4.34076,0.0298683,6169.04,5,False,-3435.16,7.85029,0.482138
332383229,6438.01,16.1323,1.24644,1.39967,68.454,6.734,0.757295,0.742158,4.57325,-0.000635726,4833.0,7,True,-5359.57,12.1293,0.358605
126572546,2527.01,2.30189,0.981509,0.0850424,68.3961,11.841,3.12499,2.61446,4.08905,-0.258896,12909.3,81,False,-3706.09,7.43238,0.466808
124379043,2803.01,1.96242,1.63186,0.0564077,68.3455,18.017,1.11406,1.15354,4.35715,-0.236829,6375.16,9,False,-4064.28,6.16278,0.454664
147761049,4125.01,4.7156,0.493376,0.055013,68.2997,16.347,1.15696,1.44738,4.17383,-0.00785471,6081.71,21,False,-3870.43,7.67591,0.454237
421336001,3931.01,7.66439,3.07626,0.0793514,68.28,10.537,1.03448,1.01845,4.43468,0.126159,5767.74,45,False,-1816.09,11.1069,0.625579
431114892,6215.01,2.03232,1.13504,0.061875,68.1922,17.307,1.49514,1.60803,4.19695,-0.111741,8011.0,44,False,-96.1104,5.37261,3.01305
193413306,1091.01,1.72583,0.944252,0.0833091,68.0139,13.598,1.79368,2.19914,3.99735,0.262521,7228.46,41,False,-76.6884,5.2584,3.37632
142562395,3854.01,3.26936,0.116058,0.0401837,68.013,10.582,0.970133,0.942548,4.47229,-0.120958,5810.84,30,False,-6804.93,8.48576,0.33633
407166076,3471.01,8.75199,3.04309,0.0663606,67.95,12.165,0.956144,0.917052,4.49367,0.0264304,5612.07,8,False,-101393.0,8.11562,0.087565
32677675,2704.01,3.63724,3.52683,0.0667308,67.8856,17.701,1.17274,1.25458,4.30321,-0.265457,6575.19,5,False,-8423.91,6.29124,0.312774
328502522,6457.01,41.4186,34.2414,0.157955,67.8672,10.3,1.12555,1.23766,4.29319,-0.0147351,6080.7,4,False,-63662.8,11.2482,0.10457
354031707,6971.01,4.1867,3.23675e-07,0.128016,67.8485,7.545,1.22219,1.37591,4.2327,-0.0538259,6309.0,4,False,-1822.28,7.34542,0.660889
97568467,2497.01,10.6557,1.54776,0.158294,67.846,10.729,1.59003,2.38313,3.87394,0.0993867,6405.52,11,False,-7304.04,7.70454,0.327981
207439380,5681.01,1.10413,0.257427,0.0215728,67.8022,9.184,0.795265,0.80852,4.51494,-0.000947702,5063.51,100,False,-1885.05,11.1257,0.608684
171160885,3713.01,10.4401,6.65605,0.0508495,67.7374,10.037,0.81658,0.779922,4.56478,0.222642,4909.02,14,False,-6964.91,16.996,0.283377
27491137,2076.03,21.1054,9.94512,0.835815,71.6563,5.524,0.794886,0.77169,4.56285,-0.0718848,5098.78,4,False,-234.372,19.1433,1.60499
470783598,3697.01,9.94418,1.84618,0.0403199,73.0011,16.38,0.885859,1.23904,4.18421,-0.122137,5549.21,5,False,-3896.25,7.74994,0.487285
86898676,5432.01,2.95268,1.51314,0.0590004,72.9837,11.66,1.17325,1.34179,4.24174,0.302992,5882.53,14,False,-3345.8,5.66442,0.542536
343019899,1386.01,25.8384,13.6443,0.112735,72.9606,6.229,1.01268,1.00593,4.43332,0.11533,5709.35,8,False,-6222.68,7.85295,0.384691
191496430,2909.01,3.06883,0.29798,0.0806947,72.9289,11.813,1.49514,1.60803,4.19695,-0.111741,7776.7,16,False,-2680.26,7.43047,0.589818
446370039,3499.01,4.59927,0.478886,0.160382,72.8978,17.737,1.59625,2.70031,3.76654,0.133483,6092.77,19,False,-285.961,7.00834,1.82193
387193925,4280.01,3.51896,2.32521,0.0602733,72.7461,13.501,1.07066,1.08774,4.3908,-0.013242,5999.33,13,False,-15931.2,7.15818,0.242167
350348197,5108.01,6.75359,2.4253,0.044591,72.7022,6.426,1.13507,1.2394,4.30052,0.221452,5930.7,12,False,-2996.76,6.60541,0.562873
388909695,5812.01,10.1466,1.49775,0.106111,72.7014,9.164,0.973204,0.965828,4.45422,0.0261912,5660.0,5,False,-29858.1,16.3556,0.15196
88863718,1001.01,1.93164,1.1942,0.0900099,72.6509,6.841,1.34583,1.95814,3.97451,-0.52238,6959.05,49,False,-11730.9,7.43143,0.280634
145038729,4252.01,2.6085,0.505508,0.0302266,72.6405,13.65,1.29831,1.16759,4.40445,-0.643406,7617.05,39,False,-9765.61,7.89135,0.305367
355655412,2890.01,3.1959,0.780437,0.0295904,72.6062,15.954,1.39388,1.35472,4.31645,-0.169038,7218.43,32,False,-12912.7,7.63557,0.26646
253961767,4968.01,2.23559,0.493189,0.0727082,72.5549,18.801,1.23672,1.62905,4.09135,-0.141991,6265.05,22,False,-1964.6,5.86969,0.701507
259172249,5218.01,4.29146,0.129117,0.0417919,72.4462,10.127,0.677002,0.68223,4.59188,0.143329,4266.26,87,False,-3475030.0,9.94613,0.0156235
397763985,5765.01,3.87797,1.89717e-05,0.0805672,72.4328,7.967,1.02015,1.04965,4.40171,0.0259048,5798.0,25,False,-24163.3,7.14436,0.195732
317089588,2210.01,12.7847,6.6087,0.0856893,72.1807,12.569,0.873715,0.826532,4.54317,-0.109447,5442.79,10,False,-9663.63,7.50633,0.30662
414019147,6011.01,2.31797,1.84781,0.0286791,72.1627,12.7,1.01068,1.02802,4.41567,0.0263345,5770.0,40,False,-127.31,7.3555,2.69543
452576848,3024.01,2.50727,1.84629,0.0565604,72.0962,14.091,1.09497,1.10068,4.3894,-0.223068,6282.75,38,False,-4276.22,12.9787,0.421398
447054140,4877.01,5.22202,2.89464,0.0865573,72.0865,13.496,1.49687,1.43728,4.29132,-0.210215,7713.1,16,False,-11239.7,7.94671,0.281955
326475995,6208.01,5.22661,0.930277,0.109281,72.0327,13.219,1.1782,1.31802,4.25529,-0.0395341,6205.0,19,False,-193.917,6.21745,2.21311
7583660,5214.01,5.33333,4.84955,0.115878,71.8935,12.218,1.49509,2.12155,3.94248,0.229944,6117.92,43,False,-2101.85,8.43432,0.645384
10827386,2876.01,6.29962,0.753479,0.0361803,71.8386,9.683,0.874211,0.855109,4.51251,0.246275,5155.74,10,False,-25865.0,6.77477,0.188532
224225541,251.01,4.9821,4.28414,0.687435,71.7734,3.994,0.992386,0.956161,4.4682,-0.0310687,5764.09,20,False,-136.848,8.11805,2.55248
26587613,4725.01,2.07641,0.190189,0.0244412,71.7107,12.613,0.957822,0.926917,4.48247,0.0418155,5597.0,20,False,-13498.6,6.25275,0.262567
439618305,6514.01,4.02361,0.572367,0.10177,71.7026,16.689,1.49514,1.60803,4.19695,-0.111741,9833.0,15,False,-650.675,5.90341,1.20401
468501184,6374.01,4.59449,3.59626,0.0684084,71.6135,14.456,1.05127,1.12074,4.35586,0.0244928,5890.0,19,False,-14439.2,7.4507,0.248846
397058826,5401.01,6.82909,0.702366,0.200999,71.555,11.522,2.78726,3.9538,3.67694,-0.554555,10475.5,9,False,-6103.94,8.216,0.377865
76761591,3340.01,11.9681,9.18467,0.0588879,71.493,16.666,1.35235,1.50516,4.20095,-0.0843953,6701.0,4,False,-1643.57,6.50684,0.747504
401704685,5054.01,4.21001,2.83753,0.0515623,71.4502,13.517,1.19469,1.30352,4.27732,-0.0660425,6346.8,28,False,-10182.0,7.39174,0.295866
411343008,6153.01,3.67216,1.58977,0.0638845,71.4479,18.623,1.15829,1.28764,4.26962,-0.0301571,6158.0,7,False,-697.101,5.34386,1.1685
85791385,4014.01,2.80674,0.509806,0.0381768,71.3821,13.362,0.954128,0.941516,4.4685,-0.0514614,5700.43,27,False,-20757.3,7.67526,0.206067
68007716,2587.01,5.45664,0.0759012,0.0734215,71.0361,10.913,1.19418,1.58167,4.11042,0.109758,5965.66,13,False,-45828.3,8.43227,0.136278
24358417,2338.01,22.6539,20.6168,0.0675547,70.999,11.785,1.0142,1.01194,4.42998,0.234199,5627.16,3,False,-42918.6,6.82187,0.144361
153978165,3875.01,6.08361,1.93141,0.0399014,70.9343,11.491,1.11427,1.10826,4.39286,0.317442,5841.89,13,False,-3602.0,9.8906,0.47413
27414976,6694.01,3.97602,2.47217,0.0417487,70.902,13.915,0.72808,0.719444,4.58386,-0.0024049,4693.0,5,False,-5947.84,12.0384,0.355746
265010875,6104.01,6.41033,2.42894,0.172472,70.8042,8.501,1.22515,1.37959,4.23139,-0.0546389,6316.0,16,False,-10113.5,6.39633,0.298486
149601126,2525.02,49.2446,37.7158,0.123117,70.7109,9.384,0.797576,0.783986,4.55149,0.0658485,4998.66,9,False,-423067.0,20.6158,0.0358897
71083829,7204.01,3.80792,0.529222,0.0638328,70.6705,14.957,1.23656,1.39379,4.22634,-0.0577748,6343.0,5,False,-1725.43,7.65446,0.707416
199731190,350.01,2.51306,1.76883,0.0272031,70.6192,7.196,0.816324,0.829722,4.50481,-0.429112,5645.65,42,False,-20999.9,8.62129,0.199377
73038411,978.01,13.166,11.1229,0.094335,70.5581,11.705,1.29544,1.42539,4.23093,0.134291,6330.92,8,False,-3572.76,6.6049,0.498758
389910188,4007.01,4.54325,0.926629,0.0690026,70.4797,13.732,1.34915,1.18109,4.42352,-0.610485,8005.38,10,False,-1131.5,8.43731,0.860345
66445643,1398.01,6.55604,3.90562,0.0598789,70.4192,5.779,1.49514,1.60803,4.19695,-0.111741,8918.0,25,False,-3026.02,8.17971,0.527454
7020254,4316.01,20.273,3.53006,0.0651497,70.3858,11.857,0.917854,0.861354,4.5319,-0.102412,5612.92,9,False,-467007.0,7.186,0.0430956
146165619,2377.01,1.67665,0.543936,0.0224557,70.2965,12.959,0.61734,0.649288,4.59226,-0.407428,4325.7,33,False,-36143.7,7.56683,0.153763
156987351,476.01,3.06299,1.59306,0.0694461,70.2412,15.316,1.64585,1.938,4.07437,-0.0932361,7610.17,60,False,-25647.6,15.2432,0.160039
454876465,3126.01,1.82461,0.71093,0.0352517,70.1544,17.395,1.03689,1.18445,4.29785,0.0269705,5869.56,27,False,-5792.46,5.91803,0.393391
301455423,3326.01,1.06642,0.720226,0.0424299,70.1359,14.556,1.07692,1.11903,4.36622,-0.101848,6098.65,39,False,-2821.27,7.23393,0.552088
287591638,3585.01,3.54108,0.263349,0.0430625,70.0181,4.325,0.755877,0.751154,4.56459,0.177873,4738.72,34,False,-9267.43,8.40024,0.29831
141488193,4127.01,56.3964,20.2055,0.0756782,70.0121,13.064,1.24761,1.25438,4.34014,0.00793625,6518.98,3,False,-6270.42,8.14374,0.364157
192826603,551.01,2.64731,2.61285,0.0180437,55.0048,8.634,0.53799,0.553992,4.67719,-0.313761,3875.42,42,False,-8465.91,8.65143,0.234796
148497855,2986.01,3.27836,2.89398,0.0784024,54.9198,9.174,1.16729,1.37919,4.21547,0.106456,6012.28,28,False,-1716.46,8.92487,0.517688
296737508,6267.01,733.991,20.1821,0.102766,54.8554,5.406,0.986765,0.98211,4.4447,0.0267332,5699.6,4,False,-8661.44,9.32892,0.227989
85031598,1684.01,1.15499,0.321237,0.0218863,54.8517,9.024,0.972453,2.82458,3.51086,0.0278688,4862.25,66,False,-2502.43,7.12337,0.444819
447061717,1231.01,24.2455,19.8075,0.0653908,54.8348,2.441,0.447739,0.461539,4.75708,-0.200863,3595.37,6,False,-37138.7,9.71871,0.109097
287080092,1751.01,37.4685,22.2663,0.150792,54.8322,2.886,1.06849,1.23814,4.27424,-0.172781,6131.48,24,False,-77.0885,7.9578,2.51522
302054555,5017.01,3.36769,1.18562,0.107555,54.7931,16.849,1.44215,1.95808,3.99617,0.224732,6125.23,18,False,-2193.84,7.78754,0.467909
370133522,1078.01,0.518242,0.175049,0.0144348,54.7218,1.314,0.378336,0.393466,4.8256,-0.212064,3486.98,171,False,-2052.64,8.32384,0.477499
283605976,4679.01,6.81706,0.576799,0.0856412,54.6946,6.73,1.03186,1.14471,4.32672,-0.021616,5925.32,28,False,-2987.99,18.2644,0.310691
237885040,2387.01,5.66016,2.07456,0.0646959,54.6919,6.218,0.93157,1.00393,4.39383,-0.376395,5988.03,31,False,-223.349,17.4608,1.16587
313554509,4388.01,4.47423,1.38966,0.0550762,54.6854,5.819,0.852909,0.946246,4.40174,-0.124704,5479.43,34,False,-3081.56,8.08521,0.39134
95423778,5792.01,0.703605,0.303153,0.0186175,54.67,5.605,0.995794,0.99402,4.43759,0.0270098,5726.0,48,False,-506.726,11.3192,0.899253
73717937,819.01,16.2547,14.4793,0.0922814,54.6696,10.146,1.17095,1.21093,4.33073,0.186678,6034.36,6,False,-2213.34,7.08536,0.471576
259511357,271.01,2.47598,1.24041,0.0227875,54.5405,3.074,1.12831,1.28453,4.26564,-0.0663468,6158.11,71,False,-3841.26,10.5588,0.330792
204671232,2361.01,8.70602,3.88177,0.0788647,54.5404,9.85,0.990647,0.968318,4.45498,0.212563,5546.82,10,False,-2160.58,18.2275,0.364245
341299943,5905.01,3.02359,2.1323,0.0442037,54.5037,10.903,0.7682,0.752486,4.56835,0.00143007,4881.0,7,False,-382823.0,6.24398,0.0363467
300381700,7387.01,9.08566,3.33597,0.0501316,54.5021,9.221,1.09291,1.18752,4.31898,0.00264653,5999.0,31,False,-112.215,20.3843,1.5127
387690507,530.01,6.38757,1.91632,0.0445801,54.4795,9.162,0.528841,0.554972,4.66896,0.229468,3666.47,28,False,-1505.98,13.5888,0.49139
385312460,5506.01,19.5859,3.14456,0.124844,54.459,20.302,0.906016,1.22237,4.21137,-0.553194,6051.69,4,False,-1095.36,10.7078,0.616644
229650439,1438.01,5.13967,0.266993,0.0165533,54.4484,2.857,0.832084,0.804721,4.54212,-0.00627288,5169.32,162,False,-582.39,17.3822,0.71703
419738713,6780.01,13.4571,6.17098,0.0813587,54.379,12.406,1.01102,1.02879,4.41517,0.0263192,5771.0,8,False,-1753.41,8.38569,0.512179
357872559,6131.01,2.55297,2.48286,0.065647,54.3698,13.78,1.21246,1.36382,4.23701,-0.0511546,6286.0,30,False,-172.869,6.16115,1.71782
400899926,4082.01,4.62556,4.0846,0.0699828,54.3696,14.255,1.29556,1.31492,4.31272,0.070836,6538.96,27,False,-6463.75,8.77245,0.264339
428251130,3769.01,10.3382,9.65656,0.0783872,54.3231,10.734,1.49129,1.39661,4.31551,-0.373528,8176.98,6,False,-419.366,14.3105,0.912718
163539739,1278.01,14.4751,0.584616,0.0216353,54.3053,6.058,0.528225,0.538024,4.69131,-0.274201,3813.06,12,False,-3793.18,8.09589,0.349744
406861922,3473.01,4.0358,2.15538,0.0520728,54.2977,17.611,1.34103,1.43541,4.2417,-0.12331,6838.84,16,False,-2872.79,9.45516,0.390033
164173105,1417.01,3.02556,0.699938,0.105646,54.2651,11.371,1.4876,1.54355,4.22338,0.0498526,7019.51,25,False,-148.362,14.3043,1.53823
468777766,3750.01,12.4778,0.199257,0.0517975,54.2462,8.484,0.577563,0.607238,4.62581,-0.032227,3896.45,5,False,-10379.3,8.97426,0.2071
311292015,3317.01,2.952,1.74773,0.076125,54.2165,18.38,1.29007,1.56702,4.14165,-0.00779915,6306.33,14,False,-2120.26,7.20935,0.475983
170849515,555.01,1.94164,0.0588371,0.0321337,54.1438,12.405,0.598401,0.626018,4.61624,-0.0664194,4004.9,39,False,-4760.3,7.49147,0.315174
278775625,921.01,5.12874,3.59313,0.0399912,54.1411,3.33,1.09494,1.06366,4.42375,-0.114613,6187.41,182,False,-1881.29,10.226,0.472103
233576159,4105.01,5.71519,3.71655,0.0677467,54.1313,10.752,1.29667,2.04052,3.93383,0.0211042,6040.46,120,False,-48.5288,5.45079,3.3103
298776943,6176.01,9.64102,5.21403,0.0512289,54.1116,14.503,0.750153,0.736506,4.5759,-0.00114327,4799.0,3,False,-3887.26,5.47753,0.363611
124573902,7388.01,0.332858,0.20109,0.00526515,54.0973,86.788,1.01406,1.03574,4.41068,0.026181,5780.0,194,False,-859.763,11.4417,0.678765
468055102,3264.01,3.31334,0.818335,0.0823123,54.0699,16.934,1.34709,1.55651,4.18077,0.00299483,6667.56,13,False,-38311.3,10.5723,0.103561
462135459,3065.01,1.69957,1.10126,0.0477759,54.0584,16.534,1.24645,1.34513,4.27035,-0.179006,6652.77,45,False,,,
173615288,7406.01,2.88847,1.47745,0.056145,54.0417,12.409,1.17905,1.31932,4.25468,-0.0399331,6207.0,14,False,-2621.19,6.06039,0.43692
245728942,5012.01,4.18437,2.4616,0.0493069,54.0319,16.713,2.3959,1.70579,4.34129,-0.0151425,10687.9,11,False,-1065.42,6.11923,0.684738
263003176,130.01,14.3392,11.2484,0.0931852,54.0067,2.474,1.08816,1.15189,4.34621,-0.276446,6322.44,18,False,-1303.23,12.3424,0.538285
89020549,132.01,2.10968,1.59615,0.0432356,54.0066,3.625,0.935572,0.897365,4.49943,0.259327,5334.04,44,False,-470111.0,10.3661,0.0296598
418184767,6923.01,6.72748,6.63262,0.0542251,53.9661,9.599,0.846595,0.827311,4.53217,0.0156117,5221.4,9,False,-3713.98,7.53807,0.355128
394691478,5220.01,2.08758,0.778898,0.0629844,53.9331,19.354,1.49082,1.47461,4.26597,-0.117803,7430.04,21,False,-1332.59,7.36968,0.594905
143994382,4844.01,4.54252,0.253906,0.0694487,53.9066,15.281,1.29858,1.31363,4.31698,-0.0694244,6739.31,23,False,-245.133,8.45716,1.35805
38603673,459.01,4.42914,3.4529,0.513527,53.8791,3.473,1.34253,1.92688,3.97917,-0.421587,6742.45,213,False,-674.498,10.3965,0.781437
456560485,3296.01,5.94037,1.32146,0.0726129,53.8772,10.563,1.05181,1.06564,4.39521,0.180452,5754.74,11,False,-1475.12,10.2011,0.530333
136998882,3881.01,3.34017,0.162326,0.047112,53.8578,7.901,1.01274,1.03003,4.40856,0.277457,5584.81,17,False,-5846.04,7.9011,0.280151
139445621,2696.01,6.40929,5.437,0.0343402,53.8551,13.197,1.09685,1.09847,4.39244,-0.11221,6166.52,12,False,-6306.54,6.49867,0.27794
358557578,2635.01,7.45474,5.46314,0.142301,53.8018,14.153,1.64445,2.60608,3.81469,-0.00604859,6617.54,20,False,-2860.71,7.63932,0.402361
393940766,148.01,4.86708,1.98305,0.0645587,53.787,8.726,1.09523,1.15405,4.34843,-0.0234363,6082.88,19,False,-2350.72,10.4649,0.416591
72985822,754.01,3.86397,0.825617,0.031961,53.7578,11.629,1.19588,1.19856,4.35829,0.0764242,6276.62,17,False,-5942.41,7.45248,0.279977
369965258,2390.01,2.11927,1.08182,0.033679,59.6014,10.087,1.3943,2.01823,3.97018,-0.206165,6630.18,87,False,-2017.69,7.54211,0.540387
268532343,2420.01,5.84255,2.44338,0.0812615,59.5996,13.332,1.23858,2.05483,3.88753,0.0328522,5765.42,8,False,-199.625,5.91163,1.7791
69028091,5451.01,1.68223,0.467751,0.0278988,59.5817,11.791,1.03614,1.00143,4.44823,0.136014,5741.02,36,False,-145.165,13.6858,1.78626
219762508,1878.01,3.23511,1.74762,0.0186922,59.5806,7.988,1.03627,1.04488,4.41242,-0.150033,6057.16,204,False,-472.677,4.53795,1.18235
283722336,1469.02,6.76504,1.4771,0.0315685,59.5536,1.447,0.753275,0.754271,4.55338,-0.000946531,4845.46,16,False,-2488.08,8.73259,0.475007
63718617,6334.01,3.84976,2.71402,0.131929,59.4963,8.787,1.08634,1.17739,4.32445,0.00638503,5982.0,11,False,-772.087,6.44286,0.890984
194736418,6038.01,5.82673,2.79103,0.0988736,59.3654,5.994,1.2205,1.37381,4.23345,-0.0533613,6305.0,12,False,-2479.55,8.39846,0.477191
86263325,3884.01,4.54439,3.48911,0.0282969,59.3615,6.473,0.259156,0.291453,4.92263,0.195859,3219.96,8,False,-6253.53,7.06306,0.308244
209923610,3242.01,3.00018,1.5164,0.0603189,59.2923,18.854,1.24321,1.42378,4.22213,-0.533874,7233.44,9,False,-2313.03,5.47242,0.521742
435740442,5237.01,2.99043,2.22133,0.03077,59.2487,21.832,1.08942,1.32523,4.22239,-0.296642,6292.47,23,False,-15684.4,9.07092,0.186721
22121296,4239.01,2.81321,2.17679,0.0831291,59.2176,16.758,1.28735,1.79072,4.02466,-0.379171,6612.01,18,False,-3463.92,7.31284,0.411109
232052748,2795.01,3.63371,2.27045,0.0354952,59.1881,11.215,0.855306,0.821744,4.5359,-0.0459631,5297.72,18,False,-1805.33,8.12363,0.560405
408094424,3932.01,2.48928,2.2084,0.0357221,59.1517,15.762,1.64804,2.47433,3.85862,-0.00369078,6790.71,71,False,-61.5964,9.62233,2.98026
126325149,3855.01,3.49525,0.278783,0.0333006,59.08,10.077,0.715361,0.711655,4.57406,-0.00913958,4613.83,25,False,-18751.4,7.20954,0.176528
402828941,5261.01,4.15096,0.981719,0.0412749,59.0645,12.51,1.09415,1.04244,4.43795,0.115425,5915.09,10,False,-3043.93,7.0934,0.439135
470156846,4154.01,7.34459,1.3869,0.10628,58.9602,13.514,1.39415,1.82672,4.05573,-0.130596,6782.0,28,False,-64.1571,6.9124,3.06723
353807936,5650.01,34.2826,4.1292,0.147697,58.9156,7.852,1.17581,1.17783,4.35965,0.0252959,6200.27,25,False,-369.421,4.32926,1.32705
425316308,3163.01,3.07486,2.47827,0.0532556,58.9145,14.337,1.5962,1.37305,4.35904,-0.261449,8340.41,8,False,-3754.48,5.39698,0.40714
287328202,6707.01,3.83476,1.58,0.068509,58.8921,5.076,1.12879,1.2426,4.29086,-0.0162593,6088.34,194,False,-275.781,5.99655,1.48955
440849210,4761.01,3.78633,1.21451,0.116108,58.8916,15.455,1.54413,2.37676,3.86729,-0.108977,6637.9,37,False,-108.523,5.49481,2.40798
448358913,3496.01,1.55055,1.40472,0.029808,58.8708,7.934,2.38651,1.75691,4.32198,-0.419222,11757.8,79,False,-98.085,7.83679,2.42262
89389197,1137.01,1.32068,0.331713,0.0231125,58.8179,2.689,0.776968,0.760791,4.5644,0.00309132,4919.6,113,False,-274.142,5.94654,1.49334
357312511,3457.01,32.6002,19.1868,0.0864542,58.8039,10.259,1.14675,1.32786,4.24081,-0.0167683,6113.33,7,False,-2419.73,7.74195,0.483959
401028336,4949.01,1.78216,1.00815,0.0559727,58.7835,23.93,1.29268,1.56591,4.15757,-0.22634,6804.34,16,False,-1631.58,5.97222,0.609692
312548829,3980.01,3.60891,2.6956,0.0336326,58.7405,13.035,1.13267,1.51104,4.12792,0.0494968,5942.16,30,False,-2678.26,8.16753,0.455583
237019002,7107.01,8.61466,1.26087,0.094674,58.6798,15.167,1.28898,1.45899,4.20313,-0.0721767,6467.0,10,False,-3086.69,6.30675,0.439453
431981595,4787.01,3.50377,2.17029,0.0543767,58.6726,13.65,1.1334,1.30968,4.24806,-0.0222613,6098.87,14,False,-28637.7,8.75413,0.137465
166178400,7090.01,60.6826,30.2798,0.0829792,58.628,10.669,1.0616,1.13926,4.34502,0.0204594,5918.0,3,False,-1032.06,8.77986,0.723844
200743403,2334.01,7.99802,7.34432,0.0614471,58.5636,10.407,1.03713,1.44624,4.12265,0.029992,5761.18,16,False,-949.497,9.27018,0.746324
143008050,3850.01,14.4833,4.82494,0.0838594,58.4753,9.722,1.03883,1.01219,4.44425,0.0285428,5874.68,10,False,-483.749,11.7345,0.99242
6663331,1068.01,3.19493,2.74682,0.0661986,58.4496,9.843,0.916529,0.890084,4.50106,-0.0198324,5536.74,22,False,-2442.35,7.82382,0.477596
259901731,2629.01,11.4857,7.76285,0.0800623,58.4311,15.391,1.11201,1.32016,4.23651,0.0268981,6007.23,12,False,-6172.92,6.96064,0.305339
410372968,3267.01,2.76747,0.632445,0.0610894,58.365,12.615,1.09267,1.32222,4.22799,-0.0746089,6059.12,30,False,-1179.38,6.62001,0.702808
154105890,3874.01,5.58227,4.65354,0.0262869,58.3607,13.446,1.11838,1.20583,4.31841,0.0522343,6036.81,40,False,-28612.8,9.04396,0.135867
184295571,3560.01,1.98044,1.91142,0.0564933,58.3389,6.05,1.24115,1.27759,4.31135,-0.0332414,6447.54,67,False,-5884.68,6.28147,0.316297
144125079,2661.01,3.62572,3.53602,0.0559376,58.2807,11.815,1.05527,1.07712,4.38787,0.224068,5736.5,12,False,-9993.1,7.02133,0.238979
58825110,5301.01,5.85883,2.92678,0.0738917,58.2057,13.33,1.44913,2.09721,3.95114,-0.00851364,6432.04,13,False,-183.369,6.27741,1.79611
307809773,4599.01,2.76948,1.57713,0.0216314,58.183,1.356,0.439647,0.444886,4.78106,-0.501348,3729.57,40,False,-19888.3,8.41199,0.16447
274215536,1701.01,1.33417,0.839323,0.026696,58.1296,3.976,0.775559,0.773074,4.54986,0.148313,4851.88,44,False,-5272.47,7.2781,0.326423
363083571,3449.01,3.82495,3.02033,0.0778704,58.1178,15.621,1.29488,1.48044,4.20442,-0.120806,6691.38,11,False,-1943.08,6.77141,0.543134
403224672,141.01,1.00824,0.224388,0.0323564,58.1171,1.736,1.00952,1.06107,4.38211,-0.0966472,5912.88,112,False,-2285.12,9.04851,0.478581
192976435,6270.01,4.22734,2.92407,0.0855998,58.0958,12.606,1.09368,1.18871,4.31834,0.00220671,6001.0,19,False,-128.588,6.92084,2.11771
65981892,3618.01,3.48985,0.927885,0.0321925,58.073,16.663,1.15302,1.24226,4.3056,-0.0243816,6225.83,25,False,-2104.11,8.56084,0.503271
410159011,3406.01,2.62335,0.127434,0.0559492,58.0545,16.515,1.38508,1.53792,4.19196,-0.00784099,6717.93,20,False,-3307.94,7.51795,0.409607
139550876,4695.01,35.7855,1.061,0.0450413,58.0266,13.551,0.856801,0.847533,4.50938,-0.391528,5743.38,3,False,-10393.5,6.78558,0.234246
464445045,3293.01,2.58984,1.5159,0.068553,57.9627,16.07,1.34067,1.58292,4.15265,-0.204776,6795.73,24,False,-3619.11,7.54062,0.390704
241514551,3240.01,3.86011,0.0211193,0.035714,57.9398,12.113,0.816492,0.785541,4.55636,0.0964515,5003.38,12,False,-7761.88,7.29311,0.267929
416368336,3511.01,1.08481,0.892923,0.0218477,57.9378,11.875,0.751888,0.828727,4.46854,-0.136697,5107.57,67,False,-2804.27,7.45628,0.444416
278666476,6828.01,3.48945,0.0847403,0.0405399,57.9003,8.52,0.896289,0.877343,4.50511,0.0215385,5415.7,25,False,-10742.8,9.15691,0.219174
355748785,3527.01,1.75509,0.751982,0.0424791,57.8942,19.865,1.49298,2.19869,3.92267,-0.00576716,6519.2,88,False,-2313.57,7.19765,0.491406
306263608,1471.01,20.7725,2.73501,0.0977888,57.8919,3.861,0.976803,0.941329,4.47768,0.110484,5591.37,5,False,-5729.67,8.33427,0.305156
32260988,5684.01,1.09595,0.76306,0.169369,57.874,11.9,0.85865,0.869706,4.49054,-0.336238,5723.29,26,False,-397.81,12.2769,1.06804
193641523,824.01,1.39297,0.42596,0.0212258,57.8421,3.157,0.713364,0.701731,4.58948,0.0658062,4533.74,72,False,-2413.56,7.89953,0.473955
31374837,431.01,12.461,2.55641,0.0647812,57.7785,3.592,0.775075,0.749485,4.57147,0.134108,4783.8,4,False,-669.76,7.77624,0.901785
299780329,1869.01,1.60245,0.61422,0.0219229,57.6809,5.912,1.19392,1.33706,4.2554,0.297402,6001.31,123,False,-69.0352,6.89799,2.88271
287231664,3840.01,3.62172,2.33285,0.0643399,57.6554,10.19,1.07575,1.17039,4.32595,0.174224,5837.23,28,False,-3854.16,8.59212,0.368393
9858404,394.01,0.391498,0.351611,0.0151618,57.6334,5.69,1.44323,2.13483,3.92513,-0.0177249,6287.26,110,False,-1780.15,6.11482,0.569377
193634953,5688.01,2.94815,0.85346,0.0302346,57.5912,10.122,0.548603,0.578718,4.64853,0.0436808,3775.97,27,False,-4407.77,7.63916,0.350709
199949052,6010.01,0.58685,0.0443168,0.0159341,57.5883,3.935,1.03504,1.08365,4.37978,0.0252295,5842.0,263,False,-15320.0,10.7355,0.17641
14715294,3121.01,5.51675,0.678082,0.0813441,57.5718,21.433,1.34211,1.68309,4.09946,-0.103565,6526.54,9,False,-1100.37,6.37103,0.719994
441730540,4025.01,16.2842,1.11459,0.130591,57.5632,9.531,1.00901,1.14769,4.3161,-0.154835,5992.06,34,False,-7853.17,10.0121,0.250086
116483734,1412.01,4.73195,0.634674,0.012717,57.5425,4.839,0.599169,0.637619,4.60558,-0.159916,4101.96,28,False,-2124.29,9.88778,0.482082
428767018,6064.01,15.3058,1.55415,0.0716386,57.4955,12.745,1.37999,1.52507,4.20018,-0.0896878,6803.6,4,False,-97.7615,4.5111,2.51943
151724385,5795.01,6.14062,0.764446,0.0665646,57.4649,5.515,0.989642,0.985563,4.44268,0.0268482,5708.0,10,False,-40973.7,7.29915,0.115491
417676091,3700.01,4.41869,3.29202,0.0623236,57.446,13.075,1.09626,1.0976,4.39603,-0.194509,6275.31,10,False,-4246.7,8.0152,0.353573
431660224,6233.01,3.70677,3.63434,0.0499226,57.4377,15.987,1.33673,1.4939,4.20139,-0.0814034,6643.0,5,False,-265.716,5.13565,1.50065
173818213,2853.01,3.29238,2.37175,0.025107,57.3404,20.109,1.01525,1.13113,4.33179,-0.303364,6161.94,15,False,-3890.84,7.48095,0.372601
23435610,3000.01,5.20843,2.37188,0.0584161,57.313,17.066,0.95455,0.928814,4.48361,-0.163616,5840.58,4,False,-1270.73,5.86228,0.673181
68850908,3775.01,5.38693,1.15822,0.0625837,57.3071,16.068,0.968653,1.08099,4.34899,-0.156428,5886.7,13,False,-9582.91,6.87243,0.240115
68523365,3259.01,3.44703,0.833911,0.055486,57.3025,14.399,0.895809,0.928892,4.4507,-0.0145994,5513.02,15,False,-6341.97,5.84033,0.301192
36607746,3151.01,1.72588,0.676744,0.0280287,57.2147,20.254,1.29287,1.27393,4.33361,-0.250948,6908.97,16,False,-2581.83,6.60012,0.464402
436508469,6117.01,9.86345,5.25955,0.107067,57.1956,10.625,1.1799,1.32061,4.25407,-0.0403321,6209.0,5,False,-2884.42,7.24419,0.433592
142277868,6508.01,18.9927,5.03252,0.0262327,57.125,37.566,0.558276,0.588183,4.64513,-0.0121106,3003.0,5,False,-88.4239,24.9462,1.6102
353459965,6049.01,10.8615,5.75083,0.168748,57.1213,8.444,0.97442,0.967288,4.45337,0.0262398,5663.55,4,False,-85350.7,9.10626,0.0765877
11561667,730.01,3.08763,2.28682,0.0366808,57.1047,13.882,0.618157,0.644255,4.60919,-0.0118102,4077.86,27,False,-2726.14,9.55381,0.424577
140067837,2631.01,6.63144,3.96741,0.0409598,57.1018,11.476,0.958023,1.01664,4.39889,-0.139096,5835.59,9,False,-1852.2,10.2814,0.507278
233788275,5885.01,4.72647,4.01644,0.0730091,57.0951,9.073,1.14728,1.27083,4.27755,-0.0249699,6132.0,37,False,-104.881,6.22056,2.33431
463469906,2957.01,1.53165,0.192941,0.0426386,57.0593,19.823,1.11207,1.40664,4.18068,0.028186,5972.08,50,False,-4335.66,7.19452,0.352997
295947393,2516.01,5.49203,4.5904,0.154151,56.9963,13.613,1.49514,1.60803,4.19695,-0.111741,9623.0,4,False,-3069.28,5.97423,0.429331
353960022,6051.01,3.9205,1.37283,0.0763614,56.9805,25.99,1.31824,1.48057,4.20191,-0.0778606,6574.32,10,False,-2205.09,7.0345,0.495908
188768068,1462.01,2.17794,1.36041,0.0465867,56.9737,1.252,0.986726,1.17676,4.28395,-0.182684,5950.27,201,False,-4044.16,9.38804,0.348799
165989915,3870.01,2.62925,1.37263,0.034159,56.9576,9.05,1.05428,1.33812,4.20007,-0.075436,5949.91,84,False,-4343.81,8.91068,0.339809
237232044,1443.01,23.5407,9.88375,0.0841095,56.9569,2.496,0.79867,0.765797,4.57275,-0.0766053,5111.74,29,False,-134574.0,13.741,0.0548966
316236118,3212.01,4.1944,0.214923,0.0510305,56.9068,13.117,0.67636,0.685495,4.58512,-0.180152,4500.57,13,False,-12938.4,6.8221,0.205205
147125706,2757.01,3.48142,0.785738,0.0493147,56.9066,21.374,1.29083,1.34074,4.28485,-0.158073,6725.37,5,False,-2272.69,6.12012,0.49669
406495245,5128.01,7.60149,3.35981,0.0612854,56.7405,9.215,1.48748,2.0224,3.98968,-0.50807,7526.57,8,False,-2007.83,6.80886,0.519574
137420801,4128.01,1.97956,0.956373,0.0427288,56.7363,4.998,0.913247,0.880342,4.50615,0.121782,5369.65,89,False,-5104.23,8.34849,0.315688
143009290,4069.01,2.72401,1.41343,0.032312,56.7295,11.225,0.912908,0.874357,4.50931,-0.0201753,5480.85,12,False,-18358.7,7.67934,0.168706
179230828,5000.01,5.54223,5.07532,0.0427238,56.6844,10.615,0.913502,0.894673,4.49573,0.0235914,5483.0,14,False,-14320.8,7.52451,0.191446
435719275,5264.01,4.42756,0.297572,0.105486,56.6655,22.86,1.39301,1.85911,4.03368,-0.00841807,6445.93,5,False,-483.665,5.08282,1.09532
55559618,695.01,21.3764,19.5193,0.0865888,56.6468,2.595,0.858003,0.820612,4.54364,-0.0681068,5355.21,42,False,-332.959,6.59408,1.28207
406941612,912.01,4.67806,1.04764,0.0298538,56.6112,2.148,0.408708,0.418764,4.79671,-0.156965,3504.72,32,False,-4447.59,8.03531,0.339516
280726137,4284.01,3.50085,1.83003,0.0968728,56.6014,13.482,1.34453,1.61395,4.13813,0.167443,6290.59,30,False,-2261.4,7.40309,0.482359
195606729,6149.01,13.3561,12.844,0.151788,56.5126,12.427,1.14305,1.26436,4.2806,-0.0229748,6122.0,8,False,-101537.0,8.79943,0.0697767
167600516,713.01,35.9993,21.405,0.0823415,56.4469,2.303,0.638098,0.651922,4.61089,-0.0294919,4161.45,25,False,,,
422223456,6202.01,2.89794,1.61638,0.0617683,56.4453,13.328,1.49514,1.60803,4.19695,-0.111741,7767.0,31,False,-84.9283,3.19629,2.71977
346015394,3722.01,1.07889,0.09848,0.035507,56.4418,21.331,0.949968,1.03814,4.37665,-0.00217716,5678.74,20,False,-408.305,5.72606,1.1725
359735804,4881.01,4.41588,4.25841,0.0907463,56.4235,17.485,0.997959,1.80659,3.9064,0.0435177,5214.01,29,False,-210.747,6.85046,1.59845
85266608,5385.01,5.16709,3.44363,0.113332,56.4162,13.854,1.39841,1.95092,3.99565,0.168049,6154.91,4,False,-2076.21,6.30778,0.512746
408643099,5324.01,5.02685,3.65117,0.0541174,56.4087,10.907,0.755288,0.720243,4.59781,-0.0715069,4853.19,9,False,-9299.65,6.23814,0.242469
399868187,2473.01,1.23118,0.320683,0.0475073,56.3744,8.506,1.34371,1.41385,4.26498,-0.171243,7026.73,57,False,-796.345,10.0589,0.765858
10507330,4021.01,5.11753,0.553654,0.0306766,56.2817,12.574,1.54634,1.83938,4.09098,0.00468518,7138.76,30,False,-1123.62,8.46165,0.665447
291976834,7289.01,2.85631,0.510471,0.05893,56.2496,11.255,1.0142,1.03605,4.41048,0.0261749,5780.4,7,False,-2387.85,7.27556,0.467261
4711,3129.01,2.33237,0.011371,0.031707,56.2286,17.29,1.19667,1.31669,4.27578,-0.0298874,6370.59,6,False,-340.268,7.91734,1.22403
150030205,286.02,39.3618,19.0715,0.0918357,56.1751,2.012,0.818689,0.790193,4.55641,0.0599245,5067.45,27,False,-686.804,14.126,0.748855
202563254,1139.01,4.47807,3.18943,0.085821,56.1251,5.214,2.08346,1.60757,4.33704,-0.321861,10413.9,44,False,-36625.8,22.9437,0.0807972
237071229,2039.01,11.2479,6.21552,0.0762418,56.1009,5.856,1.24137,1.38914,4.2492,0.117012,6256.08,29,False,-74970.9,9.99148,0.0784747
48253329,5826.01,2.81345,1.31434,0.0647476,56.0266,16.058,1.49514,1.60803,4.19695,-0.111741,7456.0,4,False,-1869.98,6.94453,0.529245
58533991,4176.01,3.20907,0.727651,0.167719,55.9819,23.021,1.7366,2.26193,3.95931,-0.143796,7645.62,15,False,-146.078,6.39306,1.92388
448744179,3073.01,3.14209,1.08418,0.0387872,55.9587,11.985,0.93485,0.962062,4.43598,0.0643473,5542.98,16,False,-10729.5,6.37455,0.223093
230840853,3556.01,4.11843,1.847,0.0418914,55.9273,20.703,1.07337,1.46489,4.13207,-0.178269,6072.97,12,False,-1536.57,6.00871,0.593871
242389810,3237.01,3.02747,2.78409,0.0706829,55.9191,21.905,1.34669,1.38406,4.28006,-0.0885122,6859.55,7,False,-3111.9,5.72803,0.419434
389040826,5511.01,4.71746,0.171761,0.023268,55.9081,6.588,0.509136,0.528772,4.69465,0.0769217,3657.94,26,False,-16218.0,9.97553,0.168088
168449943,2983.01,3.42846,2.83899,0.0422942,55.8975,17.058,0.854704,0.856561,4.49962,-0.00670618,5313.35,15,False,-11732.9,7.71784,0.207295
291751373,6017.01,2.5079,2.13241,0.0594838,55.8196,13.546,1.17921,1.31957,4.25456,-0.0400109,6207.39,21,False,-2711.59,7.40341,0.433463
180145006,312.01,3.54126,3.41675,0.0378577,55.8159,13.618,1.29025,1.65979,4.08813,0.257238,5884.97,27,False,-202.74,8.22153,1.56491
234345288,213.01,23.5199,18.0306,0.0677039,55.8146,2.792,0.695728,0.694803,4.58773,0.0709491,4453.87,10,False,-1346.62,11.4545,0.56379
48451130,4571.01,30.3605,23.0536,0.102599,55.7972,11.136,0.776171,0.758955,4.56763,0.0563334,4897.16,7,False,-8072.24,8.36737,0.246039
367858035,1758.01,20.7052,16.0305,0.0715502,55.7746,3.628,0.8182,0.792844,4.55047,-0.00615573,5120.68,11,False,-2465.92,8.56164,0.443264
104866616,7059.01,4.46246,1.4591,0.0561658,55.7681,17.649,1.49514,1.60803,4.19695,-0.111741,7587.0,3,False,-25837.6,10.147,0.132264
46307587,5480.01,3.60799,1.01582,0.0604074,55.7066,20.231,1.09503,1.95422,3.87881,-0.0167351,5432.53,25,False,-1809.69,6.00445,0.544795
352682207,4010.02,14.7088,0.758569,0.0727909,55.7018,5.872,0.833632,0.807371,4.53618,0.2654,4947.02,11,False,-6198.23,16.8716,0.229882
260004324,704.01,3.81431,2.11015,0.0285136,55.6969,1.121,0.468938,0.481019,4.74209,-0.311316,3706.94,240,False,-2672.76,19.9776,0.322106
418343229,6662.01,0.293949,0.0947278,0.0111585,55.6893,2.162,0.558276,0.588183,4.64513,-0.0121106,3359.0,824,False,-2220.44,10.407,0.448045
445807396,3830.01,3.24931,0.752321,0.0394306,55.6767,10.186,0.948935,0.947321,4.45453,0.257762,5406.17,20,False,-3922.8,8.14496,0.353755
418471116,5002.01,3.73188,1.86665,0.0630731,55.6465,15.888,1.13321,1.195,4.33229,-0.110687,6255.38,20,False,-6564.0,7.63432,0.276205
289264348,4011.01,4.33592,4.03974,0.0660587,55.5833,13.794,1.24148,1.32722,4.27547,0.0454004,6317.05,34,False,-6598.59,8.42126,0.270602
436637677,4705.01,11.914,8.83885,0.114105,55.5096,12.705,1.24395,1.62328,4.10214,-0.383846,6725.46,11,False,-3913.05,9.12414,0.345654
252912175,3797.01,17.6228,3.54454,0.0582713,55.5031,11.329,1.13448,1.15463,4.36037,0.0476301,6078.88,6,False,-8237.9,8.99495,0.238819
120826158,4495.01,5.18306,4.52391,0.101372,55.4916,3.378,1.19273,1.28574,4.29134,0.153604,6150.55,34,False,-1374.89,8.63791,0.589319
183675732,374.01,5.48206,2.4885,0.0765917,55.4915,10.899,1.03208,1.15938,4.31651,0.0362035,5844.86,14,False,-43059.5,9.60979,0.103038
351652998,5767.01,4.01524,3.77573,0.0600315,55.4422,17.032,0.983478,0.978163,4.44701,0.0266018,5690.0,4,False,-2496.05,6.46904,0.457004
460396820,5685.01,2.34142,0.618974,0.0491083,55.4107,14.518,1.19388,1.27977,4.2977,-0.0793253,6406.11,4,False,-114.002,16.0697,1.73037
116631353,6113.01,4.92192,2.51523,0.140312,55.4022,11.917,1.16677,1.30057,4.26352,-0.0341473,6178.0,18,False,-212.873,7.57428,1.5344
247180220,4991.01,0.768003,0.0316211,0.0438305,55.4018,16.348,0.596661,0.637538,4.59952,0.118538,3953.12,55,False,-4792.98,7.39258,0.323233
237101326,4051.01,1.53739,0.968816,0.0274056,55.3719,4.94,0.892708,0.909124,4.46617,0.172043,5311.5,353,False,-67975.1,13.842,0.0742289
334385701,3951.01,2.18613,0.659429,0.0459266,55.272,10.591,0.90993,1.04789,4.34488,-0.332582,5897.23,67,False,-2505.71,7.6576,0.443466
322498101,6119.01,4.20704,3.11191,0.0598555,55.2358,17.971,1.2763,1.44321,4.20875,-0.0686923,6437.0,25,False,-1485.84,7.35999,0.579224
312508092,3214.01,5.77606,2.85009,0.075525,55.2184,14.358,1.24351,1.24259,4.33449,0.0281773,6353.06,5,False,-4346.05,5.48452,0.351649
299220166,4457.01,3.21752,0.0565756,0.0352598,55.2147,11.527,0.932243,0.890216,4.5071,-0.0584537,5609.86,70,False,-4934.23,8.53822,0.309727
271042217,4428.01,1.85556,1.31278,0.0443559,55.1635,13.721,1.15604,1.21927,4.3192,0.232655,5969.67,82,False,-8615.36,7.63373,0.238657
350024178,5492.01,2.92398,2.52839,0.0555051,55.1598,12.586,1.07744,1.0565,4.42038,-0.0748079,6078.49,22,False,-2218.95,6.8157,0.4785
230129753,4459.01,5.74763,1.48861,0.0355067,55.1366,6.043,0.557231,0.579486,4.65144,-0.0338567,3809.19,98,False,-118.142,7.89354,2.04071
92744152,4254.01,1.14628,0.763545,0.0528823,55.1032,14.176,1.44227,1.97157,3.99503,-0.156954,6690.19,65,False,-995.167,5.72461,0.730222
192076548,2668.01,1.11593,0.605484,0.0254744,55.0546,6.167,1.43727,1.58289,4.18379,-0.0999968,7047.12,75,False,-344.087,11.0293,1.1092
385332171,2644.01,9.74297,8.47369,0.0309153,55.0428,13.525,1.04657,1.35076,4.18632,-0.27175,6113.32,6,False,-910.84,6.10631,0.756513
445795465,5773.01,2.74045,0.952918,0.0684339,55.0166,7.426,0.889716,0.870725,4.50869,0.0207546,5390.0,31,False,-1434.76,6.98422,0.591387
219803922,7025.01,66.9951,48.7566,0.0373092,61.2506,12.201,1.12441,1.23591,4.29401,-0.0141964,6078.0,11,False,-9022.34,11.3664,0.244763
441155146,2560.01,3.55142,1.86069,0.0511332,61.2093,13.233,0.910135,0.907574,4.47493,0.167111,5348.18,12,False,-4920.6,6.97488,0.360377
209707800,3243.01,2.05196,0.56174,0.036708,61.1729,17.594,1.25486,1.41655,4.21823,-0.0628038,6386.3,12,False,-2656.6,5.10979,0.507097
355096431,2185.01,7.21476,4.49117,0.0776781,61.1532,9.84,1.03625,1.01331,4.43953,0.175828,5728.28,15,False,-2192.48,12.1925,0.487523
300038935,1228.01,29.0497,23.021,0.154102,61.1218,3.735,1.8377,1.68962,4.24214,-0.0672813,8686.9,32,False,-23.1942,9.53773,5.14947
324426685,5053.01,9.88303,0.277449,0.0622389,60.9822,9.557,0.733724,0.727155,4.56724,0.210412,4559.44,8,False,-9297.69,7.4696,0.258648
160390955,3568.01,4.41792,2.2759,0.0504218,60.9727,6.59,0.756287,0.747023,4.56605,0.0395327,4808.66,22,False,-3888.91,8.47605,0.392406
325410269,6204.01,4.0673,2.01173,0.0512494,60.9705,16.239,1.23233,1.38853,4.22821,-0.0566134,6333.0,24,False,-3276.03,7.44556,0.435938
451538240,3297.01,3.93491,0.50426,0.0844291,60.886,14.806,1.28966,1.48067,4.19782,-0.0107439,6451.25,21,False,-4667.87,7.62671,0.363356
76228620,4998.01,9.78017,1.23925,0.0829283,60.8664,9.638,1.11389,1.26824,4.26977,-0.130693,6182.27,11,False,-2220.11,8.97358,0.51349
284174392,3749.01,1.87519,0.257359,0.0590452,60.8574,13.651,1.1384,1.24852,4.29308,0.027135,6111.04,69,False,-11087.0,9.82868,0.22586
57159675,4077.01,5.56791,4.04888,0.0480023,60.8266,8.567,0.794321,0.768897,4.56413,0.0879803,4925.63,19,False,-5894.71,8.69612,0.316471
265612438,145.01,5.12998,1.70786,0.1062,60.7522,9.031,1.08852,1.45077,4.14562,0.200519,5755.25,15,False,-1699.57,8.52741,0.590724
361710792,3451.01,8.72341,0.876133,0.0569442,60.7259,11.247,0.955416,0.946723,4.46548,0.0792717,5588.84,10,False,-7559.59,8.09158,0.282146
69356857,5232.01,4.09668,3.88832,0.0935448,60.6546,13.823,1.23981,1.69985,4.06291,-0.153862,6297.64,17,False,-1777.7,7.33156,0.589726
294904059,6160.01,40.74,22.6005,0.0407002,60.6434,13.203,0.813633,0.795519,4.54791,0.0100376,5081.0,3,False,-14069.2,7.9465,0.207048
229888286,2057.01,5.59865,3.15056,0.101471,60.5419,13.581,1.49387,2.46245,3.82175,0.0335801,6101.49,9,False,-3701.85,11.1307,0.378565
180672438,3905.01,5.35991,2.67434,0.0673561,60.5129,12.963,0.948574,1.01221,4.39537,-0.218022,5875.17,11,False,-3840.41,7.33663,0.39999
255907107,5760.01,7.92419,6.78085,0.091698,60.5011,10.871,1.0004,1.00453,4.43082,0.0268011,5739.6,12,False,-2342.79,7.68256,0.508769
306357884,3322.01,1.05717,0.369366,0.0285653,60.4833,11.145,1.43537,2.0466,3.95491,-0.0672055,6386.08,108,False,-2319.24,8.09981,0.507136
457039843,6947.01,6.52021,3.0917,0.0942571,60.4704,16.224,1.33269,1.49099,4.2015,-0.0806297,6628.0,12,False,,,
357373216,3901.01,9.54694,8.49792,0.0381644,60.4677,13.684,0.936766,0.910663,4.49031,-0.10486,5701.22,11,False,-2534.35,9.66826,0.470448
435336785,4543.01,5.7741,3.27505,0.0762731,60.4576,5.029,0.758386,0.743191,4.57276,-0.000429146,4837.8,8,False,-287.424,6.54905,1.48682
262530407,177.01,2.8531,2.03005,0.0253801,60.4512,2.24,0.499664,0.517499,4.70634,-0.0156922,3664.54,35,False,-3892.94,11.0031,0.369427
65212867,1007.01,6.99879,0.391862,0.0794758,60.4503,14.795,1.63709,2.6315,3.8,0.0401255,6420.46,7,False,-178.478,5.24362,1.93573
184521624,5880.01,3.11621,2.37554,0.067848,60.4447,19.406,1.19471,1.34173,4.24487,-0.0462766,6244.0,33,False,-2933.67,7.66525,0.454275
356539624,3833.01,0.439984,0.378206,0.0163467,60.444,7.762,0.755913,0.833186,4.46434,0.155557,4847.2,134,False,-1383.72,9.80073,0.634945
349789882,6701.01,10.0181,4.23968,0.0588551,60.3895,5.634,1.35128,1.50438,4.20098,-0.0841889,6697.0,92,False,-14.5329,9.38342,6.53349
66296167,6046.01,3.41319,0.0767342,0.0552392,60.3764,16.717,1.03605,1.08597,4.37829,0.0251834,5845.0,17,False,-4860.84,7.92232,0.350684
452938965,3988.01,2.87441,1.42964,0.091214,60.3567,14.252,1.68922,1.76031,4.16163,-0.303555,8441.78,21,False,-1614.74,6.94918,0.619787
123007594,3517.01,3.36872,1.5061,0.0523335,60.2975,13.255,1.05454,1.09866,4.37223,0.00178694,5935.1,33,False,-47777.4,7.98422,0.11153
29781292,282.01,56.0045,11.906,0.181478,60.2529,3.342,1.24167,1.37012,4.25028,0.0177686,6362.8,21,False,-10027.6,14.5019,0.212931
262746281,603.01,16.1798,5.63829,0.134248,60.2445,7.666,1.24294,1.47784,4.1891,0.157618,6156.85,9,False,-33293.7,8.87467,0.131197
422031406,6441.01,4.55746,0.39857,0.0508399,60.1617,11.026,0.790008,0.773142,4.55854,0.00556166,4977.0,6,False,-8696.97,5.89693,0.271193
149349867,2392.02,3.4072,1.98253,0.0874973,60.1546,3.073,1.34426,1.63118,4.1327,0.0249833,6462.25,235,False,-2443.74,12.1587,0.452657
457104362,3787.01,4.81632,4.58107,0.0667855,60.1523,13.879,1.03505,1.02336,4.42796,0.230046,5677.8,8,False,-4538.99,7.32115,0.365519
112110888,4770.01,1.95499,1.40058,0.0508351,60.1105,17.175,1.15106,1.29441,4.26453,-0.113377,6260.34,12,False,-1256.39,5.75667,0.715221
428317266,6216.01,29.5404,0.12499,0.0663336,60.079,18.776,1.22472,1.37907,4.23158,-0.0545228,6315.0,3,False,-3386.28,8.25644,0.41514
232540264,1247.01,15.9235,4.28913,0.0868431,60.0467,2.51,0.994196,1.01885,4.41549,0.0218763,5769.57,28,False,-1463.35,9.43643,0.617001
452464529,3025.01,3.67948,3.57128,0.0824299,59.9858,12.574,1.01204,1.25903,4.23035,-0.292853,6075.22,26,False,-8344.03,9.19264,0.259158
186470968,4832.01,2.78049,1.34912,0.0337229,59.9614,10.335,0.638459,0.663657,4.60161,0.175288,4121.97,27,False,-9531.2,7.89001,0.248579
187333348,5790.01,2.20214,1.94717,0.0458716,59.9518,10.064,1.40541,1.54339,4.19947,-0.0945573,6898.0,16,False,-81.5835,5.52343,2.83745
137899948,4446.01,2.45524,0.676268,0.0296337,59.9452,14.112,0.577756,0.607496,4.62625,0.00861284,3884.74,84,False,-14600.6,7.7975,0.201126
155898758,3913.01,4.03847,3.41068,0.0259748,59.9237,6.581,0.715896,0.702598,4.58667,0.291033,4357.38,21,False,-11750.9,11.0896,0.20995
260417932,932.01,19.3106,9.11973,0.0680799,59.8749,2.731,0.713574,0.704026,4.58872,0.134406,4501.85,35,False,-8613.88,9.23369,0.254302
220076110,2796.01,4.80845,0.400094,0.0298341,59.8314,11.671,1.09501,1.04796,4.43774,-0.103976,6179.88,11,False,-19414.8,7.1556,0.176179
253788533,6786.01,2.71377,1.33072,0.0674669,59.809,23.71,1.11806,1.22621,4.29859,-0.0112038,6063.0,7,False,-5704.0,6.0402,0.331831
413248763,562.01,3.93059,0.165512,0.0263077,59.7094,1.324,0.328003,0.345467,4.87495,-0.353002,3466.42,23,False,-3989.71,12.6329,0.347415
298647682,1643.01,20.079486084344275,8.142979164349494,0.0249256147321169,59.7082,,0.738738,0.737847,4.57068,-0.0160831,4807.64,34,False,-19087.1,15.6711,0.148545
25799609,963.01,11.1179,9.65454,0.08253,59.6067,8.232,1.02884,1.03544,4.41313,0.0214276,5837.53,8,False,-74431.6,12.7493,0.0800361
305790119,5918.01,2.03559,1.0858,0.0395136,48.202,13.173,1.01102,1.02879,4.41517,0.0263192,5771.0,10,False,-1591.78,6.62207,0.486001
252430813,3706.01,4.37095,3.5983,0.0800151,48.1888,16.666,1.28793,1.34959,4.27783,-0.130418,6695.17,12,False,-2189.47,8.59554,0.394518
137843225,5706.01,0.357658,0.004929,0.0186091,48.1726,1.855,0.733078,0.723307,4.58206,-0.00211925,4717.0,431,False,-8811.05,9.56589,0.191687
122441491,4473.01,3.79701,3.171,0.0424401,48.1634,11.354,0.874987,0.843331,4.52638,0.240612,5142.67,52,False,-2204.05,8.32421,0.395652
170627138,6580.01,10.9601,7.54961,0.133475,48.1431,6.664,0.948101,0.93569,4.47185,0.0251879,5586.7,6,False,-2690.29,6.809,0.371521
456306892,5581.01,33.5375,11.8788,0.117992,48.1324,6.844,0.797242,0.767739,4.56613,0.118203,4903.45,6,False,-6016.21,10.755,0.224605
354742440,6315.01,4.45333,1.10569,0.137652,48.1151,6.312,0.957108,0.946504,4.46553,0.0255479,5613.0,18,False,-1324.15,8.45743,0.508291
397924314,4004.01,5.3799,2.84564,0.0577513,48.0965,7.935,0.779399,0.763094,4.56331,0.00355182,4930.3,19,False,-1809.45,8.99501,0.428628
259884973,6823.01,2.84111,0.352551,0.0432801,48.0715,4.479,0.924232,0.907033,4.48862,0.0242339,5517.0,86,False,-36.4219,6.19644,3.30228
437856897,4603.01,7.2456,2.48334,0.0456439,48.0608,11.042,1.54621,2.66167,3.76958,0.0336323,6086.71,15,False,-3337.23,6.40255,0.336161
170368805,4777.01,2.95886,0.0310077,0.0448868,48.0523,14.657,1.09371,1.0706,4.41379,-0.0142516,6045.74,16,False,-23703.5,9.03808,0.118092
13424053,3546.01,5.20189,3.04539,0.0636588,48.052,11.427,1.13839,1.25725,4.28395,-0.0207802,6111.0,14,False,-3869.76,6.86251,0.308648
35285308,5509.01,5.76527,3.28922,0.059718,48.0164,9.163,0.995472,0.978199,4.45447,0.0777877,5703.02,16,False,-19065.2,7.39417,0.137105
152800085,2325.01,4.26991,3.37206,0.0259509,47.9951,8.186,1.19161,1.59507,4.10302,-0.367553,6566.83,16,False,-172586.0,7.65202,0.045253
17683158,4826.01,5.97308,4.29738,0.0811087,47.9861,14.057,1.19243,1.29963,4.27554,-0.0239526,6271.75,9,False,-1369.01,7.26781,0.513249
274367763,3474.01,3.8794,3.74467,0.072124,47.9833,13.588,1.17867,1.17999,4.36342,0.063382,6193.18,6,False,-3356.85,6.12189,0.336811
52368076,125.01,4.65169,2.13585,0.065213,47.8795,2.565,0.853406,0.830224,4.52979,0.0306719,5245.3,38,False,-2778.09,12.88,0.309569
304695574,3324.01,2.80908,2.4598,0.0624207,47.873,12.553,1.1881,1.39335,4.21283,0.035875,6123.83,22,False,-1336.5,6.7224,0.524979
294981566,1219.01,1.91424,0.673785,0.0832138,47.8643,2.185,1.44555,1.49604,4.24102,-0.139091,7307.02,475,False,-42.9714,10.1495,2.73044
396950329,3861.01,1.77639,0.143391,0.0174952,47.8615,6.768,0.817885,0.795686,4.54619,0.238057,4928.01,63,False,-3374.38,7.18658,0.326413
365021641,3309.01,7.48328,2.79042,0.0722058,47.8453,12.119,0.955183,0.946934,4.46219,0.262932,5436.33,5,False,-195.886,7.56522,1.34758
141395223,6404.01,3.74428,3.57915,0.0297502,47.8025,8.921,0.821129,0.80262,4.54454,0.0114578,5114.0,12,False,-2721.75,7.62218,0.359056
162802770,2641.01,4.88098,1.27274,0.0231223,47.7835,8.409,1.16848,1.24097,4.31142,-0.0981877,6339.62,21,False,-5576.22,7.87825,0.24908
259274960,4049.01,31.4001,9.14404,0.0533284,47.7121,10.374,0.819219,0.781827,4.5679,0.170447,4970.17,19,False,-335.652,15.6377,0.818246
241076290,1560.01,0.2579966701251577,0.1255734297017122,0.0439946779336746,47.6927,3.409,2.29202,1.88742,4.23535,0.23144,9499.57,262,True,-312.421,7.73096,1.05689
261257684,904.01,10.8773,7.65554,0.0558949,47.6851,2.499,0.528635,0.544385,4.68339,-0.0754828,3741.57,26,False,-7425.67,8.53564,0.211745
294365631,3228.01,1.81197,0.101755,0.0308279,47.6746,19.108,1.49414,1.9906,4.00874,0.00114255,6751.71,30,False,-2278.91,6.20607,0.405006
242674266,7219.01,2.907,0.860173,0.0306229,47.6708,11.829,1.00188,1.00793,4.42862,0.0267335,5744.0,4,False,-2496.2,7.34796,0.37627
264468702,5778.01,6.0962,0.675545,0.0341527,47.6557,12.049,0.558276,0.588183,4.64513,-0.0121106,3769.0,12,False,-2250.16,8.25529,0.387261
375059587,786.01,12.6694,1.51912,0.09788,47.6292,2.228,1.11295,1.14726,4.36285,0.01098,6095.75,77,False,-14.2962,13.0822,4.46468
39018923,2216.01,5.68075,2.28769,0.0831342,47.6148,6.43,1.24458,1.3146,4.28793,0.0722081,6330.97,33,False,-106.491,7.51934,1.82556
147804034,2800.01,7.75383,6.36674,0.0666041,47.5457,10.179,0.809689,1.06233,4.28627,-0.608409,5893.87,9,False,-2982.93,7.78144,0.339413
34068865,731.01,0.321922,0.245739,0.0133467,47.505,0.706,0.418225,0.425363,4.79522,-0.36013,3615.59,449,False,-475.752,9.22518,0.819602
468692991,6136.01,3.97828,2.30286,0.0365391,47.502,13.068,0.916355,0.897577,4.49415,0.0239191,5494.0,12,False,-1784.28,6.92041,0.447983
229787062,2261.01,1.90115,0.227111,0.0248958,47.4927,9.409,0.98946,1.87622,3.86515,-0.607278,5894.07,315,False,-98.241,5.81634,1.97681
26054627,5349.01,3.31788,2.93727,0.0344739,47.4857,10.039,0.558022,0.58853,4.64098,0.23459,3743.9,13,False,-2990.46,7.33776,0.342256
325670253,7057.01,3.37772,0.237727,0.0510482,47.459,11.365,0.813406,0.795304,4.54801,0.00999452,5080.0,5,False,-1530.75,6.95026,0.48284
419523962,6029.01,5.79983,3.33105,0.126369,47.3799,7.649,1.03842,1.09138,4.3748,0.025076,5852.0,17,False,,,
407156755,6335.01,4.79239,0.147825,0.126041,47.3679,8.884,1.16592,1.29927,4.26413,-0.0337483,6176.0,26,False,-43.8108,5.83784,2.9768
34499178,2926.01,2.42489,2.26253,0.0878369,47.3399,16.969,1.38794,1.74496,4.08267,-0.373995,7108.14,43,False,-677.673,7.01435,0.722996
436843539,5330.01,4.63035,2.12692,0.0787134,47.3291,16.49,1.34135,1.41171,4.25301,-0.0303535,6666.37,20,False,-4065.84,8.57248,0.283324
231077395,2238.01,3.39044,2.39821,0.0613702,47.2762,2.393,1.17781,1.2759,4.29024,-0.0762998,6339.23,287,False,-164.873,6.34128,1.49393
342343963,3360.01,16.7374,8.92911,0.0334294,47.2201,16.539,1.74019,2.67827,3.80734,-0.243563,7242.23,18,False,-493.418,8.0688,0.82306
460984940,784.01,2.79703,2.6671,0.047806,47.1977,1.942,0.934482,0.887038,4.50979,0.102442,5439.53,64,False,-6073.74,7.80316,0.235602
232941965,5882.01,7.14885,6.57602,0.138612,47.1029,5.078,0.988957,0.984741,4.44316,0.0268208,5706.0,13,False,-53.7392,6.22608,2.63776
287225295,1769.01,0.609757,0.34219,0.0125733,47.0487,2.723,0.912359,0.878412,4.50833,0.0380937,5439.93,109,False,-2937.34,8.32987,0.333046
89544985,2389.01,2.33723,0.797654,0.0313495,47.0232,9.465,0.817159,0.837782,4.49718,-0.172971,5365.41,28,False,-1098.04,8.26853,0.545555
235664497,4104.01,2.37578,1.31725,0.066636,47.0232,16.005,1.34562,1.5003,4.20114,-0.0831057,6676.0,15,False,-1764.84,8.63974,0.426048
266441563,4771.01,6.00494,1.35257,0.0630454,47.0167,13.363,1.19049,1.23967,4.32135,0.0180546,6283.65,11,False,-5920.17,9.15316,0.229365
177254988,4405.01,5.92143,3.73101,0.0390303,46.994,2.58,0.675943,0.677152,4.60645,0.129254,4300.47,158,False,,,
114299824,1923.01,4.2042,0.224118,0.0468032,52.2039,16.014,1.11817,1.08438,4.41521,-0.0641736,6182.96,18,False,-4123.02,7.96483,0.321151
100099031,353.01,1.29799,0.148503,0.035149,52.2025,8.441,0.787282,0.77056,4.55976,0.00504521,4965.0,50,False,-142.463,6.09071,1.81179
16005254,5344.01,3.79238,0.501868,0.0284744,52.193,10.922,0.545995,0.570682,4.65639,8.12569e-06,3732.67,6,False,-4697.98,6.57276,0.31024
419858461,3165.01,2.54337,0.853866,0.0477871,52.0661,24.995,1.05282,1.04582,4.4168,-0.152715,6089.02,21,False,-3937.66,7.41377,0.331697
383829317,6995.01,9.94444,6.51473,0.0688613,52.0505,10.069,1.31869,1.4809,4.2019,-0.0779473,6576.0,13,False,-1840.35,7.80885,0.48088
75919790,3341.01,8.6371,5.41683,0.0810584,52.0374,12.578,1.03261,1.01794,4.43313,-0.17653,6064.88,6,False,-1743.55,6.98445,0.503125
327004130,3997.01,3.45999,2.93648,0.0308516,51.9937,13.168,1.19679,1.2452,4.32451,-0.0651198,6405.33,38,False,-2554.3,8.39137,0.402215
808243,5848.01,1.50986,0.0407524,0.0648222,51.9824,15.652,1.07938,1.16667,4.33023,0.0103434,5964.0,14,False,-1233.74,5.90708,0.611835
255704097,877.01,6.01573,0.993401,0.0378378,51.9764,15.036,1.63665,1.89498,4.08689,-0.243625,7856.46,20,False,-575.11,8.685,0.842755
372048733,7169.01,3.43738,0.687534,0.0729943,51.9568,13.094,1.04586,1.10838,4.36384,0.0247383,5874.0,8,False,-802.937,5.50467,0.76495
253044312,3869.01,11.2005,8.6131,0.0284187,51.9336,15.427,1.01685,1.40619,4.13877,-0.139813,5887.15,9,False,-3330.93,8.24421,0.352885
395143000,5837.01,2.96626,0.840341,0.0704743,51.9168,19.875,1.49514,1.60803,4.19695,-0.111741,7564.0,13,False,-3703.82,6.89157,0.34487
38696105,281.01,5.57654,0.770099,0.0436919,51.9061,3.961,1.24435,1.3855,4.24835,0.204037,6214.58,138,False,-32.9103,7.74285,3.67096
464326872,2955.01,0.554234,0.0956127,0.0298096,51.902,17.645,1.69644,2.07526,4.02935,-0.0407404,7584.05,143,False,-3662.7,6.89542,0.346658
340144218,2893.01,10.3629,5.44759,0.0657741,51.874,7.979,0.952593,0.915009,4.48921,0.0148817,5589.9,25,False,-45208.0,10.2029,0.0913312
222485202,5838.01,3.59818,2.62011,0.0278463,51.8719,13.052,0.679146,0.681617,4.60152,-0.0052019,4458.0,4,False,-5717.77,7.17854,0.27549
272218608,6314.01,3.17774,1.73804,0.0781318,51.8405,18.346,1.49514,1.60803,4.19695,-0.111741,7233.0,28,False,-680.507,8.05314,0.783422
96736412,2761.01,6.12061,4.03641,0.0586443,51.8308,16.323,1.1735,1.23322,4.31875,-0.264438,6548.23,8,False,-2290.21,7.09795,0.435808
302924206,2362.01,6.94441,6.18793,0.044994,51.8163,10.229,1.13678,1.29474,4.26307,-0.155053,6292.51,27,False,-10351.0,8.31317,0.19928
48217457,4454.01,3.12084,0.896074,0.0357039,51.811,15.57,1.07604,1.06156,4.41403,-0.0454937,6035.2,70,False,-17889.2,8.35959,0.151398
356736743,3832.01,24.0819,5.57008,0.0788964,51.784,9.775,1.0587,1.02223,4.44283,-0.0272728,5979.2,10,False,-2783.53,10.3349,0.366257
156075294,299.01,5.72164,0.558776,0.0768555,51.7824,8.72,1.01276,1.08366,4.36711,0.16974,5692.18,16,False,-2965.43,8.57463,0.369893
101955023,667.01,1.62893,0.386638,0.0158981,51.7738,1.231,0.179734,0.203992,5.06994,-0.292778,3231.98,70,False,-5946.72,7.33567,0.26859
238061845,579.01,1.68431,0.982546,0.0376965,51.7496,2.384,0.786078,0.769419,4.56031,0.00481712,4959.7,122,False,-2197.17,7.31242,0.442007
100566492,2198.01,5.02244,4.52438,0.196001,51.7224,12.558,1.39781,1.98541,3.98217,-0.0626262,6418.89,12,False,-3130.97,19.5609,0.267945
133331642,4273.01,2.9347,1.38294,0.0634503,51.7144,29.187,1.33658,2.07922,3.90937,-0.423589,6559.46,27,False,-793.12,7.27723,0.736295
22221375,652.01,3.98465,2.99415,0.0482113,51.6906,2.229,1.0162,1.02335,4.42232,-0.0471253,5892.18,25,False,-2708.16,7.91852,0.392133
177257073,6504.01,6.83281,1.96171,0.106461,51.6883,7.543,0.972176,0.964595,4.45494,0.0261501,5657.0,33,False,-394.805,11.5209,0.944448
256561562,5216.01,1.89513,1.48963,0.0769852,51.6404,12.713,1.63685,2.1382,3.98057,-0.0591299,7175.09,143,False,-56.2156,3.14883,3.05766
359629653,6397.01,1.67073,0.00888008,0.0121237,51.5971,7.007,0.804546,0.786913,4.552,0.00831606,5041.0,161,False,-52.8804,7.46689,2.87134
417948359,1272.01,3.31598,1.66243,0.0304936,51.5815,4.45,0.81595,0.785553,4.55669,0.157442,4960.54,29,False,-1482.97,8.52116,0.521469
179987678,3279.01,0.419134,0.152107,0.0267749,51.5768,5.071,1.11319,1.19022,4.32619,0.251354,5871.41,377,False,-1806.27,8.65441,0.470927
387342052,2844.01,3.5524,2.72278,0.0581874,51.4531,10.044,1.44419,1.79317,4.08349,-0.102595,6898.3,50,False,-193762.0,15.9696,0.0375641
259168516,1680.01,4.80266,3.89915,0.0235403,51.4151,1.651,0.18912,0.211488,5.05904,-0.0562477,3152.56,195,False,-36.0294,6.84667,3.53448
171312653,5284.01,2.03269,1.23994,0.0304361,51.3779,24.735,1.4945,1.56235,4.21728,-0.189778,7611.22,52,False,-183.93,3.07421,1.66817
45996325,4264.01,3.15825,3.14261,0.0958028,51.3458,11.468,1.49514,1.60803,4.19695,-0.111741,7606.3,30,False,-1843.07,8.38508,0.466613
236158940,5868.01,2.67755,2.30864,0.0595921,51.3227,11.01,1.39944,1.53908,4.19963,-0.0934121,6875.8,19,False,-87.3807,4.95513,2.33424
17896514,4831.01,2.63755,2.35881,0.094437,51.2957,19.227,1.49565,2.37524,3.85006,-0.168738,6540.46,19,False,-3745.09,7.19361,0.335932
195750008,3558.01,2.56504,0.346478,0.0458402,51.2703,16.387,1.17195,1.24583,4.30736,0.214104,6023.01,29,False,-1762.23,7.65999,0.484424
393633044,4029.01,5.88496,2.54121,0.0777176,51.2502,6.394,1.07302,1.07972,4.3954,0.119669,5869.75,13,False,-61642.0,10.5181,0.0764516
123482865,569.01,6.53972,0.499861,1.12702,51.2398,6.286,1.19691,1.33137,4.2591,0.277677,6014.49,19,False,-217.251,15.7922,1.12561
388202128,2621.01,2.4125,1.76327,0.0208093,51.2288,14.207,1.07701,1.164,4.33281,-0.286842,6317.99,52,False,-3004.16,6.76147,0.378212
278415929,2245.01,3.79808,1.17755,0.0854567,51.2288,4.518,0.994843,1.35095,4.16319,-0.421375,6120.38,73,False,-2876.82,11.2574,0.347421
459730973,5820.01,3.91576,2.30119,0.115391,51.1719,9.026,1.18794,1.33289,4.24828,-0.0441228,6228.0,12,False,-837.059,6.60766,0.718712
56884,6604.01,3.91748,2.3083,0.052846,51.1223,16.237,1.28856,1.45846,4.20332,-0.0720605,6466.0,11,False,-170.567,6.06045,1.61659
332017079,4945.01,1.6537,0.359175,0.039897,51.0132,15.528,1.17749,1.13714,4.39214,-0.495416,6866.65,16,False,-3541.66,5.57801,0.355893
382521776,6730.01,4.39347,4.20906,0.135618,51.004,6.385,0.87923,0.860168,4.5144,0.0195039,5349.0,20,False,-2501.8,8.67217,0.394574
253728991,1081.01,2.97514,0.131193,0.0605191,50.9217,8.587,1.10373,1.20421,4.30998,-0.003511,6027.0,17,False,-2992.77,7.18247,0.372727
114181798,3285.01,2.70225,2.43687,0.0566752,50.8471,14.385,1.15171,1.28931,4.26845,-0.168554,6337.97,15,False,-459.656,8.59341,0.920452
364072092,3310.01,1.38281,0.316855,0.0291425,53.6684,17.35,1.28756,1.37354,4.25999,-0.148627,6694.51,28,False,-1319.34,7.06303,0.598428
467331291,4155.01,3.32076,3.141,0.0521613,53.6315,3.409,0.995069,0.954029,4.47074,0.0731555,5659.63,107,False,-11493.1,9.00119,0.194017
367616146,3704.01,1.3945,1.26841,0.0242255,53.606,12.041,0.974136,0.968536,4.45328,0.00924781,5712.21,37,False,-7596.48,8.54458,0.240964
126225595,5254.01,4.48359,2.74068,0.0745389,53.5945,13.762,1.44611,2.06179,3.95735,0.110575,6233.11,21,False,-1055.09,6.41629,0.677542
194076601,5816.01,20.4451,13.7798,0.152651,53.5207,15.21,1.49514,1.60803,4.19695,-0.111741,8991.0,4,False,-2415.97,26.3188,0.258017
272645619,3094.01,2.83967,0.635259,0.0413404,53.5059,13.916,1.06055,1.13765,4.34589,0.0210531,5915.3,28,False,-3938.83,6.99394,0.34546
122596693,4435.01,3.52565,1.79688,0.0452837,53.4972,13.414,0.838071,0.798743,4.55723,0.249253,4982.47,53,False,-13171.1,8.08617,0.184405
145804834,6615.01,3.59114,1.87412,0.0295401,53.4887,19.497,1.13119,1.24626,4.28913,-0.0173886,6094.0,6,False,-13662.0,5.75779,0.190311
147034452,2758.01,4.53019,2.69217,0.0485267,53.4871,13.13,0.758324,0.745644,4.56927,0.196093,4705.16,4,False,-4150.5,5.90022,0.344308
118603213,3384.01,1.85921,0.246841,0.0451895,53.4653,10.071,1.49514,1.60803,4.19695,-0.111741,7257.0,56,False,-2437.12,7.09069,0.437961
386197662,5412.01,0.382848,0.156729,0.0144051,53.4259,6.087,1.3431,1.62368,4.13191,0.119313,6306.23,390,False,-1596.84,8.10983,0.52883
394443982,3141.01,4.43406,0.562693,0.0788227,53.3775,15.759,1.29658,1.35229,4.2939,-0.112628,6797.9,7,False,-10794.8,7.03441,0.207879
420779000,5632.01,4.23439,0.908805,0.0457912,53.3478,6.846,0.814615,0.812915,4.52443,0.0331249,5105.48,3,False,-1730.2,7.92806,0.509177
345193111,5925.01,6.16137,5.02455,0.04529,53.329,17.059,1.24036,1.39852,4.22465,-0.0588201,6352.0,6,False,-3896.91,7.413,0.342864
4605846,3813.01,3.71786,0.531445,0.0591112,53.2962,13.528,1.15643,1.18331,4.35434,-0.0897027,6332.61,36,False,-272.531,9.67995,1.23559
141527579,698.01,15.0868,3.63361,0.0425268,53.2844,2.349,0.459346,0.474047,4.7432,-0.00814014,3557.43,66,False,,,
63844530,6189.01,5.58675,4.35173,0.0489788,53.2446,12.949,0.903527,0.88463,4.50116,0.0224017,5444.0,16,False,-4000.53,8.99007,0.326147
26999884,7175.01,2.99448,1.20129,0.0761957,53.242,9.507,1.49514,1.60803,4.19695,-0.111741,7465.0,37,False,-2834.54,9.77732,0.380593
308987429,2897.01,12.0041,4.71781,0.0807803,53.2035,10.256,0.951815,0.929769,4.47483,-0.233616,5877.2,16,False,-1586.29,8.49121,0.523519
418012030,2533.01,6.68657,3.16191,0.0583995,53.1621,10.007,1.05074,1.08367,4.38557,-0.19639,6143.07,4,False,-5614.84,5.88346,0.294086
274223601,5665.01,2.24651,1.81216,0.0891435,53.0474,15.076,1.24357,1.92224,3.96785,-0.145396,6209.88,53,False,-1873.5,9.82432,0.46563
33303538,6272.01,2.51409,2.24157,0.0350354,52.9798,10.49,1.40057,1.53989,4.1996,-0.0936288,6880.0,19,False,-33.6572,4.76802,3.96101
279265701,4013.01,2.63253,1.25329,0.0846747,52.9254,15.022,1.291,1.94176,3.96231,0.0960702,5924.91,46,False,-478.161,9.55169,0.926315
142087638,2404.02,74.6063,9.83124,0.0934599,52.9123,5.443,1.12944,1.14086,4.37162,-0.0638039,6198.19,13,False,-96.2898,6.35206,2.23108
198356533,1437.01,18.8409,17.3741,0.121736,52.8775,2.468,1.07303,1.19339,4.30417,-0.133537,6100.13,46,False,-63.6267,9.30287,2.57882
358248442,2419.01,18.8813,3.04968,0.132298,52.8682,4.503,1.15548,1.30538,4.25805,0.0560347,6061.89,13,False,-61.696,12.2176,2.44399
238920875,2329.01,6.53468,2.19606,0.0677181,52.8562,9.242,1.0349,1.0404,4.41319,0.170516,5729.98,22,False,-21050.7,14.0765,0.12456
291013124,6783.01,6.03708,5.04209,0.0349931,52.795,28.168,0.558276,0.588183,4.64513,-0.0121106,3445.0,3,False,-7167.56,5.88214,0.258264
47132480,5421.01,6.55485,1.99047,0.0640077,52.7781,20.981,1.99576,2.58159,3.9135,0.0699986,8002.85,16,False,-829.919,10.2226,0.689269
200917197,3640.01,1.22053,0.14757,0.0347734,52.729,10.682,1.49514,1.60803,4.19695,-0.111741,8273.0,52,False,-2535.9,8.39471,0.410449
366698929,5512.01,4.55841,1.53069,0.0370692,52.6665,10.857,0.957563,0.941901,4.46485,0.225847,5445.25,10,False,-10525.0,6.54479,0.209521
125367522,6118.01,4.64744,2.04084,0.177651,52.6556,9.427,1.28391,1.45268,4.20538,-0.0707829,6455.0,23,False,-1317.31,7.10842,0.585293
357501308,2018.01,7.43557,2.45489,0.0466839,52.6399,2.476,0.599726,0.62368,4.62632,-0.121042,4045.17,8,False,-369.147,11.1754,1.00842
258514800,1444.01,0.470272,5.5304e-08,0.0257082,52.5947,1.469,0.934688,0.900905,4.49475,0.163565,5403.49,1057,False,-2799.91,8.56639,0.387907
366527844,5348.01,3.08903,2.34867,0.0343546,52.5916,15.132,1.34442,1.4311,4.25612,-0.0478955,6834.32,23,False,-2778.28,7.79287,0.396229
237221436,3970.01,10.6001,5.78877,0.108806,52.5715,11.551,1.17359,1.33333,4.24263,0.147218,6012.21,32,False,-5763.07,9.58566,0.263921
405932063,5281.01,5.50473,0.209773,0.0853323,52.5433,13.785,1.19788,1.3998,4.21672,0.0490214,6160.4,27,False,-11612.0,7.15437,0.196302
281716779,4739.01,8.17034,5.10706,0.0554719,52.529,16.665,1.49514,1.60803,4.19695,-0.111741,8190.0,4,False,,,
175772482,5673.01,2.83858,2.24017,0.0428965,52.5138,13.39,1.03743,1.01142,4.44311,0.0284675,5865.49,3,False,-488.849,10.2501,0.892649
178879588,1900.01,3.05649,0.945609,0.0416779,52.5008,12.276,1.03546,1.00907,4.44549,0.0925342,5800.41,16,False,-4143.57,6.15993,0.335573
233535738,4106.01,16.3559,8.42379,0.0890934,52.4869,3.807,0.995356,0.968627,4.4589,0.0791848,5672.69,51,False,-89.173,19.5247,1.64234
334493051,3949.01,2.22975,1.26139,0.0525484,52.4774,11.413,1.09733,1.09702,4.3967,-0.0456642,6106.44,37,False,-3791.61,8.0281,0.336492
364431259,3445.01,2.9866,0.565557,0.0503852,52.4184,13.245,0.774739,0.912866,4.40014,0.148944,5012.43,9,False,-1932.16,6.30679,0.48914
17538423,5682.01,3.116,0.652006,0.0787311,52.4161,15.971,1.24171,1.52674,4.14659,-0.0670309,6266.98,19,False,-856.335,7.33569,0.718788
203214138,5081.01,5.1699,4.517,0.0338493,52.4091,8.888,1.19034,1.39267,4.21362,-0.179516,6404.9,16,False,-1332.38,6.55351,0.585908
207425203,1865.01,1.22391,0.719001,0.0198651,52.3412,7.827,1.18567,1.76036,4.01362,-0.331143,6364.84,289,False,-1992.58,8.61647,0.456726
191202679,3601.01,4.05175,1.69795,0.0597914,52.3196,12.344,1.2399,1.44684,4.20002,-0.0786831,6410.83,12,False,-2602.52,7.98859,0.405127
373017346,4450.01,10.6925,6.85233,0.0750304,52.2492,4.155,1.06902,1.08205,4.39077,0.179485,5811.91,29,False,-6070.15,10.9943,0.246801
35758536,4866.01,4.10596,2.35408,0.0736049,52.2065,12.699,1.1517,1.25076,4.29388,-0.0186303,6169.37,25,False,-2141.47,7.75648,0.447854
366120401,4039.01,4.73081,1.06844,0.0598137,49.3253,9.852,0.993882,0.999492,4.43459,0.0762596,5718.26,32,False,-5911.1,7.53919,0.253321
154304816,6248.01,3.85293,3.43629,0.0359968,49.3041,13.759,1.22092,1.37433,4.23326,-0.0534775,6306.0,35,False,-778.206,7.96349,0.691536
467649533,6045.01,7.4829,2.09826,0.130559,49.2987,7.415,1.14559,1.26824,4.27877,-0.0241719,6128.0,6,False,-1607.17,7.54842,0.485647
270132709,6322.01,4.28079,3.61961,0.0799013,49.2965,13.893,1.20739,1.35751,4.23925,-0.0497609,6274.0,18,False,-3052.54,8.60042,0.34338
207110080,558.01,14.5729,6.95288,0.14533,49.2294,5.676,1.24422,1.49129,4.17193,-0.192777,6514.23,14,False,-339.208,9.85123,0.999264
248690688,4702.01,3.12131,1.16059,0.0638483,49.2119,14.821,1.07788,1.24256,4.27488,0.0834715,5911.9,8,False,-1435.97,9.36888,0.49035
350882505,5841.01,4.20257,1.59231,0.0845327,49.1616,7.0,0.979368,0.973229,4.44989,0.0264376,5678.0,22,False,-1630.59,8.1986,0.473051
439456714,277.01,3.99343,3.08642,0.0375326,49.1178,4.341,0.509047,0.526025,4.6992,-0.0248974,3685.0,19,False,-1222.52,12.3481,0.490505
455272393,3438.01,1.66602,0.95392,0.0289981,49.0474,10.972,1.39011,1.98179,3.96644,0.0109814,6187.83,90,False,-2625.36,9.29433,0.361706
408618999,1736.01,7.0731,2.12647,0.0826107,49.0315,2.943,1.05501,1.28874,4.2329,0.0998373,5804.72,24,False,-941.188,9.16431,0.606271
99097200,3818.01,3.23716,1.39968,0.0627321,49.0159,13.153,1.15918,1.20385,4.33494,0.191665,6031.23,12,False,-14803.3,8.03141,0.156985
74967390,4260.01,5.45883,1.35161,0.0963153,49.0137,12.531,1.2391,1.39694,4.22522,-0.0584717,6349.0,9,False,-1150.31,7.52721,0.570564
432761635,3622.01,3.21317,0.00833503,0.0676004,48.9776,14.453,1.09437,1.22202,4.29582,0.100686,5930.06,14,False,-1709.22,8.12697,0.46076
467684543,5356.01,3.19479,2.34577,0.0761197,48.9675,16.588,1.33578,2.04972,3.92234,-0.376456,6519.09,32,False,-627.716,10.0453,0.725155
468979441,5493.01,24.4383,10.7966,0.110582,48.9604,5.527,1.03786,1.03234,4.42491,-0.0894892,5999.73,8,False,-1811.34,7.74363,0.451579
198212955,1242.01,0.381485,0.36882,0.0345824,48.9579,1.239,0.695543,0.683761,4.59792,0.252406,4257.51,2257,False,,,
264295655,4097.01,2.77414,1.57054,0.0446241,48.9506,3.96,0.894275,0.840095,4.54223,-0.137507,5573.97,129,False,-31.8483,7.51907,3.50318
97925605,6407.01,8.9913,7.441,0.135835,48.9473,8.34,1.04214,1.09988,4.36932,0.0249072,5863.0,10,False,-187.08,6.25008,1.46197
32004914,4814.01,5.54575,3.50054,0.0414305,48.8919,15.065,0.992835,0.989534,4.44261,-0.00863901,5785.17,9,False,-1133.18,6.81074,0.583106
23815847,3918.01,3.06543,2.3731,0.0446389,48.8864,10.95,0.913261,1.17995,4.24334,0.183828,5392.43,31,False,-105378.0,12.1304,0.052764
339522221,1917.01,1.7986,0.514947,0.225661,48.8838,7.621,1.19472,1.32401,4.26082,-0.0172839,6268.76,40,False,-1900.56,8.92776,0.427356
349972412,4504.01,82.8426,29.2198,0.25908,48.8483,6.4,0.894921,0.878911,4.49676,0.0374998,5393.1,10,False,-214.675,18.7371,0.961923
3364732,3771.01,3.62388,1.85862,0.044994,48.8426,15.644,1.29439,1.30173,4.31995,-0.277602,7014.91,36,False,-218.606,12.0366,1.16509
101348333,5339.01,15.1874,9.70891,0.071637,48.8271,10.538,0.933899,0.929537,4.47103,0.0768049,5524.49,3,False,-907798.0,9.10162,0.0194291
235901733,5723.01,170.645,23.1554,0.114715,48.8258,12.648,0.98519,0.980218,4.4458,0.0266703,5695.0,5,False,-1279.36,13.1363,0.465382
288428649,5229.01,5.91837,4.38311,0.0657893,48.7197,3.248,0.912166,0.887363,4.49545,0.313357,5230.6,149,False,-13.9548,6.87231,5.47938
124453339,3106.01,1.48511,0.587501,0.0379576,48.6926,9.364,0.988889,1.29119,4.19971,0.0373373,5692.52,16,False,-953.717,5.71483,0.649258
136274063,1094.01,0.597122,0.493053,0.0229738,48.673,7.261,1.63935,1.83852,4.11147,0.00769141,7430.13,128,False,-1521.28,6.64519,0.502506
179230828,5000.02,15.3391,1.71803,0.0551567,48.6523,11.772,0.913502,0.894673,4.49573,0.0235914,5483.0,6,False,-10024.2,7.52451,0.191446
73082014,3117.01,3.26884,0.429673,0.0592908,48.6409,14.81,1.01836,1.0454,4.40127,0.0324769,5811.22,9,False,-1360.56,6.0881,0.538039
27459498,3538.01,7.3105,2.0047,0.0602134,48.6148,16.599,1.18949,1.50507,4.15091,-0.24306,6437.66,23,False,-5661.68,12.5304,0.223524
202504234,1293.01,1.68499,0.163579,0.0219298,48.6004,3.741,1.01448,1.0579,4.39092,-0.0553369,5902.56,145,False,-1927.47,8.54619,0.425401
147857396,2868.01,9.38032,8.74379,0.0845084,48.5907,11.766,1.15518,1.17186,4.35507,0.182557,6001.51,8,False,-4022.76,7.83933,0.299498
29105766,3793.01,3.25514,0.170082,0.0373009,48.5449,17.024,1.17349,1.27121,4.28932,-0.210938,6465.88,13,False,-1621.19,6.98887,0.48129
285328782,6341.01,2.71826,0.942158,0.0346489,48.5415,22.517,1.27461,1.44111,4.20949,-0.0682278,6433.0,13,False,-1218.33,7.07137,0.55416
143687316,3721.01,3.54115,0.695239,0.0917162,48.4979,7.82,0.972771,0.97166,4.44621,0.291057,5470.49,17,False,-7852.87,8.48848,0.210426
213875310,5833.01,2.66934,2.12835,0.0529674,48.4221,13.624,0.93519,0.92019,4.48092,0.0246719,5549.0,8,False,-761.614,5.79234,0.720846
352151292,5244.01,5.08219,2.0347,0.0892167,48.4166,11.8,1.24716,1.36955,4.2569,0.172103,6246.34,26,False,-107.724,6.97211,1.876
274974693,4095.01,4.15394,0.729292,0.0269206,48.4132,10.672,1.0304,1.01938,4.4283,-0.00622464,5861.16,37,False,-5017.16,7.42204,0.269743
178155732,396.02,3.58529,1.70596,0.0557133,48.3793,1.852,1.13273,1.2558,4.28475,-0.187747,6309.65,34,False,-1611.54,9.61429,0.450309
293743169,6097.01,1.12569,0.971777,0.0377256,48.3105,8.68,1.49514,1.60803,4.19695,-0.111741,7433.0,45,False,-710.155,6.25435,0.73653
470169396,4024.01,6.32619,0.837894,0.109319,48.2973,9.144,1.03504,1.08365,4.37978,0.0252295,5842.0,29,False,-61.3716,7.99824,2.4294
457268255,3069.01,3.82769,1.64791,0.0252638,48.2865,8.869,1.19716,1.18666,4.36829,-0.11755,6473.98,31,False,-3194.47,6.67758,0.343189
303686889,3222.01,5.63208,4.52205,0.101092,48.285,15.204,1.44515,1.85847,4.04551,-0.0311657,6637.73,18,False,-990.866,7.42802,0.605515
3840990,2942.01,3.52572,1.42284,0.0969757,48.2835,16.408,1.4461,1.62357,4.16825,-0.12491,7162.76,14,False,-1289.92,7.80996,0.525597
20579360,2532.01,16.7225,3.96417,0.074504,48.272,9.663,0.914945,0.864011,4.52022,-0.0820616,5543.74,6,False,-5028.88,7.70398,0.266647
357145112,5195.01,3.15217,0.225038,0.0630502,48.2329,14.86,1.01471,1.38706,4.14706,-0.0774921,5818.41,7,False,-1390.89,5.91523,0.529191
350153977,908.01,3.18378,1.93402,0.0468546,48.218,2.934,0.99525,0.948012,4.4801,0.0860883,5659.71,84,False,-2251.22,8.99398,0.385436
354518617,2540.01,12.6531,3.16189,1.25888,48.2102,2.254,0.578111,0.604393,4.6317,-0.274445,4009.34,4,False,-87265.6,9.71594,0.0607239
99572130,3817.01,4.85048,3.66266,0.0988261,50.835,17.838,1.44135,1.97766,3.98849,-0.0472464,6468.84,20,False,-1511.73,7.46706,0.520167
1018843,2673.01,1.91265,1.69937,0.0538226,50.8349,2.41,1.01862,1.18749,4.28882,0.144338,5716.67,84,False,-1644.76,8.43345,0.487546
443042089,3078.01,0.549685,0.513245,0.0211684,50.8174,13.898,1.34299,1.74744,4.07449,-0.022952,6417.58,193,False,-206.592,6.61484,1.43966
138475192,3811.01,2.95946,1.85976,0.0183184,50.7524,6.216,1.03439,1.07372,4.38209,0.284577,5647.78,92,False,-1982.28,7.95615,0.448189
394338713,3439.01,5.93493,3.64265,0.0296229,50.7368,14.215,0.875953,1.03854,4.33742,-0.123748,5585.92,16,False,-2040.52,7.78824,0.443312
197808753,6853.01,10.6369,5.97577,0.105122,50.709,8.474,1.21711,1.3696,4.23495,-0.0524322,6297.0,19,False,-752.48,13.7484,0.628775
350020859,5141.01,11.8151,5.678,0.112952,50.7083,6.642,1.15559,1.60705,4.09391,0.2707,5734.26,4,False,-970.125,5.31234,0.679953
320327056,3276.01,7.03271,4.4438,0.0606416,50.698,10.929,0.79563,0.786235,4.5485,-0.024503,5086.98,4,False,-8572.39,7.29923,0.21846
49046332,2991.01,5.58093,4.78226,0.0468357,50.6904,8.063,0.697391,0.705985,4.57902,0.109554,4495.57,9,False,-3066.88,6.25574,0.374047
66497310,343.01,1.75631,1.38959,0.025808,50.6832,8.554,1.03021,1.14185,4.32931,-0.155109,6044.17,50,False,-1319.67,8.89899,0.536455
451566438,3266.01,3.74628,1.29154,0.0350036,50.6808,13.507,1.18794,1.42339,4.19575,-0.0123268,6174.11,24,False,-3589.26,6.97665,0.340055
328933398,1873.01,24.9342,23.0623,0.109676,50.6766,4.42,0.977121,0.944583,4.47604,0.186293,5538.53,11,False,-2353.6,8.49561,0.405369
144700903,532.01,2.32665,2.29094,0.0341218,50.6658,5.653,0.567633,0.600865,4.63119,-0.0871881,3891.66,25,False,-2684.71,7.3898,0.38938
298658399,7072.01,0.811887,0.0357249,0.0236231,50.6355,4.371,1.10064,1.19944,4.31255,-0.0017517,6019.0,89,False,-3346.57,7.86909,0.344621
117892246,5565.01,3.25975,1.03918,0.0736564,50.6148,14.337,1.01013,1.25189,4.23525,0.143056,5662.66,7,False,-3590.63,6.30832,0.344676
305506996,5916.01,2.36726,1.52322,0.0302697,50.5291,17.205,0.558276,0.588183,4.64513,-0.0121106,3504.0,10,False,-2200.42,6.60471,0.436583
63452790,4434.01,2.68433,2.15003,0.0499581,50.4176,14.069,1.01797,0.981783,4.46257,0.111328,5732.12,65,False,-4774.47,8.08601,0.285559
172193428,502.01,2.94124,1.94911,0.0222981,50.4099,5.059,0.874872,0.901376,4.46408,-0.468436,5911.7,23,False,-2733.23,6.7847,0.389019
82128636,666.01,7.47606,3.84914,0.0228633,50.3751,15.223,2.08817,3.26664,3.71691,-0.330971,8203.91,25,False,-51.5847,5.85033,2.93415
440775339,2827.01,5.3393,1.93376,0.0639849,50.3542,8.517,1.1933,1.56643,4.12447,0.092109,6056.88,31,False,-89.8124,5.57119,2.22322
142739544,3851.01,3.38342,3.20955,0.0636737,50.3124,4.481,1.15684,1.16521,4.36723,0.187957,6033.14,54,False,-1120.39,8.61077,0.581142
458419328,3785.01,4.67473,0.263944,0.0303445,50.2562,5.481,0.478203,0.499523,4.71831,0.0971766,3578.65,15,False,-6478.98,8.15755,0.24377
75650448,6628.01,18.184,2.6498,0.0783757,50.2507,8.956,0.857746,0.838538,4.5261,0.0169416,5265.0,3,False,-12134.7,7.41239,0.181236
230013442,6959.01,3.1387936943094576,3.090274929895926,0.0801607406838526,50.1733,7.897,0.84368,0.824375,4.53376,0.015264,5210.0,95,False,-2680.4,9.40881,0.367077
459755750,3783.01,6.10803,4.26967,0.0944036,50.1488,13.231,1.24258,1.37811,4.23766,-0.0531121,6359.88,11,False,-4732.64,7.54535,0.288661
230127302,1246.01,18.6552,5.61573,0.0779225,50.1416,3.19,0.872373,0.842576,4.52342,0.231091,5135.54,47,False,-102945.0,11.5602,0.056035
270649648,3431.01,3.91965,0.797313,0.0758563,50.1178,19.043,1.24227,1.63973,4.09102,-0.184624,6386.44,14,False,-124.798,5.73975,1.86447
9100874,307.01,6.1668,3.69729,0.0370996,50.0862,14.964,1.05517,1.17588,4.31135,0.151799,5785.8,15,False,-2703.65,8.52748,0.372615
271596225,797.01,1.80079,1.51484,0.0248051,50.0839,1.364,0.477876,0.491406,4.72974,-0.0569961,3611.53,521,False,-3259.14,14.6118,0.289653
230127302,1246.03,5.90415,0.108074,0.0575584,50.0548,2.481,0.872373,0.842576,4.52342,0.231091,5135.54,148,False,-102482.0,11.5602,0.056035
372960748,3180.01,2.09633,0.73627,0.0284681,49.9975,14.273,1.05012,1.39617,4.16485,-0.169326,6029.63,36,False,-3736.82,7.20502,0.326317
190250689,3802.01,1.4658,0.272848,0.0250572,49.9735,11.665,1.11031,1.16451,4.34059,0.218888,5879.47,25,False,-3084.68,7.16954,0.359278
467651916,4602.01,3.98131,2.56162,0.0704972,49.953,2.694,1.01865,1.12843,4.33502,-0.163725,6022.2,24,False,-1278.24,18.612,0.408857
237086564,1466.01,1.8719,0.56544,0.0358493,49.951,2.222,0.675065,0.68953,4.58453,0.190418,4278.34,158,False,-1538.19,8.72109,0.490244
421973253,4081.01,9.25839,2.8078,0.0756127,49.932,11.288,1.72126,2.11737,4.0123,0.130136,7285.4,15,False,-4126.27,8.3576,0.301688
196261799,6197.01,3.72968,0.640664,0.0699709,49.8746,10.055,0.993717,0.990456,4.43981,0.0270111,5719.9,11,False,-4882.17,6.99698,0.286033
219924802,3282.01,2.94783,2.32152,0.0317877,49.8586,10.44,1.19344,1.32011,4.26496,-0.083443,6366.56,23,False,-1085.42,7.66755,0.597378
42763678,2728.01,1.72459,1.15132,0.0404036,49.8318,16.705,1.04838,1.25626,4.24778,-0.16946,6043.84,11,False,-2100.27,6.22537,0.443647
381448973,6751.01,2.94171,2.03526,0.0659168,49.7564,23.169,1.49514,1.60803,4.19695,-0.111741,7277.0,7,False,-2722.92,6.36531,0.387664
412635642,4935.01,17.4225,6.45864,0.0695549,49.7464,17.711,1.21077,1.36171,4.23776,-0.05069,6282.0,3,False,-286.01,5.8221,1.21446
158388163,4445.01,4.22537,3.87508,0.0514318,49.7298,9.34,1.03458,0.981707,4.46553,0.206296,5667.17,45,False,-4201.51,8.57146,0.295981
111108561,5209.01,2.63555,1.74217,0.0437705,49.7228,15.203,0.935689,0.8992,4.4965,-0.00720936,5554.15,9,False,-18499.4,5.72269,0.15076
68388114,3776.01,1.33123,0.191071,0.0243116,49.6836,6.952,0.853194,0.833954,4.52858,0.0163987,5247.2,79,False,-2272.2,7.4499,0.413089
220029715,825.01,3.18532,1.5958,0.0437818,49.6791,5.895,0.817425,0.775244,4.56836,0.138498,4950.61,27,False,-1946.64,7.39851,0.446828
83154030,2528.01,11.7249,9.41771,0.116405,49.6687,10.505,0.956846,0.919153,4.49343,-0.262774,5950.24,8,False,-11640.7,9.79197,0.17225
323980895,3148.01,4.28144,2.24589,0.0244367,49.5525,10.261,0.984225,1.15954,4.29186,0.0111469,5733.5,30,False,-190.021,10.6061,1.32309
8988289,316.01,13.3415,12.7053,0.0392265,49.5151,14.13,0.678521,0.715401,4.55049,-0.0783314,4556.16,4,False,-3904.05,17.6235,0.237923
246965431,5319.01,4.07851,0.300166,0.0252738,49.4637,3.743,0.468881,0.484913,4.73271,0.0448131,3563.11,32,False,-7096.5,9.0548,0.22357
158978373,823.01,13.5337,8.8754,0.0715186,49.4629,6.855,1.24335,1.28189,4.30318,0.014296,6349.37,6,False,-4153.45,7.31912,0.304817
115739057,6129.01,5.03059,2.84621,0.0652265,49.4458,15.326,0.971868,0.964225,4.45516,0.0261378,5656.1,5,False,-1172.11,4.70578,0.60955
179715231,3246.01,4.31955,3.69809,0.054421,45.897,12.769,1.07619,1.15463,4.33966,0.101115,5923.92,4,False,-344.091,7.03166,0.979192
198385543,1846.01,3.93067,3.33989,0.0282654,45.8695,1.85,0.40758,0.420995,4.79212,-0.0572396,3466.55,150,False,-44.5615,7.51214,2.72541
219701535,2399.01,5.46817,3.27435,0.032076,45.8209,12.417,1.34738,1.58668,4.16429,-0.0767437,6763.89,17,False,-816.282,6.8563,0.63637
322054600,1616.01,1.3433,0.0668168,0.0186133,45.7776,4.756,1.24152,1.4025,4.22739,-0.0832585,6441.13,164,False,-1065.1,8.20423,0.537056
32499655,437.01,2.7439,2.14937,0.0222588,45.7735,10.676,0.81695,0.795511,4.54393,0.256367,4906.05,32,False,-3743.1,6.55661,0.2988
283307274,2558.01,17.7859,4.01493,0.0772117,45.752,10.06,1.03233,1.07747,4.38377,0.0253523,5834.0,4,False,-2154.15,8.88915,0.370314
330665027,6167.01,6.70809,2.84443,0.10501,45.648,10.552,1.16507,1.29798,4.26474,-0.0333493,6174.0,11,False,-1363.55,6.38389,0.49591
123041007,5245.01,0.430516,0.241083,0.0138227,45.643,9.213,0.637098,0.667532,4.59103,0.183219,4116.29,148,False,-1741.92,7.09932,0.430635
219824470,6972.01,5.48091,1.60978,0.102975,45.5853,6.344,1.05734,1.1327,4.34856,0.0228784,5907.0,17,False,-855.65,8.38043,0.593454
175317833,3383.01,9.73264,1.21333,0.0336138,45.5733,17.235,1.16779,1.34575,4.23739,-0.00576873,6162.44,12,False,-1814.67,8.29569,0.408046
279725262,6371.01,1.85989,1.09533,0.025371,45.533,10.585,1.00425,1.01334,4.42514,0.0266261,5751.0,7,False,-1298.97,7.92846,0.486631
184892124,5090.01,1.98279,0.295771,0.0164302,45.5207,13.373,0.268176,0.293002,4.91901,0.145526,3230.42,45,False,-1770.23,6.94956,0.427478
60646268,4650.01,2.66735,0.808622,0.0590254,45.5206,8.495,0.715628,0.718544,4.57555,0.215273,4524.66,16,False,-1683.68,7.55583,0.43145
303814029,4911.01,4.45731,4.10598,0.0820806,45.4977,18.432,1.59139,1.45777,4.30403,-0.102603,7894.88,18,False,-5485.46,7.15826,0.241279
462072242,2960.01,2.09167,1.74521,0.0600044,45.4828,21.467,1.59239,1.93948,4.05455,-0.196241,7543.6,24,False,-2050.63,7.19813,0.394195
396562848,1640.01,1.94954,1.93639,0.0123398,45.4747,1.349,0.219488,0.243805,5.00704,-0.403801,3367.34,111,False,-1277.43,8.27178,0.485483
359523751,4970.01,4.83383,3.18065,0.0752237,45.4091,17.435,1.19561,1.28484,4.29511,-0.396433,6839.97,10,False,-1187.81,5.73774,0.536903
90853136,5092.01,2.36263,1.15795,0.023247,45.3992,5.466,0.758897,0.752073,4.5662,-0.197209,5109.57,45,False,-1573.56,13.6403,0.373355
131250246,3370.01,2.35068,1.49649,0.0587934,45.3604,6.133,1.24315,1.35679,4.26272,0.0674259,6345.8,76,False,-690.216,8.94685,0.646882
332558858,2373.01,13.3366,10.0161,0.08235,45.3544,10.894,1.0492,1.06831,4.39187,0.293815,5671.85,4,False,-4441.53,6.51417,0.271655
463781038,5009.01,8.17568,4.65718,0.173713,45.3324,17.761,3.37005,2.22925,4.26577,-0.0638563,13577.8,11,False,-2094.06,9.0038,0.370151
75262942,4469.01,2.66342,1.46379,0.0307146,45.2789,13.402,0.637403,0.658839,4.60706,0.168048,4101.43,28,False,-3777.05,7.09422,0.289624
308612785,2898.01,3.61282,0.989567,0.0691492,45.2711,17.84,1.0374,1.60575,4.03389,-1.78455,7693.4,55,False,-57.1601,3.04078,2.64021
127115861,5038.01,0.999497,0.929012,0.0321776,45.2588,12.233,2.68701,1.45719,4.53632,-0.64514,14013.7,39,False,-9111.15,7.14238,0.186109
296739893,620.01,5.0988,0.100724,0.0208794,45.2462,3.124,0.519253,0.540348,4.68498,0.0351132,3689.44,17,False,-310.949,12.0638,0.87968
61621800,6771.01,6.85523,2.22324,0.0745048,45.1985,12.421,1.39168,1.53349,4.19985,-0.0919265,6847.0,12,False,-1007.89,7.27163,0.557313
229210014,4721.01,4.00866,1.84687,0.045417,45.1222,7.733,0.745988,0.733287,4.5774,-0.00138132,4779.0,15,False,-3367.82,7.21233,0.30452
272670038,6079.01,104.289,20.496,0.08601,45.1218,8.338,1.29849,1.46634,4.20246,-0.0740785,6501.0,7,False,-867.685,10.8881,0.542252
102840239,815.01,11.1972,4.1148,0.0694176,45.1194,3.055,0.775713,0.748718,4.57464,-0.0307757,4929.82,9,False,-149.201,12.5334,1.25078
293267224,6861.01,3.79425,2.9181,0.0799281,45.115,9.716,1.00513,1.01535,4.42384,0.0265862,5753.6,11,False,-928.749,7.45789,0.576492
377293776,1450.01,2.04393,1.98162,0.0196484,45.1128,1.127,0.438418,0.457155,4.75575,0.0467578,3496.55,418,False,-194.779,16.5763,0.957427
238004786,539.01,0.309605,0.30892,0.0317815,45.0857,1.143,0.818007,0.78214,4.56085,0.221153,4909.2,1426,False,-727.404,10.5892,0.596912
402219289,3479.01,2.19698,0.999316,0.0632783,45.0327,13.348,1.05243,1.30738,4.21998,-0.0821702,5974.11,34,False,-6015.26,8.50739,0.219502
35855047,2996.01,2.36272,2.32889,0.068871,44.9527,6.378,1.05728,1.1162,4.3604,0.0865538,5880.11,35,False,-4489.25,8.32747,0.254797
401604346,2193.01,2.122544961332983,0.5976673671784585,0.0511572731797424,44.9392,4.754,1.10958,1.16335,4.3459,-0.0513685,6129.76,38,False,-1645.04,7.56395,0.429717
396794358,3412.01,3.14059,1.77139,0.032285,44.938,12.097,1.05231,1.1478,4.33465,0.152886,5812.82,16,False,-9455.56,8.56963,0.174309
147284470,2306.01,2.99057,2.45281,0.0331838,44.9326,12.045,0.991196,1.02832,4.40613,0.0109204,5776.84,19,False,-53369.3,9.18933,0.0721005
199721945,6134.01,4.67892,3.82919,0.0885125,44.9102,16.375,1.32515,1.48556,4.20172,-0.0791853,6600.0,10,False,-1404.85,5.85164,0.485999
261020738,5049.01,2.92077,2.28965,0.0517684,44.8779,13.734,0.976864,0.983065,4.44036,0.00205703,5732.05,9,False,-4335.59,6.10569,0.274474
344745774,3190.01,2.66985,2.39057,0.0655356,44.8444,20.32,1.54693,1.93565,4.04936,-0.102204,7239.86,30,False,-59.8709,5.61996,2.39477
1528696,448.01,0.882055,0.281235,0.0114758,44.84,9.213,0.758293,0.736013,4.58486,0.215006,4690.13,56,False,-4946.62,6.49357,0.254133
165201455,4665.01,3.6829,0.706208,0.0928871,44.8248,15.902,1.29178,1.58579,4.13361,-0.0367942,6328.21,12,False,-585.339,6.77516,0.734192
21132157,5365.01,4.00695,1.42959,0.128688,44.7868,9.07,1.53707,2.52209,3.80799,0.0333367,6136.25,44,False,-3801.36,12.0921,0.247189
267712001,3054.01,2.82844,1.61035,0.0631265,44.785,26.084,1.26581,1.43017,4.21339,-0.065812,6412.2,9,False,-2175.82,5.11522,0.39652
425997655,174.02,29.7975,14.9977,0.0579583,44.7731,1.989,0.716533,0.713055,4.58188,-0.0694825,4705.63,11,False,-3439.44,11.9397,0.26098
68453985,5186.01,2.50324,1.23381,0.0565678,44.7579,16.188,2.49865,1.39534,4.54449,-0.688835,13545.4,10,False,-2211.93,5.73774,0.386827
387933822,6193.01,2.89526,1.12287,0.0872157,44.7255,13.444,1.30522,1.4712,4.20227,-0.0753681,6526.0,27,False,-1122.45,5.78637,0.542147
359426909,3454.01,3.94169,2.53463,0.0436677,44.7212,14.722,1.05464,1.20042,4.29281,-0.231053,6162.84,14,False,-726.477,5.60127,0.677347
173176491,3617.01,3.23379,0.609333,0.0446032,44.7185,16.644,1.29757,1.51767,4.183,0.112173,6347.68,21,False,-6.19653,15.2026,6.0932
396896334,2711.01,5.76015,3.61945,0.0557994,44.7061,13.609,0.993414,0.979649,4.44781,-0.033944,5788.73,4,False,-5808.4,5.78565,0.238026
149995163,3815.01,4.87017,0.202464,0.0856063,43.439,20.104,1.23958,1.68628,4.06896,-0.038697,6147.61,5,False,-1562.3,6.02029,0.441476
229944666,1464.01,11.3125,10.1076,0.0537475,43.4319,2.773,0.874069,0.842851,4.52003,0.0441571,5269.14,86,False,-284.496,3.80467,1.09858
232982558,1439.01,27.6439,20.1169,0.112101,43.4176,4.298,1.17835,1.56456,4.11583,0.165006,5885.43,32,False,-7539.72,15.9781,0.147283
272707711,4484.01,2.68891,0.967726,0.0392326,43.4141,15.789,0.774597,0.744959,4.58121,-0.0473065,4950.91,51,False,-2745.27,7.58572,0.318791
411930845,5109.01,3.21048,2.57314,0.0382807,43.4019,18.433,2.88992,3.80147,3.72819,-0.00787382,9914.64,26,False,-51480.5,8.80502,0.0710568
328513434,6383.01,1.79076,0.532163,0.0249269,43.3876,19.842,0.558276,0.588183,4.64513,-0.0121106,3425.0,9,False,-1935.22,7.28355,0.382679
76420654,4462.01,4.9133,2.8114,0.114083,43.3303,14.551,1.29067,2.08268,3.90709,-0.0382266,6014.53,28,False,-52688.3,10.7269,0.0661905
336128819,2136.01,7.85195,7.4281,0.0318177,43.3094,2.403,0.307659,0.328346,4.88429,-0.20442,3376.46,22,False,-3262.92,8.14708,0.286957
237632488,2747.01,0.521025,0.0941093,0.0256317,43.2984,15.684,1.49224,1.645,4.16504,-0.289382,7555.21,38,False,-1391.64,8.12834,0.439689
405425498,2227.01,4.22177,3.21458,0.0533972,43.2767,2.879,1.11566,1.10206,4.39931,0.14679,5969.23,37,False,-263.459,12.2243,0.894788
367434266,5458.01,22.0633,17.1436,0.0326413,43.2582,7.784,0.993475,1.06629,4.37069,-0.00853446,5788.48,7,False,-2838.13,7.49806,0.312931
67444896,5479.01,15.1305,4.34796,0.0848585,43.2435,11.884,1.10859,1.39945,4.18784,0.0996212,5897.85,9,False,-903.61,7.07229,0.561411
307809773,4599.02,5.70609,4.77333,0.0182466,43.2341,1.55,0.439647,0.444886,4.78106,-0.501348,3729.57,18,False,-9736.72,8.41199,0.16447
260189643,4408.01,2.05424,0.0532654,0.0209497,43.2182,3.234,0.654027,0.659033,4.61202,-0.0140509,4213.32,320,False,-76.3403,4.80527,2.07146
254142310,3281.01,9.31081,4.24729,0.109565,43.1752,11.021,1.29298,1.7921,4.03298,-0.0588728,6237.56,9,False,-2580.86,7.56887,0.326759
220068921,2369.01,3.37092,3.08456,0.0675985,43.167,9.986,1.13152,1.17871,4.34076,0.138955,5989.65,12,False,-2621.37,9.89965,0.302924
432280671,6012.01,16.211,8.29537,0.105619,43.1156,8.862,1.14178,1.26242,4.28151,-0.0223763,6119.0,4,False,-47928.3,16.633,0.056371
44510874,2925.01,1.572,1.36625,0.0306,43.1057,7.699,1.59844,1.28274,4.42334,-0.499296,9097.7,64,False,-4104.59,7.38926,0.259863
232628532,5652.01,18.2598,14.0243,0.139151,43.0872,10.981,1.19381,1.4877,4.16565,-0.121225,6344.31,23,False,,,
233602827,1749.01,4.48915,2.57152,0.038254,42.9432,2.102,0.499211,0.501429,4.73179,-0.606965,4007.89,181,False,-97.0198,5.07178,1.80778
291109653,5486.01,2.0247,1.48854,0.0304407,42.9278,4.003,0.53759,0.560745,4.6649,0.10129,3716.65,34,False,-2794.39,8.60887,0.302662
39573090,4142.01,3.65942,1.56372,0.0831514,42.9062,13.637,1.34442,1.66879,4.11181,0.21256,6196.0,19,False,-2438.6,8.44136,0.325386
382419744,4193.01,6.50816,4.74494,0.306647,42.8873,7.262,1.03371,1.17635,4.30182,0.0423929,5831.41,25,False,-652.408,9.59978,0.608291
60768923,3123.01,1.8717,0.488484,0.0351885,42.8425,15.488,1.29303,1.55545,4.15331,-0.0642459,6434.56,13,False,-326.127,5.30137,0.971668
95709395,5001.01,5.07202,0.366489,0.0915884,42.8096,16.043,1.3982,1.44391,4.26261,-0.0619366,7013.42,6,False,-3699.09,5.73424,0.28416
178155732,396.01,3.5853,1.70796,0.059541,57.4206,1.958,1.13273,1.2558,4.28475,-0.187747,6309.65,23,False,-2449.82,9.61429,0.450309
448923766,3132.01,2.26628,0.824569,0.0545667,42.7905,13.469,1.15432,1.13727,4.38418,-0.0505198,6252.49,12,False,-2113.61,6.50959,0.36795
95589845,4794.01,3.56445,0.127906,0.0757775,42.7755,15.475,1.10987,1.37726,4.19686,-0.224425,6234.55,7,False,-420.825,5.73729,0.843398
366316586,6567.01,4.91532,1.48217,0.853061,42.761,9.004,0.926629,0.909911,4.48694,0.0243297,5524.0,4,False,-666.61,7.77345,0.63249
467580267,3668.01,0.741525,0.460303,0.026682,42.7603,11.711,1.54212,2.43776,3.83841,0.137393,6143.19,86,False,-598.103,8.97048,0.644979
399871011,943.01,12.356,6.21553,0.115425,42.758,11.948,1.3898,1.40446,4.27921,-0.0837226,6947.65,3,False,-16712.5,16.334,0.0952558
441765914,2088.01,124.73,86.2581,0.141315,42.7386,3.662,0.818119,0.789788,4.55419,0.259115,4909.6,9,False,-25.1551,8.28761,3.29537
453211454,509.02,21.4005,12.5582,0.110419,42.7051,3.024,0.958708,0.934634,4.47582,0.119536,5538.57,7,False,-826.869,10.0437,0.529992
270677031,2787.01,4.32179,0.43057,0.115228,42.7041,15.406,1.13407,2.32541,3.75239,-0.0204816,5175.77,56,False,-37.302,7.28816,2.75857
202872757,3696.01,4.42361,2.76275,0.0866321,42.7015,12.823,1.34417,1.59225,4.14758,0.208442,6226.04,10,False,-1742.15,8.02662,0.387385
79316101,5417.01,2.86754,1.30481,0.0588901,42.6372,13.946,1.13275,1.12889,4.38468,-0.112549,6272.24,7,False,-2533.99,7.36802,0.326647
252928337,5579.01,19.8733,2.0223,0.0389949,42.6331,9.212,0.437338,0.448009,4.76952,-0.151542,3543.83,3,False,-4301.74,8.35585,0.243607
430099722,5336.01,4.01577,0.180445,0.0810514,42.6186,18.665,1.24177,1.40941,4.22627,0.114466,6157.91,5,False,-71.5511,4.79746,2.10806
189322727,6111.01,5.83408,0.30705,0.0249036,42.6165,12.432,0.986217,0.981452,4.44508,0.0267113,5698.0,14,False,-1936.98,8.36685,0.362858
277538491,3470.01,3.24058,2.87825,0.027871,42.5545,18.465,1.01742,1.17301,4.29932,-0.170697,6015.31,16,False,-2551.57,5.9003,0.338302
124174267,3107.01,4.73416,3.83659,0.0881173,42.5415,18.257,1.24224,1.41816,4.20615,0.19678,6015.08,5,False,-1943.9,5.75758,0.389013
280031353,2300.01,15.4432,6.09467,0.0756566,115.746,2.856,0.856059,0.820715,4.54215,0.140741,5140.31,194,False,-71434.2,8.51974,0.186954
357244603,5583.01,3.06502,2.64867,0.0302808,42.4856,11.172,0.619027,0.665982,4.58451,0.291433,4042.06,16,False,-1792.69,7.67563,0.383366
76798849,5472.01,2.27018,1.9262,0.0403725,42.4502,12.504,1.03492,1.04395,4.41323,-0.0251695,5925.46,19,False,-1178.61,7.01184,0.481486
308613965,3674.01,4.46192,0.289896,0.0647556,42.3476,12.663,1.15492,1.19915,4.33633,0.0810563,6110.6,10,False,-11915.7,9.01324,0.142318
457272901,3155.01,4.75274,0.967343,0.934839,42.3454,11.041,0.798943,0.840105,4.48659,0.0361201,5111.3,6,False,,,
353893493,6310.01,3.35284,2.63283,0.0478097,42.3137,3.21,0.562286,0.591283,4.64369,-0.0118814,3896.8,55,False,-3802.37,9.68198,0.24668
245027119,3187.01,2.00841,0.00738621,0.057485,42.2658,13.305,1.58958,2.73419,3.75261,-0.0619172,6298.88,46,False,-946.733,6.18299,0.547108
420112589,1452.01,11.062,8.17094,0.0323858,42.2655,1.89,0.238905,0.268557,4.95992,0.0934039,3212.54,79,False,-168.027,3.96678,1.38441
67798337,3056.01,1.80934,0.343629,0.0413001,42.2475,27.298,1.38868,1.61427,4.1516,-0.00261166,6672.21,15,False,-502.946,5.05775,0.774355
183593642,355.01,1.03726,0.948902,0.014708,42.2455,6.242,1.13764,1.37903,4.20706,-0.0669047,6119.27,102,False,-569.067,9.24962,0.645745
405620289,3083.01,2.15321,1.14811,0.0371243,42.2143,13.877,1.13058,1.60875,4.07255,-0.176287,6146.55,49,False,-9873.87,10.9693,0.146546
282794970,6889.01,10.57,7.47539,0.0660771,42.1328,16.165,0.995794,0.99402,4.43759,0.0270098,5726.0,4,False,-34.9131,12.5572,2.38409
133427311,2813.01,4.56548,1.38168,0.0371141,42.1192,13.718,1.64185,1.34489,4.38905,-0.430889,9046.57,22,False,-1766.6,8.72302,0.370505
154353849,5973.01,3.16438,2.73702,0.0549229,42.1158,10.584,1.19217,1.33858,4.24599,-0.0455797,6238.0,29,False,-2239.43,7.83456,0.337752
87405719,5416.01,13.0086,4.18075,0.0556099,42.1144,7.648,0.509871,0.528315,4.69854,-0.101657,3716.48,4,False,-5177.38,7.96648,0.221205
437736517,6229.01,4.60689,0.685892,0.0440334,42.0533,10.426,0.778876,0.762599,4.56355,0.00345283,4928.0,5,False,-1829.27,6.7702,0.384668
372424377,5407.01,5.46828,2.47142,0.0668063,42.0311,16.013,1.17658,1.37283,4.22494,-0.153556,6372.11,7,False,-5601.84,7.50546,0.215008
237099296,1750.01,11.3373,5.45958,0.0561395,42.0198,2.757,0.734178,0.729403,4.57182,-0.0622933,4790.62,80,False,-1784.28,20.944,0.232657
426448042,5363.01,6.74969,1.36902,0.0614604,42.0155,10.385,0.850283,0.824559,4.52885,-0.191494,5456.87,8,False,-2529.65,6.4748,0.329444
301248781,6753.01,1.01557,0.0799349,0.0480033,42.0086,9.599,0.958135,0.947737,4.46481,0.025589,5616.0,21,False,-1342.75,5.75821,0.461386
141677268,5188.01,22.4335,2.84311,0.126189,41.9956,7.919,1.18567,1.96637,3.91007,0.0495615,5760.19,14,False,-80859.0,9.32386,0.0535419
388280249,3272.01,3.14671,1.14249,0.0436659,41.9784,10.751,0.95066,1.14015,4.29147,0.102209,5576.47,36,False,-1924.82,7.70493,0.364257
456574511,3295.01,3.43848,1.91638,0.0736888,41.9609,15.406,1.23709,1.39425,4.22556,-0.0717837,6366.97,18,False,-730.008,7.28718,0.598905
333734769,2396.01,1.5099,1.05696,0.0309335,41.9444,8.614,1.19311,1.61346,4.0932,0.0568029,6007.65,59,False,-135571.0,8.59414,0.0422084
384016413,3301.01,5.45164,1.93088,0.0773218,41.9355,11.642,1.29103,1.68911,4.0844,0.0742288,6140.34,23,False,-433.263,7.94641,0.762728
235072851,7385.01,3.11936,2.2132,0.0363236,41.8935,13.426,0.80341,0.785837,4.55251,0.00810087,5036.0,5,False,-6322.33,6.35356,0.208327
444753130,6316.01,3.00538,0.899987,0.072527,41.8889,23.838,1.49514,1.60803,4.19695,-0.111741,7581.0,6,False,-1000.5,6.11084,0.527678
66413476,325.01,4.36907,3.58628,0.0250159,41.8226,5.569,0.698706,0.751021,4.5229,-0.0258547,4692.24,20,False,-93.4949,8.4879,1.62142
423672208,2662.01,3.7907476794225,0.601379999561617,0.0525019430189288,41.7995,12.385,0.972077,1.0299,4.3893,0.220086,5526.67,18,False,-131.56,15.2085,1.08773
366576758,514.01,11.391,4.20246,0.069611,41.7868,11.186,0.83626,0.805141,4.54509,0.298611,4948.51,10,False,-30332.5,8.92491,0.08793
386259537,1932.01,5.61101,3.8421,0.190341,41.7664,12.778,1.43546,2.06266,3.95054,0.0245281,6284.01,18,False,-198.047,10.5422,1.03885
269558487,855.01,1.83009,0.790669,0.0224473,41.7348,5.424,1.0904,1.34006,4.21213,-0.304019,6286.66,63,False,-488.074,10.0938,0.66882
115508409,5690.01,10.4995,0.657396,0.0443192,41.7345,16.974,1.33659,1.68596,4.09431,-0.0663153,6440.23,15,False,-1062.85,8.05693,0.481883
21101556,5200.01,17.4373,0.943207,0.0488281,41.7012,7.159,1.29521,1.40835,4.25423,-0.0339343,6665.47,31,False,-31654.0,11.9452,0.0779395
189852832,3805.01,3.89572,0.708878,0.0415442,41.6597,11.553,0.955968,0.929486,4.47836,0.0710948,5566.43,4,False,-14301.3,7.04349,0.1349
248058363,3550.01,1.1239,0.584308,0.0279777,41.6282,6.884,1.74623,1.82621,4.15316,0.0104817,8035.85,82,False,-47.1525,5.66564,2.48194
233617847,1440.01,15.5175,0.604233,0.122255,41.574,4.242,1.24321,1.51108,4.15867,-0.195827,6484.52,59,False,-38.8899,5.83857,2.72403
154014059,5228.01,8.32191,2.67813,0.0670004,41.5618,11.174,1.24297,1.52522,4.13896,0.198745,5916.19,26,False,-13.3968,10.4088,4.17043
321802774,3206.01,1.94048,1.34455,0.0724466,41.5562,20.645,1.54764,1.9025,4.06245,0.107585,6884.33,14,False,-506.984,6.12861,0.734709
25758870,6211.01,10.3473,9.61634,0.0399352,41.5438,11.383,0.977313,0.970762,4.45134,0.0263554,5672.0,7,False,-25170.8,9.52075,0.0940626
152477897,2723.01,3.38426,2.85705,0.0765884,41.488,17.416,0.955566,1.46815,4.07406,-0.393045,5927.91,12,False,-4224.71,7.07438,0.246797
113804153,5369.01,4.24596,2.08783,0.0833987,41.4691,13.182,1.12664,1.34651,4.22296,-0.0717428,6126.8,12,False,-2394.42,6.58664,0.332356
115451738,6047.01,2.08143,0.0495115,0.0970664,41.4456,11.89,0.946834,0.934169,4.47274,0.0251373,5583.0,42,False,-1619.96,7.88339,0.388856
353146308,5873.01,0.413138,0.299794,0.0111313,41.4405,11.54,0.558276,0.588183,4.64513,-0.0121106,3621.0,58,False,-1428.96,5.6867,0.441103
243185500,1468.01,15.5324,2.23197,0.0353398,41.4399,2.263,0.329204,0.350001,4.86661,-0.208,3412.08,8,False,-1035.56,9.06936,0.469255
305739565,3218.01,3.37055,2.49552,0.092056,41.3974,16.089,1.17619,1.69468,4.04478,0.0117261,5976.87,7,False,-784.873,5.30361,0.601192
144467913,3427.01,2.95262,2.30654,0.0506634,41.3935,16.648,1.39202,1.53799,4.20624,0.0242364,6827.44,15,False,-2059.89,8.13096,0.341714
107776260,6425.01,12.1422,4.38665,0.0758653,41.376,11.633,1.3564,1.50807,4.20084,-0.085169,6716.0,8,False,-1376.8,8.23734,0.416523
259377017,270.03,3.36016,1.14786,0.0299955,41.3584,1.198,0.33859,0.349543,4.87473,-0.456802,3532.38,41,False,-2534.66,11.8556,0.273205
402391147,3477.01,3.36269,2.99203,0.0761122,41.3403,17.128,1.1973,1.31098,4.28048,-0.0772722,6435.24,13,False,-2707.91,6.94772,0.308121
38509907,722.01,15.3005,13.8322,0.0621363,41.3233,2.65,0.600851,0.621094,4.62977,-0.00967711,4082.0,60,False,-47.7955,6.14285,2.4111
230292034,5844.01,6.06716,4.35127,0.043623,41.296,5.741,0.999515,1.00252,4.43211,0.026841,5737.0,39,False,-47.37,8.0224,2.29093
202514659,6198.01,3.61673,1.64267,0.0588621,41.2413,16.105,1.49514,1.60803,4.19695,-0.111741,8143.0,6,False,-502011.0,6.8849,0.0225959
467690903,6347.01,3.9344,3.28414,0.0895414,41.2411,12.538,1.35206,1.50494,4.20096,-0.0843385,6699.9,3,False,-908.962,6.82363,0.532613
35009898,654.01,1.52756,0.521563,0.0255814,41.2254,2.619,0.418759,0.437001,4.77526,0.0382123,3466.03,84,False,-4203.16,7.73254,0.240809
36440357,546.01,9.20165,7.03966,0.0814544,41.2086,13.714,1.11421,1.10375,4.39531,-0.0593341,6147.58,7,False,-5166.91,7.29742,0.219894
116483514,1411.01,1.45205,0.819296,0.0299343,41.2022,1.305,0.579292,0.617905,4.61867,-0.458176,4184.37,92,False,-909.836,9.90838,0.484041
290415036,6436.01,6.1879,5.24274,0.0470994,41.1985,14.591,1.0645,1.14373,4.34261,0.01881,5925.5,8,False,-1984.91,6.54789,0.362642
162577468,5669.01,3.67628,2.87698,0.0778256,46.99,13.43,1.24676,1.69383,4.06781,0.147842,5957.54,13,False,-388.006,9.82741,0.881454
441658213,5644.01,6.64027,5.71445,0.0266919,46.9454,7.405,0.813849,0.82885,4.501,-0.0542014,5189.81,16,False,-1639.2,7.29249,0.456716
31374837,431.02,0.490055,0.30402,0.021596,46.9372,1.41,0.775075,0.749485,4.57147,0.134108,4783.8,141,False,-411.538,7.77624,0.901785
305612552,5897.01,6.93415,0.200305,0.0619581,46.9025,11.875,0.883066,0.86403,4.51231,0.0199615,5364.0,4,False,-7295.02,6.01454,0.22312
408114363,2450.01,17.8851,7.87169,0.084273,46.9025,6.907,0.811931,0.779203,4.55939,-0.258851,5356.9,4,False,-15910.5,7.26388,0.146451
149601126,2525.01,23.297,19.3218,0.157322,46.9023,5.396,0.797576,0.783986,4.55149,0.0658485,4998.66,26,False,-116491.0,20.6158,0.0358897
91101364,6123.01,4.08401,3.23841,0.0854582,46.9019,18.842,1.21779,1.37044,4.23465,-0.052618,6298.6,6,False,-872.392,5.35285,0.656343
121338379,498.01,0.27505,0.013803,0.0456594,46.8776,2.171,1.24463,1.35773,4.25761,-0.0207137,6413.78,341,False,-679.738,6.89935,0.715677
454828937,4926.01,6.80914,3.18555,0.132607,46.8695,12.308,1.49357,1.99265,3.99891,-0.00484305,6607.48,24,False,-1625.49,6.56703,0.466153
301414902,6308.01,1.75535,0.503706,0.0281602,46.8622,10.752,0.635625,0.647975,4.61722,-0.00768945,4249.0,9,False,-3158.88,6.93588,0.331162
306955329,1472.01,6.3634,0.912386,0.053052,46.8547,4.227,0.854723,0.824098,4.53565,0.235683,5067.54,21,False,-1111.64,10.6936,0.505914
76032342,5411.01,3.06009,2.60571,0.0647831,46.8141,18.096,1.39846,1.43404,4.26567,-0.258944,7425.9,14,False,-15843.8,9.86207,0.136812
173711153,3615.01,3.13155,0.764899,0.0794848,46.801,12.422,1.24338,1.50787,4.15782,0.159082,6038.83,14,False,-922.708,8.01714,0.595686
344140617,2880.01,4.77997,0.955475,0.103063,46.771,13.633,1.34423,1.6582,4.11898,-0.261455,6884.89,25,False,-773.515,8.34637,0.644709
308994098,790.01,199.605,27.0722,0.210877,46.7294,5.567,1.2958,1.41206,4.24997,-0.256723,7012.39,5,False,-115235.0,15.7141,0.0425762
275421144,3959.01,3.84259,3.79595,0.036552,46.6961,13.204,1.54737,1.43658,4.3089,-0.138395,7884.3,36,False,-4103.8,11.5837,0.255493
98620619,3736.01,2.20951,1.40971,0.0602622,46.6915,18.023,1.53865,1.57449,4.22122,-0.0135589,7372.5,23,False,-1029.02,7.09256,0.575867
160004025,2657.01,2.79866,2.64524,0.049071,46.6349,12.134,0.99301,0.985677,4.44176,0.236644,5555.75,15,False,-361.789,6.35014,0.98969
177077336,723.01,1.41786,1.24529,0.0331451,46.6093,1.177,0.776522,0.755644,4.57517,0.0890403,4878.98,673,False,-2903.9,12.9965,0.290787
361218772,6283.01,51.671,19.6823,0.060557,46.601,13.068,1.46386,1.5855,4.19783,-0.105751,7115.0,5,False,-35.9525,6.74649,3.16415
420680343,4136.01,3.76303,1.49167,0.0740486,46.5604,6.386,1.39216,1.42415,4.26772,0.120013,6673.53,69,False,-98.5442,7.65081,1.84269
224299081,5619.01,37.9983,3.54306,0.121954,46.5562,7.396,1.13306,1.26329,4.27737,0.148102,5956.93,4,False,-648.559,12.0739,0.631997
68345291,5840.01,4.00647,1.8873,0.0790116,46.5488,18.678,1.32515,1.48556,4.20172,-0.0791853,6600.0,16,False,-1755.74,7.5874,0.433583
393196631,3441.01,4.25944,3.93731,0.0713595,46.5196,10.888,1.01372,1.12073,4.3343,0.0812575,5743.2,17,False,-1893.41,7.01082,0.42337
120916706,263.01,0.556808,0.226272,0.0158218,46.4969,10.41,0.428379,0.451657,4.75989,0.0890236,3477.62,147,False,-1498.17,10.7494,0.430703
103633434,1235.01,3.44471,0.260167,0.0392325,46.4477,1.85,0.588252,0.616164,4.62116,-0.0123304,3928.32,55,False,-2854.99,8.21678,0.333562
97714451,4734.01,6.23558,1.04156,0.115775,46.4442,10.348,1.34126,1.65447,4.1081,0.108051,6218.21,23,False,-5649.46,8.52058,0.235171
244487927,3513.01,2.98172,2.91535,0.0618906,46.4347,16.74,1.49514,1.60803,4.19695,-0.111741,7717.5,22,False,-1257.76,6.38809,0.52667
400381085,5370.01,3.75056,1.92777e-08,0.0489997,46.4277,14.95,1.24277,1.38485,4.23422,-0.0188969,6340.05,12,False,-1342.74,6.47525,0.508506
145910571,3416.01,2.36269,0.699707,0.0602385,46.42,15.744,2.09186,1.51363,4.38737,-0.20302,10169.0,17,False,-2918.32,7.63474,0.334704
274911400,4887.01,5.18738,1.48339,0.10916,46.4195,18.2,1.19833,1.92428,3.94532,-0.0386481,5972.03,17,False,-112.426,6.75023,1.75716
366311757,3707.01,4.91079,3.0168,0.0915346,46.4118,14.317,1.24452,1.32319,4.27974,-0.476859,7090.77,18,False,-1562.24,10.2948,0.426127
165667705,3248.01,3.2777,2.40733,0.0694112,46.3994,11.432,1.09467,1.17011,4.33474,0.277434,5824.68,7,False,-2020.71,5.69301,0.422225
71341774,4861.01,3.43213,0.304322,0.114545,46.3246,13.78,1.44326,2.0818,3.95747,0.0649814,6365.94,22,False,-998.876,7.58109,0.571881
237929468,4940.01,25.8668,8.75589,0.108257,46.2759,4.873,1.05153,1.0835,4.37939,0.231283,5713.88,19,False,-15.7765,8.82648,4.58931
265076459,6402.01,3.40531,2.90941,0.0329976,46.251,11.739,1.13839,1.25725,4.28395,-0.0207802,6111.0,21,False,-5031.95,6.63775,0.260292
356146869,5256.01,21.1969,10.1285,0.0857754,46.2319,7.766,0.835197,0.793905,4.55478,0.0977054,5053.62,10,False,-1147.53,11.6905,0.475623
316453500,3954.01,3.4017070637512434,1.0469197185882009,0.6330959799769745,46.2229,9.395,0.995324,0.956286,4.47509,-0.162894,5949.84,37,False,-1758.37,9.05965,0.413263
158167408,4444.01,5.24097,1.66918,0.0539658,46.221,12.859,1.15104,1.25264,4.29378,-0.0218754,6176.75,43,False,-1766.43,8.20996,0.421724
801354155,3829.01,2.91488,1.53038,0.0543734,46.2088,12.674,0.874523,1.03063,4.34508,0.00260668,5465.58,8,False,-12691.7,7.80308,0.158877
9376973,5617.01,3.15416,0.430505,0.0583676,46.1613,11.678,1.07149,1.18112,4.31571,0.190879,5818.04,16,False,-1018.02,6.46052,0.580465
350931281,4403.01,4.46203,1.96476,0.0894462,46.113,2.906,1.29201,1.57261,4.13617,0.257993,5973.14,224,False,-23.5336,11.5364,3.42535
271971130,715.01,19.288,2.2456,0.0390108,46.105,1.8,0.189781,0.216089,5.04239,-0.0122416,3158.78,54,False,-45.8261,8.23546,2.65223
140687214,4327.01,0.830329,0.512063,0.0144947,46.0318,1.647,0.538404,0.569949,4.6579,0.0875067,3741.86,1181,False,,,
139251123,2488.01,10.7667,8.65049,0.0764308,46.0147,11.573,1.17759,2.08423,3.85516,0.0187528,5531.54,9,False,-1244.04,8.46155,0.496598
161299119,3444.01,2.7187,0.946684,0.0444029,45.9659,18.014,1.06989,1.41829,4.15336,-0.394126,6293.5,10,False,-1292.63,5.48855,0.525093
412485680,4957.01,4.66228,3.00355,0.0718263,45.9608,16.992,1.79403,2.22772,3.98493,0.00747923,7621.07,16,False,-572.246,5.86621,0.78248
464481762,3292.01,4.2543,2.12778,0.0767684,45.9414,13.663,1.17618,1.32993,4.24734,0.23488,5940.37,20,False,-1195.71,6.94514,0.526016
234994474,134.01,1.40152,0.726117,0.0236508,45.94,1.624,0.558482,0.588419,4.64196,0.0108914,3816.07,62,False,-4924.63,8.80494,0.246654
289580577,1753.01,5.38462,1.14097,0.0603376,45.8974,2.638,0.994138,0.940966,4.48494,-0.0119836,5742.38,152,False,,,
313835568,5298.01,2.68309,1.88526,0.0405698,44.7047,11.778,0.915201,0.934889,4.45022,-0.0111046,5537.01,19,False,-2237.2,7.45661,0.367166
356822426,4174.01,1.55695,0.711776,0.02128,44.6993,8.764,1.38683,2.03815,3.94804,-0.279673,6608.71,565,False,-60.6599,5.60586,2.37083
469008497,6506.01,13.0791,3.39108,0.0966647,44.6752,12.511,0.937245,0.922657,4.47948,0.024754,5555.0,4,False,-7219.01,5.98594,0.212231
370385007,3183.01,4.21638,0.0436935,0.0850405,44.6729,26.343,1.33886,2.05048,3.92805,-0.327603,6494.35,7,False,-808.913,6.17994,0.631531
451084885,3072.01,2.98281,1.48904,0.0867707,44.6486,17.322,1.59047,1.535,4.2602,-0.0340854,7724.85,27,False,-52.9857,5.63895,2.53558
329609449,3203.01,4.24441,2.8303,0.0915128,44.6456,21.496,1.59188,1.62785,4.21029,0.00627313,7598.25,6,False,-5704.81,5.58115,0.241067
198360694,2071.01,5.67396,0.336235,0.0550695,44.633,2.765,1.00979,0.980801,4.455,0.00831122,5788.53,161,False,-20146.0,9.98978,0.113745
59575189,5490.01,2.5193,2.10057,0.0752474,44.6182,12.442,1.24215,1.51487,4.1534,0.302431,5880.01,15,False,-1967.77,6.14025,0.40445
262736264,5498.01,18.2053,16.557,0.0633758,44.6022,8.955,0.797262,0.787048,4.54794,0.197402,4902.93,6,False,-162.39,7.07664,1.38004
406783172,6231.01,24.837,15.1517,0.090801,44.5647,17.032,1.23276,1.38906,4.22802,-0.0567295,6334.0,4,False,-1489.56,7.74246,0.444935
308120029,6330.01,6.84978,3.19972,0.0272702,44.5307,17.638,0.558276,0.588183,4.64513,-0.0121106,3522.0,3,False,-1789.73,7.03716,0.413262
161247580,5026.01,3.28132,0.957585,0.0697563,44.5249,14.998,1.33108,1.48983,4.20155,-0.0803202,6622.0,26,False,-1501.39,7.59198,0.444508
450649506,4371.01,1.06043,0.280596,0.0507927,44.5103,5.272,1.04848,1.60195,4.03966,-0.322981,6055.73,87,False,-3668.05,6.99353,0.288758
352690548,3596.01,4.90564,3.92242,0.0628138,44.4898,10.072,0.993199,1.00773,4.41945,-0.307102,6068.91,11,False,-2584.16,7.49922,0.339245
260708537,486.01,1.7447,1.6768,0.0258302,44.4779,0.59,0.389484,0.404353,4.81366,-0.251455,3506.03,561,False,-603.381,13.1283,0.595769
65805840,4799.01,4.02346,2.27505,0.0665587,44.4656,16.458,1.28747,1.36333,4.26631,-0.142162,6691.0,17,False,-1396.01,8.27823,0.451698
271478281,2194.01,15.3419,1.068,0.062988,44.3565,2.016,0.657167,0.676717,4.59732,-0.253563,4527.56,7,False,-1474.48,7.68794,0.445341
26051436,3401.01,3.66877,3.00208,0.0537694,44.3179,12.337,0.995328,0.976534,4.45249,0.000814961,5758.03,7,False,-3106.75,6.81383,0.313672
452508760,5938.01,2.26044,2.05186,0.0377483,44.2132,4.198,0.677897,0.680651,4.60197,-0.00527332,4452.0,56,False,-8204.26,8.67271,0.182874
274075364,3547.01,4.16326,4.10869,0.0364774,44.1944,15.809,1.0717,1.11511,4.36293,0.0365668,5927.62,19,False,-2799.09,6.26308,0.334239
97866515,4730.01,4.06809,3.0314,0.0587588,44.1893,8.918,1.38018,1.66169,4.13057,-0.0145228,6603.27,32,False,-915.376,10.5885,0.518146
276704866,5935.01,3.02005,2.5997,0.0320021,44.1872,11.368,0.947519,0.934992,4.47226,0.0251647,5585.0,34,False,-25.8161,5.28096,3.6712
142087638,2404.03,74.6065,37.6052,0.0765795,44.1831,5.536,1.12944,1.14086,4.37162,-0.0638039,6198.19,11,False,-64.0638,6.35206,2.23108
147660886,2005.01,17.3058,5.37221,0.0815007,44.1828,13.09,1.69115,2.14185,3.99563,-0.187323,7645.0,4,False,-26.2538,4.78797,3.68467
344552721,6776.01,1.95248,1.82805,0.0214239,44.1714,15.11,0.558276,0.588183,4.64513,-0.0121106,3498.0,11,False,-1549.22,6.13124,0.450702
107617930,6421.01,3.75038,3.02642,0.0623338,44.0323,21.969,1.36582,1.51486,4.20058,-0.0869745,6751.0,14,False,-614.583,6.81645,0.700756
271747067,6300.01,2.89769,0.337705,0.0422452,44.0316,18.508,1.4345,1.56434,4.19865,-0.100128,7006.0,28,False,-64.8031,7.04334,2.16862
260367888,3354.01,46.3796,35.1068,0.11849,43.9843,5.733,1.3451,1.56897,4.16914,0.0800857,6484.69,21,False,-29.2286,6.35549,3.32727
197642926,6824.01,5.40669,1.80068,0.0581836,43.9487,10.739,0.896622,0.877678,4.50493,0.0215781,5417.0,3,False,-18445.7,7.68762,0.124424
314649737,6178.01,5.88772,0.312862,0.0364991,43.8997,15.122,1.0643,1.14343,4.34277,0.01892,5925.0,8,False,-3789.97,6.16018,0.285759
103448870,1687.01,10.2596,0.00138715,0.656843,43.8648,4.169,0.994499,0.954654,4.4698,0.109535,5626.64,20,False,-3438.22,10.7244,0.263467
356200601,3016.01,5.11393,1.10056,0.0456189,43.8015,14.134,1.29631,1.38778,4.26243,-0.0382286,6635.19,19,False,-1933.75,7.28692,0.387177
88266880,5930.01,3.79853,2.75538,0.097028,43.779,11.276,1.21373,1.3654,4.23645,-0.051503,6289.0,6,False,-886.313,6.37094,0.586259
370138999,3260.01,11.4521,9.43021,0.0592756,43.7275,8.024,1.24372,1.43746,4.20076,-0.00169859,6287.52,35,False,-36.3023,7.40451,2.86933
48476908,659.01,4.71928,3.98005,0.0248622,43.7222,8.192,1.11097,1.38276,4.19324,-0.313301,6331.76,24,False,-6499.86,6.75472,0.213714
379717270,6705.01,8.44569,2.31952,0.0257037,43.6661,11.862,1.25727,1.41955,4.21717,-0.0634659,6392.0,8,False,-916.523,6.53944,0.572158
224328450,5699.01,21.994,21.1779,0.0312726,43.6362,11.639,1.05503,1.12913,4.35049,0.0241979,5901.0,3,False,-22984.2,14.6329,0.0891532
127012328,4786.01,5.69837,5.19452,0.0873116,43.6162,12.23,1.54695,1.60205,4.21223,0.00880042,7400.48,9,False,-1370.32,9.18715,0.433767
282485660,5005.01,6.30851,2.7708,0.0650892,43.5984,6.514,0.933225,0.939072,4.45746,-0.0948717,5682.46,8,False,-6633.62,8.09262,0.203183
132313173,3437.01,4.98732,3.23836,0.0397467,43.5817,12.995,0.955244,0.892106,4.51235,-0.108576,5708.99,20,False,-78393.1,7.93356,0.0593313
252549844,3611.01,3.07897,1.64902,0.0750683,43.5689,16.067,1.23882,1.50487,4.1631,-0.00637515,6246.11,13,False,-2364.79,7.83476,0.342599
315096343,2978.01,4.34976,0.518209,0.0811546,43.5587,8.978,1.18848,1.73551,4.03426,0.0126917,6006.39,19,False,-195.192,6.66284,1.23657
349440621,5752.01,6.71073,0.443362,0.0428607,43.5438,16.079,0.958204,0.94782,4.46476,0.0255917,5616.2,4,False,-1107.43,7.79728,0.501065
159418353,1739.01,8.31525,4.35745,1.12392,43.5346,1.882,0.776142,0.75017,4.57081,0.0740618,4830.44,52,False,-330.774,11.1283,0.83282
434477274,6268.01,2.90822,2.51999,0.0673953,43.5315,7.743,1.19682,1.34436,4.24393,-0.0468573,6249.0,29,False,-406.59,9.59062,0.786341
159815224,2174.01,2.96019,0.771619,0.0425421,43.4977,4.743,1.02668,1.29665,4.21486,-0.218842,6026.47,57,False,-7327.68,8.19042,0.192237
349095149,1221.01,91.6815,78.887,0.191517,43.4489,2.804,1.01042,0.975684,4.45923,0.168476,5639.45,11,False,-124.934,4.18892,1.64853
252118701,3685.01,4.97776,1.38661,0.0602404,43.4441,13.875,1.09175,1.10866,4.38176,0.0346173,6002.6,10,False,-1617.65,8.38818,0.406453
230377505,1706.01,4.51561,2.10799,0.0578504,43.4439,2.071,0.976585,0.943957,4.47621,0.143684,5569.73,185,False,-44825.4,10.4019,0.0727271
1881298619,7017.01,5.08271,2.36322,0.110684,39.096,9.682,1.36367,1.51331,4.20064,-0.0865618,6743.0,44,False,-634.816,2.17269,0.684044
326327260,6792.01,7.96059,0.241059,0.0682324,39.0898,6.747,0.813746,0.795627,4.54786,0.0100591,5081.5,10,False,-19391.7,7.87081,0.104477
270341214,173.02,9.17022,3.9895,0.119675,39.0454,3.703,1.29377,1.41491,4.24569,-0.0980609,6707.79,24,False,-2756.87,10.2891,0.255326
81831095,1675.01,3.13304,0.945922,0.0237011,38.9521,7.212,1.7423,1.83966,4.14415,0.0123166,7948.65,35,False,-1119.31,8.6023,0.423152
406318573,2213.01,5.17928,0.163731,0.0516738,38.9519,10.014,1.11596,1.15498,4.35417,0.168803,5939.35,25,False,-2030.83,8.06653,0.319557
150907983,6222.01,9.44069,6.5434,0.0825712,38.9031,14.077,1.35316,1.50574,4.20093,-0.08455,6704.0,4,False,-58182.6,13.4941,0.0490885
248391319,2410.01,0.798843,0.456463,0.0333887,38.8681,2.907,0.775116,0.77972,4.53296,0.0591408,4890.8,178,False,-17.9917,11.3937,3.13809
234112540,537.01,4.03792,2.13305,0.0474264,38.821,14.258,1.11929,1.12821,4.38199,-0.135755,6284.52,16,False,-1306.73,8.57948,0.390183
365673804,1735.01,10.3858,2.07862,0.0672899,38.8124,2.626,1.15587,1.25045,4.29863,-0.221878,6440.69,29,False,-72.0243,11.2877,1.52901
307320565,3320.01,2.62571,1.84736,0.0770676,38.7978,13.946,1.49238,1.64857,4.16752,0.00923522,7061.69,16,False,-805.479,7.17901,0.519858
145163386,4778.01,3.80741,2.52582,0.0780086,38.7738,13.722,1.12953,1.3224,4.23784,-0.0772797,6147.82,13,False,-2702.82,7.68922,0.278747
92217989,5929.01,4.60793,1.93984,0.0677442,38.7733,17.787,1.34185,1.49759,4.20125,-0.0823835,6662.0,15,False,-28.9151,6.52371,2.86773
75076261,3342.01,5.97094,2.24407,0.0630056,38.736,12.627,1.0141,1.02579,4.41746,0.0173798,5817.23,8,False,-7245.97,7.74068,0.169709
193765661,5236.01,10.9975,3.89153,0.152289,38.7179,10.69,1.84247,1.75681,4.2039,-0.0136176,8445.11,8,False,-859.517,7.22905,0.501144
398038296,5894.01,3.00776,1.53223,0.0615329,38.7156,11.938,0.988272,0.983919,4.44364,0.0267934,5704.0,8,False,-741.582,5.42365,0.570521
60491424,5923.01,4.02544,0.254392,0.0722674,38.6906,12.409,1.11636,1.22363,4.29981,-0.0104057,6059.0,7,False,-298.412,5.37331,0.901726
415969908,233.01,11.67,11.1349,0.0426259,38.6445,2.052,0.349054,0.355116,4.87122,-0.496461,3560.75,14,False,-6444.56,11.5586,0.157258
255756918,2788.01,4.06468,2.97013,0.0580999,38.6364,9.093,0.953963,0.912399,4.49293,-0.0226831,5632.21,16,False,-1768.7,8.25281,0.336882
387515920,5332.01,3.95448,1.97936,0.0338266,38.6361,9.874,1.05779,1.21618,4.28361,-0.201741,6140.64,37,False,-6545.24,10.3668,0.162861
6276559,2551.01,5.43681,4.87274,0.0521048,38.621,12.044,1.69358,1.6085,4.24536,-0.0274952,8051.43,9,False,-1934.73,7.526,0.329628
350584963,787.01,2.12632,0.594813,0.0530867,38.6133,1.619,1.24024,1.29057,4.30113,-0.273637,6731.89,421,False,-1134.55,9.95686,0.396844
405454160,563.01,731.939,6.23392,0.0609394,38.5882,6.573,0.887926,0.868923,4.50966,0.020541,5383.0,3,False,-1520.18,9.96158,0.342398
282701278,5050.01,2.30642,1.22062,0.0430988,38.5483,21.8,1.39658,1.40262,4.28533,0.121778,6700.19,12,False,-36.0733,4.89849,2.6669
462615350,2288.01,8.91722,3.53535,0.050163,38.5442,2.831,0.558107,0.571985,4.6622,-0.336945,3937.65,96,False,-18.134,6.60365,3.63291
29017001,4598.01,8.20039,0.187472,0.0360962,38.5349,7.112,1.34311,1.64006,4.1195,0.00127584,6393.83,14,False,-438.127,7.0231,0.703184
404488903,6145.01,3.99797,2.43506,0.0712384,38.4781,12.317,1.04958,1.11688,4.35836,0.0245695,5885.0,11,False,-180.103,4.48761,1.18638
270075071,3095.01,4.28395,1.97269,0.0598953,38.4112,11.194,1.01558,0.995906,4.44846,0.189254,5670.93,20,False,-1352.38,6.90699,0.399545
102848207,3816.01,1.03582,0.559458,0.0253966,38.4095,10.661,1.05507,1.20292,4.29264,-0.333138,6271.74,80,False,-2381.09,7.36167,0.296648
16076354,3806.01,2.98588,0.509067,0.0243074,38.3875,16.372,1.44147,1.94697,4.01647,-0.145923,6853.57,20,False,-682.946,6.07063,0.577161
217933560,5051.01,3.64384,1.82077,0.453639,38.3855,12.991,0.77394,0.893052,4.41149,-0.0654769,5148.24,13,False,-2230.17,9.15672,0.288571
301991463,6321.01,2.90903,2.5629,0.0567117,38.3822,10.694,0.892529,0.873558,4.50715,0.0210901,5401.0,6,False,-754.254,6.64591,0.539262
367753709,1757.01,2.12569,1.84589,0.027752,38.3814,1.799,0.698652,0.691743,4.59435,0.172033,4392.18,315,False,-89.6262,11.8404,1.319
125442121,1414.01,3.01978,0.626373,0.0762305,38.3684,13.156,1.54458,1.52944,4.24967,-0.0275411,7461.9,19,False,-194.809,15.6109,0.763478
453410966,3789.01,4.11998,2.00183,0.0365703,38.3672,11.3,0.93591,0.904476,4.49654,0.152943,5440.49,10,False,-2410.93,7.059,0.297277
148782377,1415.01,14.4204,7.05573,0.103591,38.3285,4.809,1.2432,1.36991,4.25239,0.0144287,6387.58,4,False,-759.798,10.6198,0.4691
284660935,5253.01,1.11105,0.596431,0.022112,38.3111,6.61,0.909908,0.92257,4.46191,-0.191789,5724.33,139,False,-972.876,8.81715,0.441142
264159776,6916.01,3.91588,1.50637,0.0770944,38.2989,17.494,1.21204,1.36329,4.23719,-0.0510385,6285.0,5,False,-433.783,6.10209,0.722074
233465389,5654.01,4.25281,0.183074,0.0385148,38.2899,4.858,1.01632,0.977669,4.46014,0.242962,5595.58,16,False,-347.197,11.0942,0.682093
405571798,4953.01,2.95901,2.81819,0.0624122,38.2757,22.087,1.29335,1.32006,4.30547,-0.102785,6718.74,18,False,-878.905,6.74892,0.49617
378390325,5805.01,20.5675,17.874,0.103966,38.2317,5.717,1.38144,1.52611,4.20014,-0.0899663,6809.0,8,False,-625.447,8.12568,0.561921
245793479,4688.01,7.76883,2.31197,0.0263483,38.2074,11.256,1.03314,1.05357,4.40391,-0.245051,6150.72,17,True,-380140.0,10.3514,0.0210536
188800346,6132.01,18.8157,3.32728,0.0739781,38.2033,15.739,0.966697,0.958016,4.45879,0.0259311,5641.0,5,False,-4189.89,8.01004,0.217429
9701368,5774.01,5.40433,3.47325,0.0543722,38.1995,14.513,0.974094,0.966897,4.4536,0.0262268,5662.6,4,False,-2615.52,7.42171,0.280568
268604331,4466.01,5.01422,3.83576,0.0882871,38.1973,14.052,1.43607,1.60118,4.17392,-0.0514857,6946.04,37,False,-1263.03,8.31888,0.392122
30300445,2930.01,7.2042,1.45304,0.0733358,38.1889,8.861,1.48029,1.59733,4.19737,-0.108898,7176.0,16,False,-1200.83,8.31842,0.402059
219195044,714.01,4.32395,0.998634,0.0367135,38.162,1.599,0.47861,0.490348,4.7323,-0.153611,3640.54,134,False,-32.9366,5.77492,2.69098
32925763,2352.01,1.68284,0.731554,0.0292996,38.1402,4.42,0.956326,0.994964,4.41898,-0.00995812,5692.9,51,False,-1170.17,7.61113,0.416282
195256633,3150.01,5.34515,5.05867,0.0879995,38.1027,19.164,1.69393,1.79506,4.14942,-0.340686,8528.41,5,False,-72.308,5.60618,1.80158
320341952,4804.01,5.06482,1.76043,0.064944,38.095,9.736,1.59315,2.62602,3.79622,-0.007823,6408.35,30,False,-24.7586,3.66862,3.32062
166495921,6803.01,3.35379,0.252482,0.0431501,38.0762,11.023,1.07435,1.15892,4.33441,0.0132023,5951.0,8,False,-304.905,5.9507,0.860109
432467894,3081.01,3.43651,0.106201,0.073934,40.0485,17.22,1.49463,1.93386,4.03076,-0.153389,7086.76,32,False,-684.25,7.00423,0.589588
2758565,287.01,3.82367,2.35455,0.734012,40.0455,10.323,0.7914,1.23073,4.14339,-0.651552,5783.77,25,False,,,
262330063,947.01,7.31822,6.92459,0.0285875,40.0362,17.303,1.38661,1.73132,4.0893,-0.00867639,6511.05,3,False,-864.455,5.0263,0.555584
52936161,4822.01,4.47119,3.0818,0.0759609,40.0307,12.874,1.59371,1.44177,4.31691,-0.116446,8013.84,21,False,-2406.27,8.16367,0.302876
219187649,676.01,2.15031,2.08958,0.0253186,39.9763,12.325,0.932151,1.05606,4.35444,-0.0708241,5705.33,33,False,-5820.11,8.47363,0.192467
434486077,743.01,2.22846,0.743195,0.0254293,39.9667,11.11,0.813737,0.789343,4.55237,0.091419,5016.42,42,False,-153789.0,8.82614,0.0370038
377064495,561.01,10.7788,9.20348,0.074844,39.9601,2.968,0.875052,0.833373,4.53595,-0.00926103,5336.25,9,False,-58233.2,10.1501,0.0575659
208091447,3244.01,4.65973,1.46802,0.0615571,39.9494,27.348,1.74458,2.38569,3.9187,0.00788776,7300.92,6,False,-439.757,5.85326,0.759436
56999883,5618.01,3.52542,3.03581,0.0556939,39.9475,8.963,1.03438,1.12654,4.3373,0.276079,5642.82,16,False,-13271.2,9.00889,0.125161
233009109,1737.01,14.448,5.64512,0.132827,39.9367,3.361,1.39611,1.95624,3.99132,-0.158283,6549.63,71,False,-200.936,9.87399,0.992929
242083025,1964.01,0.646699,0.406649,0.0198255,39.908,6.404,1.39364,1.58921,4.1682,-0.000367389,6717.63,97,False,-42.9999,3.15887,2.65962
158697949,4204.01,3.96111,0.840763,0.0645014,39.9049,8.289,1.2472,1.36818,4.2586,0.0450806,6358.66,6,False,-1304.47,6.0669,0.436965
131348451,3414.01,9.73555,2.00732,0.127116,39.891,10.465,1.13435,1.62667,4.06785,0.160613,5768.49,9,False,-1175.71,7.49051,0.440756
301035553,5286.01,3.29818,1.62706,0.0462101,39.8903,10.094,0.856568,0.874933,4.48408,-0.282397,5661.45,10,False,-25663.7,7.08427,0.0954325
198358065,7281.01,4.30953,1.47739,0.0132478,39.875,11.592,0.558276,0.588183,4.64513,-0.0121106,3195.0,155,False,-5792.87,9.46725,0.186214
38087018,5138.01,1.72926,1.39093,0.0300249,39.8466,11.682,0.715124,0.714223,4.56976,0.193628,4492.26,38,False,-3124.93,8.11644,0.264607
252610172,6230.01,4.35178,2.57454,0.0703215,39.8297,13.627,1.29722,1.46543,4.2025,-0.0738361,6496.3,8,False,-570.213,7.8476,0.625273
382980571,1943.01,1.74257,1.73965,0.0624564,39.8218,2.628,0.975716,0.935828,4.48014,0.267035,5454.49,70,False,-1328.51,8.16143,0.405122
422756130,1695.01,3.13429,0.854624,0.0232475,39.8036,2.06,0.498576,0.518607,4.7044,0.0320486,3650.94,81,False,-2255.96,10.5869,0.286797
210169818,5869.01,3.38852,0.207704,0.082369,39.8009,17.594,1.19133,1.33753,4.24636,-0.0453474,6236.0,15,False,-396.539,5.70441,0.799941
231721006,5541.01,9.04014,6.8317,0.28261,39.7583,11.183,0.975065,0.946804,4.4759,-0.0195387,5737.01,25,True,-25015.7,21.0291,0.0551843
361403927,6743.01,5.90981,2.84868,0.116398,39.7552,15.425,1.30037,1.4677,4.20241,-0.0744396,6508.0,4,False,-518.799,5.83323,0.695399
378708888,5219.01,2.88752,0.708524,0.0747723,39.7541,17.082,1.54479,1.50312,4.26784,-0.244136,8065.71,23,False,-1329.18,7.60021,0.411333
174328045,6651.01,5.05696,0.684853,0.0712858,39.7466,3.365,1.02722,1.0658,4.3913,0.025584,5818.9,13,False,-4233.73,8.52703,0.223652
214218272,5061.01,3.36452,3.04475,0.0605016,39.7029,15.075,1.19175,1.25781,4.31343,-0.0576772,6391.96,14,False,-7176.18,7.5646,0.176821
294395926,678.01,11.3298,5.09442,0.0808411,39.6742,3.19,1.03479,0.999759,4.44825,0.239086,5654.55,44,False,-1661.96,9.65973,0.343324
285505979,6299.01,4.70891,3.48247,0.0201632,39.6583,5.366,0.657011,0.664506,4.60951,-0.0064671,4351.7,10,False,-3186.56,8.1238,0.260418
23229805,4451.01,8.85171,7.02426,0.0821363,39.6219,4.021,1.07484,1.10947,4.37723,0.00669793,6007.65,14,False,-62.8473,4.79547,2.07412
355867695,1260.01,3.12746,0.65783,0.0383208,39.6009,2.583,0.637486,0.656578,4.60605,0.0197477,4159.26,47,False,-314.553,12.4317,0.716106
82308728,1821.01,9.48921,4.7958,0.0570364,39.5906,2.386,0.754126,0.741782,4.57249,-0.264608,5136.1,4,False,-1142.37,7.18816,0.447178
257562160,5320.01,0.385218,0.264064,0.0142641,39.5582,4.46,0.995881,1.06796,4.37197,-0.0568883,5848.28,198,False,-435.172,10.0221,0.66134
153951307,1238.01,3.29476,0.929571,0.0321658,39.5346,2.434,0.578615,0.609842,4.62532,0.00788139,3896.62,55,False,-1127.06,8.96813,0.424702
24837152,2935.01,5.56983,2.25228,0.0459006,39.514,12.639,1.03223,1.04021,4.41515,-0.17907,6081.06,10,False,-1431.06,7.3542,0.396472
55450156,6826.01,6.43752,3.2008,0.0558147,39.5132,2.573,0.841889,0.822572,4.53474,0.0150504,5203.0,145,False,-27.7653,18.229,1.93323
452006073,3071.01,1.26694,0.33067,0.0405318,39.4916,8.077,1.24685,1.31831,4.29282,0.0674553,6396.9,44,False,-65.6559,6.57493,1.91705
130349701,2822.01,2.87986,1.579,0.0814762,39.4703,12.326,1.15279,1.56896,4.1093,0.16325,5858.52,18,False,-70.152,7.08736,1.82323
58461209,3118.01,3.80986,0.133939,0.0755256,39.4651,11.052,1.03482,1.62767,4.01198,-0.0268066,5619.25,6,False,-445.438,5.63485,0.748674
435680451,1762.01,24.1332,16.8622,1.6501,39.4592,4.114,0.994081,0.964072,4.46728,0.184717,5601.03,11,False,-358.254,14.8113,0.608529
150074121,3719.01,1.22225,0.486938,0.0311708,39.4058,13.811,1.39174,1.3761,4.29548,-0.21326,7206.62,20,False,-1674.83,5.91234,0.381642
458481611,5722.01,61.3194,13.3219,0.112059,39.3886,6.468,0.775015,0.758941,4.56528,0.00272119,4911.0,7,False,-78.3846,8.6609,1.63486
236785891,5956.01,0.929233,0.643907,0.0685761,39.3606,8.169,0.558276,0.588183,4.64513,-0.0121106,3207.0,435,False,-18.6979,11.6561,3.10008
280035202,4094.01,4.91115,1.21326,0.0484011,39.3472,3.174,1.17486,1.20927,4.33554,0.188033,6073.45,189,False,-38.0327,4.99774,2.64876
100264497,6804.01,3.77237,2.74897,0.0437177,39.3254,14.195,1.16338,1.29539,4.26596,-0.0325512,6170.0,5,False,-883.001,6.1935,0.520218
52052461,5309.01,6.46665,1.06688,0.0669263,39.2975,8.093,0.9366,0.932967,4.46698,0.03962,5557.91,15,False,-1777.42,8.85669,0.336687
470724594,6312.01,16.8498,4.46989,0.0770812,39.2803,14.21,1.49514,1.60803,4.19695,-0.111741,7823.0,9,False,-1625.18,8.71328,0.353583
255865833,4050.01,4.65461,2.33762,0.0307412,39.2511,11.938,1.13792,1.45505,4.16098,-0.266735,6342.05,83,False,-28.4038,5.05955,3.06889
267093376,2235.01,17.1401,0.758688,0.0235624,39.2165,9.846,1.24395,1.59863,4.11399,-0.188051,6428.48,17,False,-37.0661,4.73935,2.69429
291198795,4741.01,2.48397,1.18736,0.0642033,39.116,14.741,1.34458,1.34081,4.30644,-0.269519,7135.42,7,False,-1048.9,6.03888,0.476434
347715478,3089.01,9.30961,5.42255,0.0424968,39.1135,13.042,0.870495,0.996283,4.36989,-0.0988164,5540.88,6,False,-496.776,10.4314,0.600922
398466662,3173.01,8.77305,7.78406,0.103017,39.0969,16.726,1.1727,1.76651,4.00928,-0.387404,6420.16,3,False,-790.739,5.42336,0.55879
428679607,1669.01,2.68005,0.854401,0.0393805,37.2763,2.355,0.99401,1.00539,4.42498,0.23229,5575.6,89,False,-8.71995,18.0804,3.25786
158025009,1416.01,1.06976,0.806818,0.0281908,37.2661,1.722,0.798028,0.775264,4.55754,0.0794016,4951.57,58,False,-1237.88,9.50154,0.368068
243185500,1468.02,1.88052,0.982929,0.0221054,37.2318,1.466,0.329204,0.350001,4.86661,-0.208,3412.08,53,False,-784.304,9.06936,0.469255
410153553,136.01,0.462884,0.0258626,0.0103242,37.2123,0.881,0.149624,0.176489,5.11555,0.000138502,3024.82,329,False,-20.6769,18.0525,2.03238
320079492,1967.01,0.426219,0.339361,0.0206836,37.1757,3.307,0.934422,1.38777,4.11349,-0.117867,5634.14,351,False,-451.995,7.12645,0.660138
26305150,4845.01,4.21886,2.38566,0.0893711,37.1565,11.12,1.13412,1.68008,4.03078,0.257135,5664.48,17,False,-1214.63,8.66962,0.381248
271354351,4426.01,3.90508,0.215748,0.0527852,37.1371,14.892,0.937765,0.895905,4.50509,0.101916,5469.78,48,False,-3.55852e-06,42.4381,1.23017
142378043,1997.01,1.83597,1.04913,0.0237938,37.0481,5.324,1.28732,1.51082,4.17573,-0.11536,6527.5,49,False,-1220.88,6.01643,0.414239
377873569,4480.01,3.84938,1.14261,0.0456468,37.0431,14.156,1.73903,2.99094,3.71443,0.00013371,6499.27,46,False,-28.1787,3.82443,2.994
257067559,2568.01,3.48356,1.36305,0.0687848,37.0319,14.369,1.39331,1.42457,4.26824,-0.10155,7021.48,6,False,-773.512,5.86304,0.522969
134200185,500.01,0.548158,0.107385,0.0176161,36.9769,1.198,0.714549,0.710408,4.5814,0.183237,4502.66,360,False,-640.605,9.62993,0.504331
177115354,1226.01,3.92881,3.10224,0.0342853,36.9688,2.472,0.954444,0.925774,4.48215,-0.0780514,5715.48,224,False,-95.0816,4.852,1.54888
317597583,1630.01,12.0557,9.18116,0.0419214,36.9611,2.64,0.875131,0.834972,4.5354,0.00552267,5328.49,21,False,-1001.08,9.9464,0.398315
224297258,1279.01,9.61418,6.1147,0.0559658,36.9598,2.734,0.894081,0.844717,4.53116,0.0243983,5352.66,17,False,-5126.49,8.93894,0.182414
369327947,910.01,2.02911,0.950925,0.0133772,36.9481,1.042,0.258268,0.279634,4.9433,-0.0511556,3265.53,91,False,-1004.88,8.72129,0.415398
175532955,929.01,5.83015,2.46499,0.0513997,36.9412,2.714,0.67828,0.68503,4.59166,-0.0110619,4420.96,23,False,-3820.14,9.78626,0.2048
371573539,6148.01,8.37532,6.96692,0.0569155,36.9397,9.19,1.14838,1.27251,4.27676,-0.0254886,6134.6,8,False,-1094.22,9.36889,0.388795
254301731,6856.01,0.65411,0.154232,0.0172414,36.8447,14.319,0.558276,0.588183,4.64513,-0.0121106,3657.0,32,False,-1237.66,6.04692,0.408315
444977814,6999.01,11.369,7.76176,0.110594,36.844,11.758,1.12356,1.23462,4.29462,-0.0137974,6076.0,5,False,-1026.67,8.65178,0.410454
277634430,771.01,2.32601,1.3723,0.0189787,36.819,1.571,0.219035,0.238292,5.00954,-0.0937336,3219.76,70,False,-66.557,11.4898,1.46492
103832313,3111.01,4.64007,3.02998,0.0606912,36.8072,20.15,0.73741,0.795287,4.49515,-0.0522585,4921.07,5,False,-1783.53,5.47693,0.34593
281666033,6818.01,10.1956,2.33514,0.0257253,36.7976,8.341,1.01778,1.04424,4.4052,0.0260122,5791.0,11,False,-1103.06,9.13764,0.388484
308504559,5831.01,3.79218,0.112974,0.0628762,36.792,15.14,1.24375,1.40273,4.22316,-0.0597493,6360.0,5,False,-691.829,6.28155,0.54138
299551666,4664.01,3.00026,0.818441,0.0696675,36.7703,13.533,1.05271,1.27227,4.23858,0.0441089,5814.74,16,False,-435.491,10.0793,0.597416
301289516,4517.01,1.20897,0.614913,0.0248474,36.7621,1.729,0.597528,0.6192,4.62522,-0.2282,4063.23,47,False,-1067.24,10.7056,0.372065
154351773,6205.01,3.90894,2.80724,0.0892946,36.7382,10.767,1.02083,1.0512,4.40072,0.0258741,5800.0,10,False,-922.42,6.05831,0.47129
77258279,3656.01,5.51228,1.83801,0.0522996,36.7055,12.245,1.01383,1.07085,4.37841,0.0790451,5774.59,8,False,-2286.71,8.07178,0.279176
56655478,5066.01,1.34541,1.32163,0.0399682,36.6741,6.113,1.69173,1.99412,4.0511,0.00642871,7418.78,62,False,-576.234,7.05106,0.576108
206284139,4547.01,3.00264,2.5288,0.0611972,36.6422,9.08,1.07672,1.28347,4.24492,0.146556,5842.78,12,False,-1652.01,7.95449,0.329135
81693792,4897.01,4.30669,0.15146,0.0469204,36.6386,12.608,1.19744,1.20892,4.35341,-0.140954,6534.13,18,False,-765.591,7.79209,0.486507
58542531,1683.01,3.05752,0.317438,0.0260586,36.6253,2.472,0.659067,0.672348,4.60146,-0.0301691,4316.74,35,False,-48.3577,8.97386,1.88373
5972036,6976.01,1.7346,1.09299,0.0304713,36.6089,4.922,1.39249,1.53407,4.19983,-0.0920813,6850.0,77,False,-51.808,7.38237,1.92174
264223828,4098.01,1.17899,0.0680019,0.0188315,36.5953,4.899,1.06897,1.21097,4.29324,-0.0692442,6036.77,286,False,-1730.66,8.91645,0.310252
96170689,5355.01,9.6125,0.112997,0.0820815,36.5893,8.459,1.94847,1.30658,4.49345,-0.553903,10886.9,11,False,-5309.98,7.94577,0.183216
174826170,3710.01,2.47952,0.570953,0.0733313,36.5703,16.089,1.24824,1.47512,4.19156,-0.140439,6556.54,8,False,-483.884,6.83194,0.631329
169765334,329.01,5.70428,0.804602,0.0836142,36.5697,4.85,1.07617,1.40685,4.16626,0.151845,5777.28,22,False,-697.766,10.7974,0.455351
167085203,6700.01,15.5178,7.4545,0.065244,36.5456,6.188,1.22469,1.37903,4.23159,-0.0545146,6314.93,54,False,-10.361,6.49984,4.63111
280437559,969.01,1.8237,1.69688,0.030175,36.5421,3.182,0.718561,0.707145,4.59453,0.303705,4448.78,25,False,-2739.39,6.48004,0.267771
173824688,3391.01,4.71311,3.63648,0.0988963,36.5018,17.296,1.34635,1.61902,4.14184,-0.386574,7221.89,17,False,-2235.3,8.42588,0.276871
233602827,1749.02,9.04471,5.4182,0.0350468,36.4908,2.445,0.499211,0.501429,4.73179,-0.606965,4007.89,84,False,-67.2322,5.07178,1.80778
406361982,5224.01,5.28202,3.52015,0.129443,36.4783,19.39,1.49361,2.1624,3.93197,-0.015185,6497.4,8,False,-82.8786,5.44001,1.60516
438519486,5403.01,12.8356,4.05584,0.0364816,36.4351,12.318,0.914054,0.882216,4.49965,0.186631,5298.9,4,False,-6328.62,7.03841,0.172231
452658846,3567.01,1.99903,1.73259,0.0240137,36.4334,12.579,0.955859,0.970847,4.43732,-0.160013,5822.95,10,False,-3441.42,5.94557,0.242266
332477926,1754.01,16.2143,6.58412,0.0799901,36.4303,2.268,0.557822,0.579741,4.65128,-0.13577,3847.89,50,False,-61.1636,8.38104,1.69387
2876,3131.01,2.62749,0.574559,0.0406456,36.4299,18.996,1.01755,1.1746,4.29795,-0.383171,6217.26,6,False,-1734.47,7.69233,0.321765
420829332,5019.01,1.0903,0.242726,0.0343471,36.3965,8.67,0.995679,1.01972,4.41332,0.0789421,5709.8,41,False,-1420.34,7.99067,0.351513
289373041,4090.01,3.17751,2.27554,0.0437197,36.3836,5.08,0.796185,0.762102,4.56979,0.269105,4783.41,37,False,-1348.61,6.99571,0.373227
436652523,4613.01,4.54617,3.99015,0.053658,36.3323,6.418,0.877389,0.858314,4.5154,0.0192843,5341.8,20,False,-1861.75,8.13458,0.304724
38571020,721.01,12.2877,0.668287,0.0910171,36.2811,2.289,1.11107,1.18531,4.33095,-0.122913,6220.29,81,False,-175.97,15.7404,0.725387
281225729,4810.01,2.41625,0.789795,0.061782,36.2727,15.03,1.52678,1.8522,4.06955,-0.243348,7394.13,29,False,-454.514,7.81773,0.623372
80778619,3116.01,1.64844,0.344913,0.0418426,38.0738,12.32,1.03603,1.76317,3.95118,-0.855053,6554.32,48,False,-605.316,5.76786,0.612958
426122503,5242.01,2.40382,0.268265,0.0362629,38.069,12.691,0.834892,0.812734,4.53296,0.144728,5047.82,30,False,-985.422,9.44146,0.425443
96055535,3390.01,5.40333,2.23848,0.0293457,38.0503,10.7,0.790167,0.773292,4.55847,0.00559179,4977.7,9,False,-1169.84,7.57539,0.415601
422881018,3623.01,5.74566,4.82715,0.066541,38.0475,12.389,1.09432,1.12949,4.3638,0.163746,5889.55,7,False,-2922.11,7.8208,0.260677
160347548,2798.01,3.9947,1.72074,0.08515,38.0461,19.047,1.17479,1.46696,4.16624,-0.00633684,6115.09,5,False,-567.02,6.10446,0.626244
35582553,649.01,0.937094,0.657359,0.18042,38.0264,8.099,1.59411,2.35137,3.88919,-0.0610107,6760.06,73,True,,,
81178747,5367.01,1.66482,0.547411,0.0297453,37.98,10.554,1.03516,1.01697,4.4338,-0.243032,6133.57,26,False,-1015.9,6.27555,0.464034
112037211,3252.01,4.36371,0.760722,0.0453708,37.9779,9.488,0.85495,0.814932,4.54194,0.202598,5057.1,5,False,-26155.3,5.50748,0.0935642
391904697,705.01,47.0196,26.8254,0.117224,37.9661,3.168,0.876759,0.830138,4.54166,0.105535,5232.43,25,False,-1035.48,12.8884,0.36355
153896150,4123.01,2.78792,0.0117299,0.0240663,37.9603,5.03,0.874967,0.841349,4.53233,0.116244,5250.77,46,False,-5474.31,7.32567,0.192987
180607846,3906.01,0.645113,0.0551816,0.0201174,37.9371,5.211,0.755948,0.834424,4.46692,-0.429009,5476.34,114,False,-1561.13,8.03359,0.352942
369336146,356.01,5.76942,3.90172,0.0681534,37.9346,11.321,1.10722,1.42522,4.16972,0.25204,5749.59,17,False,-475.865,7.60485,0.649307
198241702,1269.02,9.23787,2.61814,0.0557054,37.9197,2.379,0.895657,0.853905,4.52771,0.0433203,5375.61,97,False,-2721.19,14.6116,0.208305
321669174,2081.01,10.5055,2.53097,0.0502206,37.9174,1.96,0.468626,0.478472,4.74647,-0.459955,3778.42,58,False,-48.1155,5.56073,2.20997
154616309,3397.01,3.62504,2.34077,0.0415894,37.9056,7.358,0.578709,0.607335,4.62577,-0.00855813,3887.83,15,False,-1154.23,8.07992,0.409493
77527511,613.01,0.778515,0.240981,0.0208298,37.8946,9.231,0.9561,1.97677,3.8138,0.00661832,5017.67,24,False,-1521.41,6.21518,0.378759
336092760,3947.01,6.7716,4.95852,0.123176,37.8181,16.849,1.59531,2.16656,3.95668,0.0408027,6813.11,18,False,-42.3068,7.91115,2.18266
407958640,5934.01,2.55057,1.49803,0.0298826,37.7907,19.224,1.17185,1.30833,4.25987,-0.0365414,6190.0,18,False,-1319.34,7.23685,0.392322
278525028,6816.01,10.9268,2.74663,0.134919,37.7755,11.045,1.01839,1.04563,4.4043,0.0259846,5792.8,6,False,-1610.59,10.1495,0.321009
274911536,3092.01,4.4164,1.42808,0.0384525,37.7659,10.171,0.934792,0.931758,4.46919,0.144015,5473.88,18,False,-5525.89,7.74303,0.188248
248655556,2569.01,13.1143,2.17508,0.0867744,37.7601,8.945,1.15245,1.18705,4.34262,-0.00800953,6174.17,4,False,-3718.3,9.33109,0.217327
81808065,5473.01,7.5554,2.63578,0.0826876,37.7257,16.337,1.79761,1.7873,4.18298,-0.0296014,8354.03,6,False,-436.883,6.13568,0.705937
278668358,5272.01,5.01357,2.69028,0.0869125,37.7232,9.988,1.0859,1.40445,4.17265,0.143208,5810.17,26,False,-9770.18,7.68748,0.14162
417942201,3718.01,4.23029,1.60492,0.0906298,37.6754,14.55,1.44336,1.81282,4.0659,-0.0186182,6655.08,6,False,-438.288,4.78838,0.733737
390988385,3505.01,2.91512,0.303996,0.0436254,37.6404,8.78,1.18455,1.32772,4.25072,-0.0425267,6220.0,17,False,-85.9831,6.73215,1.5688
33692729,469.01,13.6308,6.28416,0.0867033,37.6402,3.391,0.912307,0.930896,4.45624,0.178128,5381.56,6,False,-1335.19,7.28457,0.387452
45368525,5466.01,2.8067,0.439291,0.0499399,37.6352,17.558,1.34357,1.35895,4.28942,-0.157829,6872.26,15,False,-840.632,7.65693,0.482445
123702439,499.01,8.53346,8.474,0.0494578,37.6225,4.328,1.01759,0.986043,4.45605,-0.250571,6100.73,12,False,-6500.37,8.21503,0.170002
31605271,6406.01,2.23126,1.00033,0.0246099,37.6224,12.279,0.78526,0.768645,4.56067,0.00466218,4956.1,10,False,-3333.44,6.38606,0.252205
430431091,6237.01,4.15335,0.462796,0.0835367,37.6082,15.474,1.3968,1.53718,4.19971,-0.0929066,6866.0,18,False,-667.269,8.87436,0.519181
29821723,6809.01,2.68681,2.53011,0.0359622,37.5944,13.101,0.558276,0.588183,4.64513,-0.0121106,3822.0,16,False,-5635.36,7.06096,0.18958
359388309,4172.01,4.19147,1.93539,0.068803,37.5792,2.499,0.77247,0.76312,4.5553,-0.0738358,4993.85,211,False,-37.9134,8.91236,2.21416
37770169,470.01,12.1915,6.20869,0.0643634,37.5565,4.453,0.854355,0.815619,4.54052,0.151143,5094.83,6,False,-3224.22,6.89143,0.251754
154089169,1174.01,8.95348,6.69928,0.061006,37.5526,2.651,0.796232,0.760108,4.57197,-0.0300554,5005.99,24,False,-36136.4,8.7271,0.0706642
179308757,800.01,0.96573,0.851353,0.0729427,37.5084,3.222,1.01406,1.03574,4.41068,0.026181,5780.0,977,False,,,
281489322,2821.01,0.285669,0.00456602,0.0175186,37.4508,9.433,1.1688,1.74948,4.01184,-0.0961927,6050.48,344,False,-448.432,7.45198,0.661654
351601843,1075.01,0.604736,0.32452,0.0185428,37.4397,1.878,0.548643,0.565621,4.66622,-0.278411,3880.85,133,False,-2195.0,9.11541,0.281875
136916387,2011.02,27.5921,22.3954,0.062683,37.4385,2.731,0.915889,1.00752,4.38815,-0.187446,5785.9,3,False,-64097.6,15.1844,0.0409616
139507260,3650.01,1.75556,1.50383,0.0424596,37.4311,14.879,0.850599,1.14416,4.23735,-0.348529,5725.57,10,False,-2405.2,6.53896,0.293676
52517713,5415.01,2.98582,1.70185,0.0583152,37.4236,16.398,1.48655,1.47688,4.26201,-0.434163,8129.76,14,False,-666.655,6.42808,0.560305
284477310,2160.01,2.23904,1.98748,0.0292259,37.4186,2.971,1.11582,1.18748,4.33193,0.0861825,6026.48,236,False,-37.008,8.82669,2.23619
96829917,6763.01,2.45179,1.46662,0.0585636,37.4136,24.844,1.45578,1.57967,4.19806,-0.104203,7085.0,9,False,-761.11,6.12723,0.529211
228694725,4873.01,0.831293,0.0852655,0.0252075,37.3821,6.595,1.03386,1.07952,4.38436,-0.225046,6150.79,80,False,-1832.32,6.93616,0.331655
259810421,6353.01,2.50502,0.28595,0.0728696,37.3485,12.641,1.12526,1.2372,4.2934,-0.0145954,6080.0,7,False,-679.924,6.11067,0.559132
459850897,3503.01,1.18826,0.34893,0.0412297,37.341,8.987,1.5434,1.65293,4.17968,-0.778594,8872.07,87,False,-22.1944,10.6472,2.72743
219860288,1743.01,4.26605,2.06024,0.0167632,37.2854,1.69,0.27961,0.308935,4.90474,-0.0997466,3315.25,189,False,-4239.77,10.9218,0.18873
347332255,1835.01,5.641963511317574,2.558221538799735,0.064056454016925,41.1939,,0.816287,0.787599,4.55791,-0.0813998,5206.49,8,False,-2343.06,14.942,0.252854
448688668,3134.01,2.23145,2.06955,0.0558703,41.1724,37.405,1.43546,1.8043,4.06339,-0.00288323,6582.23,12,False,-700.053,5.48525,0.629495
270471065,3433.01,2.77657,1.09007,0.0408189,41.1623,5.78,0.699403,0.717806,4.56183,0.100218,4540.41,23,False,-765.237,8.16295,0.556675
284859630,2716.01,7.54203,2.035,0.0789488,41.1466,9.797,1.05323,1.0265,4.43475,-0.0377963,5967.96,6,False,-1948.01,6.74863,0.363395
434186655,6150.01,1.30967,0.642514,0.0207079,41.1461,9.916,0.558276,0.588183,4.64513,-0.0121106,3818.0,18,False,-4140.23,5.81489,0.255951
323132914,1057.01,51.1701,36.1582,0.131425,41.1022,3.017,0.954341,0.924758,4.47993,-0.0752874,5694.53,5,False,-1993.74,12.3503,0.30024
290388627,4274.01,0.445878,0.19392,0.0259753,41.0714,23.188,1.6978,1.53042,4.29717,-0.0693973,8375.8,58,False,-593.182,5.43022,0.683143
369907772,6297.01,4.27725,1.54247,0.0822638,41.0529,14.45,1.35397,1.50632,4.20091,-0.0847048,6707.0,6,False,-1262.19,5.52902,0.466368
229455001,1744.01,22.3417,18.57,0.055779,41.0394,2.87,1.09515,1.1216,4.37056,-0.101637,6135.53,34,False,,,
218988652,4783.01,6.75194,3.97616,0.0328727,40.9967,19.13,1.68967,1.50677,4.3017,-0.116257,8350.8,8,False,-2618.35,8.05498,0.300132
241569046,3239.01,2.23101,1.96223,0.0631673,40.9245,14.863,1.19102,1.23549,4.32581,0.0771445,6223.49,23,False,-2116.03,5.81606,0.355855
129004637,6126.01,7.15854,6.82446,0.0886002,40.9117,10.866,1.00966,1.0257,4.41716,0.0263805,5767.0,3,False,-520.736,5.5957,0.722624
174206540,2851.01,4.82571,2.87005,0.0808697,40.9112,15.022,1.39694,1.41203,4.28001,-0.261919,7438.25,9,False,-897.641,7.31764,0.523138
25773352,3982.01,5.34388,1.7209,0.0854027,40.9059,19.036,1.94512,2.0584,4.09161,0.274585,7993.9,12,False,-567.916,8.12176,0.642253
236638487,3590.01,4.40643,1.59201,0.031157,40.8996,17.809,1.39312,1.88021,4.02634,-0.208662,6750.79,17,False,-59.3439,6.53649,2.10749
335590096,4860.01,1.523,0.0370457,0.22993,40.8678,3.921,0.309388,0.337524,4.86702,0.0526203,3298.33,90,False,-565.234,9.61721,0.613666
266486214,6433.01,9.63549,8.69238,0.0625199,40.8499,6.404,0.948889,0.936636,4.4713,0.0252194,5589.0,7,False,-1246.31,6.1899,0.45792
235943205,2264.01,121.334,62.338,0.128263,40.8396,4.665,0.996418,0.972434,4.45988,-0.121644,5908.96,5,False,-45.6958,5.57881,2.47315
233680651,2166.01,5.1355,2.89385,0.0818114,40.803,3.984,1.44612,1.93777,4.01943,-0.00516398,6610.18,182,False,-64.0781,7.79925,1.94617
158022899,5664.01,3.88642,0.981867,0.088998,40.7931,10.845,1.06965,1.44839,4.13662,0.258242,5661.39,11,False,-289.603,13.4514,0.751235
414922696,3624.01,7.64617,6.25878,0.0812486,40.7871,7.63,1.19314,1.31358,4.26795,-0.0212714,6281.19,17,False,-136.895,11.0247,1.19322
259230140,4384.01,14.3171,9.96702,0.105037,40.7441,6.152,1.58955,1.51817,4.26877,-0.0693471,7759.04,8,False,-13.8508,7.66456,4.34895
232632239,4107.01,3.53229,1.81662,0.0378528,40.7398,3.167,0.598173,0.623478,4.61632,-0.0198515,3965.8,159,False,-1048.55,11.7798,0.417201
405788729,5965.01,4.2254,2.80683,0.0918314,40.7196,4.551,0.996809,0.996338,4.4361,0.0269638,5729.0,43,False,-55.6271,7.07493,2.13296
306263608,1471.02,52.5636,14.4962,0.132758,40.686,3.469,0.976803,0.941329,4.47768,0.110484,5591.37,4,False,-2443.07,8.33427,0.305156
321982642,358.01,9.10315,2.1952,0.0300924,40.6289,16.444,0.893511,1.09044,4.30812,-0.0911217,5635.22,6,False,-4469.88,7.47356,0.231157
284454822,4093.01,10.4722,4.74226,0.0700837,40.6171,3.491,0.834513,0.798755,4.55098,-0.0842911,5254.86,83,False,-7541.16,14.9756,0.137619
219431828,5197.01,20.5774,4.97549,0.033421,40.5888,8.396,0.816988,0.821201,4.51898,0.0541146,5112.99,5,False,-962.938,8.02261,0.489606
68030406,4936.01,4.77355,0.298006,0.072297,40.5792,16.284,1.39671,1.32155,4.33532,-0.353454,7576.55,6,False,-1200.73,5.39547,0.473596
272885406,3093.01,4.3653,0.792992,0.0721172,40.5781,17.882,1.44543,1.44015,4.27904,-0.0875496,7282.16,11,False,-136.914,5.531,1.40499
287139872,1752.01,0.93519,0.230438,0.0149813,40.5663,2.006,0.508071,0.52576,4.69887,-0.0154054,3680.26,944,False,-118.758,4.36323,1.55971
397423462,3084.01,5.10576,0.053995,0.0515338,40.5512,11.028,0.97516,0.940204,4.47941,0.0699166,5630.5,9,False,-1560.18,6.80974,0.398362
241135327,3689.01,2.41449,0.394746,0.0454045,40.5365,15.633,1.29709,1.63225,4.12144,-0.103918,6529.02,20,False,-67.749,7.4099,1.89859
464544047,6533.01,2.86592,0.127739,0.0736951,40.4777,19.818,1.49514,1.60803,4.19695,-0.111741,8849.0,10,False,-3067.16,6.12743,0.289144
156016136,371.01,3.48138,3.29992,0.0443116,40.4768,6.96,0.916321,0.878916,4.51195,0.1547,5357.8,19,False,-484.718,8.56742,0.676833
235015217,7048.01,4.08635,2.94524,0.0434615,40.449,8.599,1.08131,1.16965,4.32863,0.00924388,5969.0,20,False,-713.054,7.76897,0.571158
233462817,3904.01,10.1615,8.75301,0.0261092,40.4325,8.561,1.13,1.21937,4.31152,-0.119686,6240.76,14,False,-164.759,12.171,1.03177
428003305,3635.01,1.80461,0.216026,0.195259,40.4277,11.55,1.38937,2.01204,3.95752,-0.0320385,6241.09,26,False,-557.644,8.68088,0.627653
22186226,4385.01,9.21712,2.35333,0.146991,40.4273,14.895,1.79,2.77221,3.79363,0.10242,6772.18,11,False,-1334.14,10.085,0.387434
311736478,4979.01,3.614067510369471,1.3296081259622026,0.6971270659795398,40.3265,5.279,0.813,1.1537,4.20797,-0.236914,5493.54,37,False,,,
268727719,7173.01,0.625668,0.19332,0.0112455,40.3116,9.071,0.558276,0.588183,4.64513,-0.0121106,3718.0,76,False,-1810.32,6.09792,0.374958
375981105,3934.01,11.7513,8.70813,0.0349292,40.3082,16.097,1.28924,1.46032,4.2072,-0.37836,7044.39,10,False,-80.6409,7.18655,1.73694
243244680,5065.01,19.4922,17.0014,0.0716769,40.2911,5.838,1.188,1.30355,4.2714,0.0991987,6137.48,5,False,-2792.2,7.81219,0.286547
407966340,554.01,7.04912,4.50029,0.0647199,40.2814,2.613,1.19368,1.36445,4.23709,-0.130297,6400.37,18,False,-2240.34,7.21988,0.325669
165527918,2101.01,9.0753,7.06199,0.0728206,40.1303,2.556,0.973227,0.960434,4.46062,0.124659,5599.13,74,False,-466.598,11.8452,0.611542
148667071,4224.01,1.16134,0.827815,0.0582477,40.1176,11.209,1.24188,1.50753,4.16279,-0.181081,6493.79,41,False,-1444.07,7.42136,0.401262
193336820,4491.01,5.00662,4.86542,0.0312074,40.1109,2.242,0.578296,0.599502,4.64359,-0.115164,3933.76,45,False,-4677.88,7.90312,0.219499
155001079,2434.01,1.36177,0.00266754,0.239542,40.0579,7.726,2.87937,3.28805,3.84667,-0.00701139,10314.5,84,False,-285.893,11.1146,0.800416
242120884,1966.01,0.622723,0.0163674,0.0191504,40.0493,6.938,1.5953,2.3498,3.88997,-0.00695837,6676.53,109,False,-651.235,5.58342,0.630393
107017977,4901.01,16.0462,5.22904,0.0406828,32.683,11.5,0.859273,1.10151,4.27897,-0.0887178,5517.61,7,False,-53097.7,7.90925,0.0501007
253857911,6784.01,3.15254,1.01265,0.0815961,32.6775,20.801,1.32785,1.4875,4.20164,-0.0797012,6610.0,8,False,-1037.38,6.49596,0.379204
237909527,6859.01,9.68087,2.31899,0.0808514,32.6756,10.959,0.96019,0.950204,4.46336,0.0256711,5622.0,4,False,-764.694,6.3641,0.444014
427041513,5814.01,6.23658,2.08195,0.85254,32.6626,3.103,0.792052,0.775078,4.55762,0.005949,4986.0,27,False,-145.749,11.2915,0.830071
149585119,4972.01,2.64954,2.52336,0.0494887,32.6574,13.181,1.07825,1.10778,4.37653,0.0395859,5965.43,9,False,-358.573,1.47469,0.769522
202087931,6232.01,9.85331,5.36752,0.0785076,32.6505,12.31,0.9643,0.955138,4.46048,0.0258353,5634.0,3,False,-416.415,5.61381,0.618919
137906197,1768.01,7.33769,0.792543,0.0903065,32.639,3.219,1.09547,1.08545,4.40443,0.131367,5927.66,12,False,-1288.55,9.04268,0.306589
428699140,3082.01,1.92678,1.61328,0.0365343,32.6379,3.323,0.65379,0.663503,4.6078,0.124118,4163.9,35,False,-13512.3,8.4446,0.0969957
203214081,5097.01,5.74599,2.96064,0.0249921,32.6349,2.291,0.288445,0.318739,4.89478,-0.10006,3324.32,15,False,-2393.35,6.95717,0.244709
270457662,3434.01,3.15104,0.191296,0.0251492,32.6204,9.719,1.03283,1.28832,4.22534,-0.0756198,5944.37,28,False,-44.518,7.39254,1.79342
194461202,3599.01,3.25182,1.75242,0.0499714,32.611,10.711,0.87086,0.882507,4.47657,-0.0688372,5429.37,7,False,-1212.01,5.51622,0.363009
300710077,789.02,12.9707,9.45849,0.041925,32.5971,1.484,0.357335,0.368227,4.85043,-0.211495,3440.96,62,False,-66.1937,17.2846,0.888082
406672232,1263.01,1.02146,0.194526,0.0298285,32.5868,1.406,0.798245,0.790918,4.54209,-0.0402575,5108.1,120,False,-171870.0,7.06538,0.0286871
466113537,1954.01,4.90659,2.15759,0.12412,32.5821,7.309,1.59257,1.90677,4.06609,0.0471696,7073.51,24,False,-16.2346,6.81459,3.10954
327093061,6344.01,3.53018,3.20874,0.067242,32.566,14.333,1.03639,1.08674,4.37779,0.0251681,5846.0,5,False,-1060.34,6.7869,0.369302
233633993,2083.01,17.9697,12.4998,0.0792711,32.55,2.734,0.735873,0.711457,4.59369,0.312759,4497.48,49,False,-22.405,4.92672,2.80836
191998744,6395.01,2.81469,2.03613,0.0919942,32.5423,14.859,1.49514,1.60803,4.19695,-0.111741,7487.8,6,False,-635.216,5.8457,0.494427
124235800,4898.01,2.76518,0.85185,0.0282156,32.5399,3.707,0.58916,0.623818,4.61296,0.0513014,3928.38,24,False,-17042.9,7.89944,0.0879611
254209017,6782.01,1.72781,0.982233,0.0582307,32.5357,22.603,1.28602,1.45531,4.20444,-0.0713636,6460.0,13,False,,,
267197567,4755.01,22.7271,20.9658,0.0455683,32.5009,18.315,1.38837,1.87833,4.0186,-0.00284862,6353.06,5,False,-37.4898,8.10046,1.89563
186715217,6338.01,1.44924,0.721233,0.0206,32.483,13.644,0.558276,0.588183,4.64513,-0.0121106,3581.0,11,False,-1543.79,7.68894,0.294278
90156362,6767.01,2.35184,1.73176,0.0307207,32.441,18.586,1.10335,1.20361,4.3103,-0.00329108,6026.0,9,False,-255.142,5.53054,0.788059
270406298,5325.01,15.0576,3.18895,0.0325039,32.4313,7.713,0.876587,0.924942,4.44136,-0.562687,6009.87,10,False,-4087.38,8.04876,0.177774
376939759,4532.01,5.81764,4.61621,0.0533372,32.4308,11.282,1.04854,1.11051,4.357,0.18458,5742.49,10,False,-2316.45,8.32382,0.233526
335952150,5732.01,60.1703,16.4378,0.048944,32.4276,8.02,1.35478,1.5069,4.20089,-0.0848595,6710.0,7,False,-25.768,8.33935,2.2752
209310912,4655.01,3.69436,0.596057,0.0717567,32.3939,8.009,0.775488,0.733289,4.59437,-0.136753,5030.86,12,False,-718.722,7.87241,0.426871
375059587,786.02,38.554,23.6972,0.128843,32.3873,2.392,1.11295,1.14726,4.36285,0.01098,6095.75,24,False,-5.11562,13.0822,4.46468
448775221,3133.01,4.09099,3.0539,0.0739369,32.3863,16.471,1.39434,1.73136,4.09225,0.0789914,6425.89,7,False,-336.579,7.30253,0.639023
394672497,3485.01,11.8414,2.41986,0.0596819,32.3692,2.5,0.755593,0.728379,4.58504,0.210119,4639.01,10,False,-245.972,7.99286,0.727125
321894059,3732.01,2.95954,0.606669,0.0728633,32.351,16.463,1.59543,2.5045,3.83057,-0.00654311,6483.41,22,False,-2302.77,7.22221,0.244147
393340920,4244.01,1.86652,0.380974,0.0665692,32.3463,12.403,1.33858,1.58401,4.14961,-0.354523,7001.29,39,False,-136.511,6.31321,1.04519
301160638,3487.01,15.9043,7.62106,1.06473,32.3449,6.273,1.02822,1.06531,4.38865,-0.102679,5973.68,8,False,-130.715,14.3686,0.737739
243011228,4696.01,4.12533,1.07231,0.0624344,32.3329,13.601,1.18865,1.3146,4.26502,-0.0342505,6280.48,10,False,-763.712,6.70764,0.432712
375116172,6217.01,3.03656,2.92943,0.0679728,32.3313,13.019,1.06546,1.14522,4.34181,0.0182603,5928.0,32,False,-25.3708,8.28092,2.29022
405230669,6867.01,3.68115,3.24867,0.0518785,32.3191,9.084,0.908898,0.890038,4.49824,0.0230423,5465.0,9,False,-4504.92,8.95241,0.162276
120115768,6115.01,3.55343,0.0573684,0.0336378,32.2372,22.256,1.25601,1.41797,4.21773,-0.0631174,6389.0,8,False,-2856.92,5.51219,0.233095
30853470,807.01,5.27024,2.34781,0.0402096,32.2321,1.718,0.713707,0.692812,4.6084,-0.0352416,4613.61,168,False,-54.9619,5.33434,1.71578
138671052,5872.01,2.24251,1.64609,0.0413965,32.2245,7.797,1.10567,1.20719,4.30837,-0.00461055,6032.0,49,False,-813.237,7.04993,0.411922
360142739,5881.01,2.23774,0.929476,0.0833432,32.2182,9.524,1.15406,1.28117,4.27267,-0.028162,6148.0,47,False,-424.63,9.27226,0.520146
278895705,795.01,8.76099,3.28116,0.0237827,32.2168,3.015,1.17647,1.17395,4.36832,-0.127384,6421.08,107,False,-59.8538,4.3705,1.70035
50618703,544.01,1.54835,1.47283,0.0225225,32.215,2.161,0.617228,0.64382,4.61164,-0.0356985,4100.06,29,False,-883.732,6.96759,0.396256
74484423,4867.01,2.83529,0.283977,0.088821,32.2148,10.843,1.69704,1.50413,4.30675,-0.035879,8223.98,20,False,-238.462,7.87137,0.737569
470653603,6381.01,8.92699,6.56669,0.047575,32.183,5.33,0.915803,0.89699,4.49448,0.0238659,5492.0,7,False,-53.271,7.81393,1.5796
310537530,2896.01,1.34757,0.0235362,0.0378777,32.1696,16.833,1.59365,2.77521,3.74426,0.075214,6126.32,95,False,-16.96,10.1251,2.59864
206906112,2504.01,13.5852,10.8768,0.0806188,32.1442,8.804,1.74197,1.60668,4.26866,0.0320284,8232.2,7,False,-1342.31,7.38251,0.315212
380528770,6476.01,8.1149,2.75962,0.104722,32.1127,14.056,1.25262,1.41377,4.21923,-0.0621883,6381.0,4,False,-964.944,7.0724,0.376068
280803800,4410.01,26.0179,10.3576,0.0963972,32.0978,2.744,0.915036,0.896218,4.4949,0.0237744,5489.0,11,False,-16589.2,12.7407,0.0700393
167600516,713.02,1.87152,0.591804,0.0211229,32.0971,1.128,0.638098,0.651922,4.61089,-0.0294919,4161.45,503,False,,,
367267217,5470.01,1.45049,0.985539,0.0279401,32.0889,8.35,1.15466,1.2039,4.336,-0.157848,6391.26,40,False,-780.841,6.56967,0.426157
114947483,5859.01,3.37875,2.01168,0.0387868,32.0543,7.79,0.558276,0.588183,4.64513,-0.0121106,3769.0,17,False,-23.3802,8.70525,2.32107
159104028,5945.01,3.38254,1.4975,0.0705758,36.2072,10.285,1.14093,1.26113,4.28212,-0.0219773,6117.0,29,False,-30.3799,7.25953,2.50857
66091052,6053.01,2.21182,0.780877,0.0517765,36.1985,11.127,1.49514,1.60803,4.19695,-0.111741,7690.0,21,False,-44.1398,6.61021,2.11267
51094586,5589.01,5.68939,3.40291,0.109785,36.1761,7.593,0.989471,0.985358,4.4428,0.0268413,5707.5,3,False,-334.205,5.87144,0.774779
14440334,5494.01,2.07591,0.576768,0.0418745,36.0954,4.849,0.934521,0.91347,4.48702,0.24961,5374.87,31,False,-2933.07,6.99545,0.25049
350575997,4386.01,2.01344,0.817472,0.0322227,36.0861,5.792,1.79908,1.68007,4.24235,0.194685,8076.09,47,False,-4600.72,9.40999,0.183319
247283054,3552.01,0.927771,0.91935,0.0319882,36.0448,11.587,1.34197,2.15415,3.89214,-0.249707,6365.18,100,False,-491.862,6.73564,0.617131
272983172,3476.01,4.31951,4.10851,0.0499528,36.0354,17.932,1.24504,1.24355,4.3333,-0.112219,6522.08,6,False,-1304.3,6.31227,0.383852
59369068,6914.01,9.30032,4.21842,0.0498045,35.9836,12.423,1.12373,1.23488,4.2945,-0.0138772,6076.4,4,False,-3556.51,6.83119,0.227873
67630845,2408.01,9.46352,4.16498,0.0571227,35.9788,5.693,0.757956,0.739171,4.57783,-0.0683686,4907.54,4,False,-702.242,7.16246,0.507504
353782445,1664.01,11.8351,5.83312,0.0471741,35.9742,2.713,1.19624,1.27948,4.29568,0.146871,6160.19,77,False,-15.7575,6.39253,3.62749
184531966,5864.01,10.4452,6.91512,0.093122,35.9618,14.084,1.07822,1.16488,4.3312,0.0110032,5961.0,10,False,,,
19451711,522.01,0.396969,0.0977372,0.0683605,35.9373,1.867,1.54002,1.7203,4.15045,-0.139744,7571.26,237,False,-1697.48,8.52519,0.310254
24113219,5843.01,4.19776,2.79449,0.0687842,35.9358,11.307,0.946149,0.933347,4.47323,0.0251099,5581.0,9,False,-1523.6,6.86229,0.347352
10593553,6168.01,5.08253,0.701478,0.079176,35.9326,10.121,1.12153,1.23151,4.29609,-0.0128397,6071.2,5,False,-1820.53,5.20705,0.335784
112099249,1921.01,5.12656,2.79892,0.166554,35.8667,11.265,1.23719,1.62519,4.09749,-0.0602989,6196.31,8,False,-707.405,6.62223,0.513156
452049244,3070.01,0.658708,0.373751,0.0290662,35.8641,14.754,1.3036,1.47003,4.20232,-0.0750586,6520.0,82,False,-30.1038,4.09018,2.76663
296461391,5271.01,4.31084,1.74822,0.0738568,35.8555,5.025,1.2429,1.40167,4.22353,-0.059517,6358.0,32,False,-537.5,7.51922,0.570662
142387023,1824.01,22.8085,8.48275,0.0786625,35.8222,2.859,0.833387,0.808146,4.53977,0.0151302,5158.82,8,False,-5225.56,7.99765,0.17941
329346586,5282.01,1.39252,0.916081,0.0278143,35.8143,9.297,1.17071,1.34278,4.24277,-0.105572,6310.28,101,False,-1134.84,7.43331,0.392979
266609407,6350.01,2.47691,0.320181,0.0452254,35.8076,16.927,1.17507,1.31324,4.25755,-0.0380577,6197.6,7,False,-1221.33,7.05771,0.383709
459157691,3067.01,7.43651,2.29872,0.0544252,35.7759,16.048,2.98903,1.72608,4.44263,-0.363736,13960.4,9,False,-1478.56,7.33809,0.344901
38460940,805.01,4.11776,3.25029,0.0247167,35.7576,1.529,0.268451,0.293754,4.92693,-0.0976509,3294.52,180,False,-10.3871,13.2374,3.46632
62483237,139.01,11.070878587665792,9.579383122804654,0.0453145271408458,35.7543,,0.67679,0.677348,4.59798,-0.0126808,4350.48,9,False,-1346.04,12.2261,0.299094
31054498,2541.01,1.41183,1.31998,0.0585309,35.7484,8.71,1.84759,3.17241,3.70155,-0.540425,7937.44,48,False,-987.168,6.30707,0.437149
372757221,1187.01,2.5942,0.141308,0.015414,35.7483,6.752,1.38886,1.81751,4.04759,-0.0131569,6439.5,100,False,-1277.56,9.42602,0.343478
144336525,326.01,0.247326,0.155314,0.01367,35.731,5.12,1.15763,1.24272,4.3068,-0.0204819,6224.23,512,False,-132.755,11.2374,0.997359
144310492,3877.01,4.12325,0.0289318,0.0461849,35.7187,10.757,1.13177,1.37715,4.20716,0.224054,5826.73,6,False,-569.931,5.70318,0.586971
177712122,6302.01,2.84698,0.184613,0.0248956,35.6627,11.42,0.750778,0.736989,4.57567,-0.00110757,4802.0,6,False,,,
171886633,6737.01,2.8471,1.19935,0.0560609,35.6502,19.105,1.24882,1.40904,4.22091,-0.061143,6372.0,8,False,-572.564,6.59367,0.566905
368435330,1797.01,3.64514,2.77353,0.0470928,35.6432,3.256,1.05141,1.03087,4.42787,0.0236687,5889.04,13,False,-1216.45,6.90561,0.384314
214361331,901.01,3.23067,0.197995,0.384347,35.6221,3.618,1.1103,1.33903,4.22222,-0.368691,6445.48,29,False,-1253.53,8.84859,0.352704
267484403,5569.01,5.40211,0.257278,0.0250024,35.5959,14.199,1.17031,1.34369,4.23944,-0.0316529,6198.24,39,False,-4385.98,7.77385,0.195821
85242435,1722.01,9.60526,1.60047,0.0806643,35.5748,4.628,1.09323,1.08282,4.40162,-0.011384,6033.84,9,False,-9842.44,7.59987,0.131418
268172361,3768.01,2.18051,1.94221,0.107876,35.5744,11.558,1.59262,1.68505,4.17686,0.00909659,7473.26,25,False,-354.376,7.76791,0.690276
165625229,5705.01,10.5998647,4.592165552795368,0.0629375,35.5624,,1.0506,1.11919,4.35686,0.0245235,5888.0,18,False,-1261.25,11.1014,0.321251
74881311,2918.01,9.56804,6.75156,0.0792275,35.5566,12.65,1.11984,1.06679,4.43307,-0.0793057,6241.73,11,False,-1012.19,8.46197,0.397291
256154857,5248.01,0.701323,0.0436337,0.0211151,35.5497,11.146,0.750751,0.827213,4.46568,-0.482137,5480.5,31,False,-577.068,6.26907,0.569036
156990000,4816.01,11.2474,3.17852,0.0814675,35.5427,14.461,1.24216,1.43312,4.2049,-0.0392396,6343.35,6,False,-999.495,8.25116,0.402717
158845573,5782.01,5.00483,0.308088,0.105258,35.5419,3.22,0.966971,0.958345,4.4586,0.0259421,5641.8,20,False,-160.102,8.80688,0.990279
186459119,3373.01,6.5346,4.5696,0.0680962,35.52,10.669,1.1744,1.23995,4.3125,0.149421,6083.73,13,False,-1564.54,7.8191,0.326589
237914496,702.01,3.56814,1.50497,0.0255598,35.5158,1.812,0.557982,0.572911,4.66114,-0.274577,3904.92,173,False,,,
307733361,5071.01,1.6739,0.550482,0.0336474,35.477,3.878,1.1537,1.15744,4.3655,0.165292,6027.07,53,False,-3307.54,7.91317,0.223423
206717400,4678.01,4.7742,2.97224,0.0612174,35.4725,11.264,1.0548,1.06628,4.40154,0.275392,5724.41,7,False,-2696.83,6.75429,0.257813
91794828,6589.01,3.05928,1.96628,0.0761079,35.4469,20.059,1.38468,1.52844,4.20005,-0.0905853,6821.0,9,False,-630.062,6.09378,0.545852
173260345,3393.01,5.20595,0.92426,0.0558574,35.4384,12.784,1.07266,1.07026,4.40655,-0.365752,6387.61,13,False,-1346.05,7.88732,0.350232
259353953,993.01,1.4635,1.38623,0.0479612,35.4308,4.03,1.53693,1.51535,4.26129,-0.43378,8441.62,68,False,-462.436,7.56552,0.605181
162620529,3100.01,3.2905,2.35989,0.0431365,35.4292,14.31,1.07537,1.06316,4.4154,-0.201667,6222.09,7,False,-1543.23,5.59267,0.354191
287863314,6165.01,4.31505,0.593389,0.0394124,35.3746,12.053,0.558276,0.588183,4.64513,-0.0121106,3744.0,12,False,-2763.2,6.13158,0.25935
359469754,5191.01,3.0281,1.31758,0.0734604,35.3617,18.355,2.19163,1.59141,4.37361,-0.21373,10781.0,9,False,-1688.24,5.84447,0.334994
382975217,4947.01,4.14042,4.03005,0.090594,35.3338,17.517,1.29098,1.72597,4.06931,-0.406806,6817.8,13,False,-43.2142,5.4515,2.15711
4102368,4241.01,3.11207,1.00827,0.0519314,35.304,15.31,0.79705,0.929457,4.39366,-0.969939,6100.85,8,False,-1608.04,6.12511,0.339323
332393279,4042.01,2.32387,0.335818,0.0500978,35.2819,12.677,1.19297,1.29284,4.28482,0.252072,6051.14,13,False,-245.559,10.0943,0.75196
177258735,801.01,0.775701,0.322088,0.0244876,35.2301,0.997,1.10928,1.33658,4.22582,-0.310935,6388.51,1183,False,,,
394223845,4820.01,27.1358,15.1209,0.0754492,35.2238,11.946,1.19585,1.30579,4.27679,-0.0265263,6318.31,4,False,-1246.86,8.09631,0.358324
296354161,7386.01,6.00449,3.68553,0.122474,35.222,12.754,1.1871,1.3316,4.24889,-0.0437238,6226.0,5,False,-332.377,6.49545,0.736461
441600335,4159.01,0.865989,0.737071,0.0188167,35.2113,9.014,1.2394,1.84039,3.99604,-0.0121431,6048.15,184,False,-589.569,8.90685,0.505731
386456916,3415.01,3.57138,1.15495,0.0448439,35.2091,19.332,1.48886,2.43344,3.82636,0.0186882,6112.98,18,False,-56.2038,6.48878,1.81117
374350678,5505.01,11.1071,2.72349,0.0411208,35.1998,10.372,0.812624,0.793314,4.54133,0.0294495,5051.45,5,False,-4308.39,7.04139,0.199966
372817671,2660.01,5.01838,0.954527,0.0651587,35.1835,11.698,1.0548,1.97628,3.85353,0.152213,5092.96,17,False,-50.8277,11.7282,1.55747
384034837,3007.01,4.27688,1.01914,0.0982518,35.1697,13.972,1.03206,1.5292,4.07272,0.0213006,5708.71,12,False,-440.865,7.4565,0.616487
347357977,2370.01,12.6827,8.79237,0.0706062,35.1633,5.523,1.01944,1.01453,4.43234,-0.0656952,5920.49,10,False,-3047.71,11.3404,0.201169
262470965,6802.01,1.10762,0.905178,0.0217021,35.1608,15.283,0.57732,0.602905,4.63826,-0.011022,3969.0,18,False,-2171.54,6.68609,0.2849
349972412,4504.02,2.42615,2.17152,0.0414829,35.1242,2.805,0.894921,0.878911,4.49676,0.0374998,5393.1,265,False,-64.6519,18.7371,0.961923
353498819,3803.01,2.54925,1.02313,0.0483589,35.1028,15.094,1.49643,2.0978,3.96485,-0.109303,6816.75,17,False,-1620.0,6.78676,0.328069
138644215,4455.01,1.54493,0.561845,0.0210933,35.0638,11.232,1.1915,1.34268,4.24878,-0.0142335,6252.28,103,False,-206.604,9.69461,0.826241
418567812,4943.01,8.01685,5.26324,0.0532906,35.0617,11.139,0.738067,0.735114,4.57105,-0.0322236,4804.72,3,False,-3888.86,6.65393,0.212346
268924036,4490.01,2.05234,1.6064,0.0356808,35.0049,21.26,1.13401,1.09256,4.41263,-0.0959917,6253.79,88,False,-958.649,7.50474,0.414368
29418536,2932.01,3.25587,1.34615,0.0737639,34.991,16.502,2.29668,1.62828,4.37091,-0.21185,11055.2,8,False,-1377.11,5.81816,0.366636
387318409,5928.01,3.24668,2.64815,0.066807,34.9774,14.843,1.20866,1.35909,4.23869,-0.0501093,6277.0,7,False,-705.919,6.11808,0.506932
408809625,4614.01,13.834,0.837487,0.0217614,34.9502,6.967,0.717825,0.807477,4.46636,-0.0426341,4770.93,8,False,-21.4966,15.5419,2.0168
216925130,5056.01,7.66867,1.55577,0.125363,34.9349,9.699,1.09404,1.80325,3.95403,-0.358256,6107.59,14,False,-329.389,8.16511,0.689418
9385460,6546.01,3.37818,2.95992,0.0823791,34.811,12.293,1.13923,1.25854,4.28334,-0.0211792,6113.0,7,False,-50.667,5.08589,1.97701
274472658,6369.01,13.233,6.71654,0.137818,34.8108,9.815,1.28657,1.45599,4.2042,-0.0715146,6461.3,5,False,-661.849,8.38564,0.479423
354519019,2507.01,17.3294,15.4349,0.722611,34.8086,3.881,0.971833,0.924011,4.48983,-0.0384155,5703.12,8,False,-2126.6,8.57823,0.265206
407495930,5748.01,3.02689,0.252667,0.0767872,34.7918,13.61,1.1566,1.28505,4.27084,-0.0293591,6154.0,30,False,-760.159,7.16134,0.467664
120896927,402.01,4.75599,1.7369,0.0520168,34.785,1.715,0.834704,0.823091,4.52579,0.0525251,5160.53,22,False,-57.1392,22.217,0.78589
366804698,5646.01,2.4277,2.26114,0.0672961,34.7764,6.171,1.29087,1.73743,4.05573,0.111179,6014.01,30,False,-3438.07,10.5014,0.192991
408137826,941.01,8.51451,2.47058,0.0774895,34.7142,6.572,1.11707,1.107,4.39918,-0.000485315,6123.54,6,False,-1692.33,10.7438,0.271713
127957099,5426.01,5.80946,4.96609,0.0447855,34.6892,5.496,1.17724,1.20773,4.34167,-0.372974,6713.17,29,False,-16009.9,8.76817,0.0954714
408506314,6868.01,3.41064,2.44071,0.0838433,34.6159,6.009,0.846749,0.827465,4.53209,0.01563,5222.0,17,False,-349.718,8.88712,0.64296
65905621,4796.01,3.57759,1.92358,0.0510557,34.5934,17.715,1.24723,1.54447,4.14889,-0.115997,6429.01,19,False,-779.677,7.44418,0.453716
462553953,4156.01,4.46187,0.0607133,0.0665125,34.5305,2.56,1.07214,1.04373,4.42755,0.101834,5877.02,90,False,-108.775,11.4918,1.03773
147994863,3848.01,15.9546,9.89921,0.0696864,34.5168,9.327,0.755769,0.75982,4.55395,0.0406032,4855.6,4,False,-467.014,9.42344,0.542292
15863518,1713.01,0.557254,0.198705,0.012663,34.5086,3.494,0.851686,0.86781,4.48245,0.189167,5133.36,103,False,-3824.84,7.37702,0.204498
426144112,5751.01,1.74649,0.169133,0.0344405,34.5052,7.647,0.845982,0.826693,4.53251,0.0155385,5219.0,50,False,-655.426,6.84099,0.504363
10792081,5703.01,10.1695,9.07266,0.114839,34.5014,3.603,1.03977,1.09447,4.37281,0.0250146,5856.0,19,False,-388.715,12.4055,0.523609
418298773,5011.01,2.60605,0.641819,0.0316456,34.4781,6.736,0.696556,0.706522,4.5715,0.0122733,4525.83,28,False,-913.989,8.21583,0.405289
324150445,6736.01,2.9873,2.66783,0.0479522,34.4739,12.532,0.870534,0.851413,4.51914,0.0184668,5315.0,7,False,-1053.1,5.9008,0.410735
450337675,3898.01,8.67881,1.32988,0.0792049,34.4649,11.586,0.945633,1.05339,4.35765,0.00634163,5639.64,5,False,-2125.09,7.46516,0.273082
1103432,565.01,3.72716,1.953,0.22958,34.4436,11.996,1.24601,1.57081,4.12947,-0.058946,6257.17,18,False,-525.181,8.28536,0.532963
237108775,5598.01,6.29487,4.72374,0.0389084,34.3739,7.451,0.498032,0.515028,4.70763,-0.00201925,3645.27,30,False,-5367.28,11.0765,0.148222
158241252,4443.01,1.84985,1.60111,0.0484909,34.3693,1.551,1.0129,0.998366,4.44227,0.0135619,5809.97,51,False,-117.753,14.8482,0.844643
48661942,3139.01,3.96286,3.37492,0.0568754,34.3361,6.285,0.904806,0.885918,4.50047,0.0225543,5449.0,10,False,-282.183,7.37443,0.75053
159262969,3249.01,3.24114,1.35241,0.0571299,34.3185,12.051,1.03623,1.03946,4.41495,0.079838,5812.34,6,False,-1462.57,7.02065,0.332882
21035365,6987.01,4.60054,1.93884,0.0508739,34.3126,20.448,1.19006,1.33595,4.24693,-0.044999,6233.0,3,False,-245.754,7.21392,0.808691
160039081,2082.01,30.2005,14.2682,0.0920156,33.6766,2.745,1.05767,1.11994,4.35925,-0.064389,6024.84,8,False,-51832.9,7.76057,0.0530464
81089255,6480.01,750.248,18.2977,0.0881698,33.6726,17.536,1.49514,1.60803,4.19695,-0.111741,7459.0,3,False,-84170.4,13.0846,0.0330689
241040309,1559.01,3.46489,0.217872,0.0282992,33.665,10.215,2.18476,2.42611,3.99463,0.018354,8847.17,25,False,-39.5707,8.04902,1.9352
54962195,663.01,2.5989,1.92098,0.0316097,33.6571,2.516,0.49948,0.516148,4.70809,-0.0546301,3668.04,33,False,-961.875,9.5861,0.362088
403911354,3169.01,4.48111,1.45195,0.0350502,33.63,15.104,1.19496,1.32259,4.27196,-0.143571,6512.93,6,False,-2700.98,5.34038,0.25377
154220877,5616.01,2.00266,1.74392,0.029666,33.6268,10.805,0.597957,0.627908,4.60922,-0.0351245,3984.47,14,False,-1611.25,9.52134,0.280044
144037593,6419.01,4.16132,2.97827,0.0528247,33.6223,13.598,1.07899,1.16607,4.33056,0.0105634,5963.0,5,False,-448.141,6.75705,0.592733
18067025,3888.01,5.32982,4.89652,0.0382437,33.5349,8.29,0.773746,0.750192,4.56956,0.103457,4802.93,8,False,-3290.76,6.99467,0.215674
229138584,3356.01,2.91224,1.8422,0.0706604,33.4649,5.164,1.07239,1.26555,4.25213,0.188843,5767.91,44,False,-665.57,8.09032,0.45907
4959676,3350.01,2.23588,1.85008,0.0301626,33.4601,2.526,0.798584,0.769216,4.56715,0.0796756,4950.72,55,False,-481.365,8.42557,0.532863
278862750,4369.01,13.5769,1.09221,0.0986682,33.4087,4.378,1.59451,2.18298,3.95358,0.0477503,6775.02,70,False,-99.4525,3.63239,1.4036
310105752,4285.01,1.17032,0.53433,0.0227955,33.3977,10.974,1.07037,1.18305,4.31441,-0.418403,6435.4,34,False,-994.667,7.85516,0.377824
441804533,5711.01,16.3037,4.60652,0.0646133,33.3526,2.517,0.558276,0.588183,4.64513,-0.0121106,3729.0,51,False,-7.28752,10.1528,4.35999
318668441,3210.01,2.23642,0.902676,0.0433885,33.3487,30.449,1.06859,1.56145,4.06989,-0.214885,6026.87,12,False,-271.451,4.6062,0.815866
299799658,1062.01,4.11506,0.116416,0.0233034,33.3478,2.286,0.894173,0.860285,4.51891,0.174583,5263.15,59,False,-2063.28,8.48199,0.255242
36022284,6418.01,4.64878,1.4678,0.0685158,33.3217,9.556,0.921834,0.904155,4.4903,0.0241381,5510.0,5,False,-806.427,6.78652,0.436019
403368444,6611.01,6.5566,2.70846,0.0539,33.3111,14.52,1.15025,1.27535,4.27541,-0.0263665,6139.0,4,False,-625.314,5.71073,0.515209
53874375,6227.01,3.09275,2.82808,0.0273304,33.2708,14.513,0.558276,0.588183,4.64513,-0.0121106,3661.0,6,False,-2597.48,6.70958,0.24297
26018819,5346.01,3.97833,3.37983,0.0540537,33.2521,13.785,1.09103,1.17798,4.32661,-0.289865,6350.6,10,False,-835.359,7.23424,0.420032
155949264,5683.01,0.774834,0.698207,0.0178154,33.2196,11.946,0.558276,0.588183,4.64513,-0.0121106,3448.0,35,False,-874.898,9.43611,0.375164
437756191,6203.01,25.1867,7.84541,0.100811,33.2145,5.62,1.01301,1.03335,4.41223,0.0262286,5776.9,3,False,-731.474,7.64335,0.441236
281815702,5488.01,3.19114,0.601951,0.0324749,33.2039,12.534,0.954491,1.00016,4.40872,-0.158962,5825.18,14,False,-317.671,7.57775,0.672094
263723967,7044.01,15.9669,4.45448,0.077956,33.1931,5.71,1.0506,1.11919,4.35686,0.0245235,5888.0,4,False,-249.498,7.67542,0.755735
376036292,3038.01,2.96781,2.32896,0.0582717,33.1852,20.392,1.2421,1.49183,4.16619,-0.000820665,6226.17,18,False,-521.439,5.5889,0.564284
232635922,1745.01,5.98487,0.565658,0.0362026,33.1734,2.256,0.428415,0.436126,4.78451,-0.308117,3601.9,108,False,-473.283,9.72296,0.503406
444842193,745.01,1.0791,0.356074,0.0532174,33.1518,2.389,0.990442,0.959454,4.46461,-0.0567596,5789.96,133,False,-50.8685,10.4629,1.50596
269568703,4249.01,6.77288,0.236686,0.0542938,33.1074,6.891,0.658843,0.665923,4.60885,-0.00636236,4360.5,20,False,-1197.12,7.44477,0.345957
184801054,6465.01,0.65937,0.19895,0.0139567,33.1041,13.812,0.558276,0.588183,4.64513,-0.0121106,3421.0,82,False,-472.701,6.79413,0.56514
286951368,6373.01,4.96132,3.98931,0.0835771,33.0901,13.494,1.323,1.484,4.20178,-0.0787726,6592.0,6,False,-1116.84,7.66932,0.354821
230127302,1246.04,37.9246,17.3523,0.0669819,33.079,3.306,0.872373,0.842576,4.52342,0.231091,5135.54,22,False,-32026.7,11.5602,0.056035
331456189,6177.01,3.8999,2.44299,0.0368128,33.0411,14.662,1.12356,1.23462,4.29462,-0.0137974,6076.0,13,False,-451.586,5.71164,0.600661
92363023,2689.01,3.41799,1.95837,0.0460244,33.0197,6.341,0.854916,0.834457,4.52599,0.222399,5101.1,11,False,-2821.62,6.95154,0.228785
326522874,2376.01,3.18218,1.94178,0.0549748,33.0126,8.478,1.0929,1.25691,4.27296,0.203649,5846.25,26,False,-1030.23,7.63927,0.368773
291469139,4828.01,19.0286,5.72752,0.0790524,32.9658,9.245,0.77777,0.757377,4.57116,0.0882816,4875.49,4,False,-3599.43,8.0273,0.193768
383806208,3014.01,1.79465,0.140397,0.0695952,32.9397,9.82,1.14456,1.57272,4.09895,0.0479735,5929.17,59,False,-1075.51,7.83313,0.357118
260647166,1233.01,14.1759,0.260058,0.0755739,32.9372,2.824,0.913363,0.869174,4.519,-0.175551,5681.13,6,False,-18891.7,7.66386,0.0856914
450308346,6361.01,5.94174,3.24279,0.0467909,32.9213,13.979,0.842657,0.823345,4.53432,0.0151419,5206.0,3,False,-3634.51,8.89743,0.185758
230006888,4111.01,12.2788,2.46498,0.0889285,32.8628,10.224,1.09112,1.22554,4.28882,0.305872,5740.18,38,False,-6.62152,14.643,3.6187
349891396,6732.01,1.30067,1.22981,0.0265345,32.8303,16.529,0.558276,0.588183,4.64513,-0.0121106,3658.0,15,False,-799.613,5.61637,0.449078
233066156,2252.01,12.3794,0.431591,0.065233,32.8074,7.606,1.64379,2.48777,3.85192,-0.00542892,6715.2,70,False,-8.66604,8.17529,4.1951
33595516,849.01,0.765661,0.642372,0.0310502,32.7815,3.202,0.913295,0.881956,4.50442,0.212139,5298.85,78,False,-99.3954,13.6629,0.901478
280830734,188.01,1.16195,0.462873,0.0182408,32.7518,3.285,1.34191,1.61454,4.13613,0.032922,6404.68,252,False,-390.062,8.13524,0.582329
295562522,1974.01,1.81273,1.2864,0.0253576,28.6692,11.472,0.8321,1.38909,4.06336,-0.501974,5706.39,21,False,-34.67,13.6768,1.21293
141202786,5641.01,2.18172,0.460733,0.0248413,32.7184,10.997,0.508365,0.531975,4.6867,0.300972,3602.18,8,False,-1008.53,7.13599,0.375798
237736186,2746.01,4.92115,0.174521,0.0804543,32.7083,13.057,2.09192,1.46039,4.41058,-0.465894,10791.5,5,False,-603.841,6.42905,0.499221
219978369,6785.01,16.2501,11.1957,0.154061,34.3123,7.989,1.16634,1.29992,4.26383,-0.0339478,6177.0,7,False,-281.167,6.78301,0.767723
303432813,5076.01,23.443,6.11973,0.094126,34.2883,3.338,0.812527,0.784227,4.55515,0.244024,4886.08,6,False,-1548.78,7.03706,0.32292
377064495,561.02,0.44657,0.0866996,0.0271031,34.2666,1.438,0.875052,0.833373,4.53595,-0.00926103,5336.25,234,False,-38114.2,10.1501,0.0575659
301235044,6835.01,0.280324,0.183839,0.0172442,34.2587,1.715,0.683102,0.684675,4.60009,-0.00497576,4477.0,202,False,-1082.33,7.51936,0.379139
353225230,5766.01,0.572267,0.202317,0.0190928,34.2431,8.735,0.939026,0.924795,4.47823,0.0248252,5560.2,31,False,-73.8089,6.28512,1.53381
3808740,3895.01,6.67125,3.33736,0.0628375,34.2157,9.538,1.01522,1.03823,4.4066,0.226383,5640.05,7,False,-5106.46,8.31246,0.168959
278196907,4290.01,1.17715,0.751974,0.0299804,34.2043,2.368,0.773474,0.763575,4.55101,-0.333106,5295.52,345,False,-2309.09,9.32719,0.24137
171160243,4620.01,1.38876,1.29598,0.0299107,34.1312,9.343,1.93826,1.79252,4.21334,0.0269413,8795.88,77,False,-590.466,6.79083,0.525247
165948070,5919.01,4.36854,4.25628,0.0660918,34.1306,5.839,0.890483,0.871498,4.50827,0.0208461,5393.0,24,False,-63.8033,6.24735,1.64784
266772500,3773.01,2.92544,1.12205,0.578628,34.1289,14.633,1.14477,1.80709,3.97493,-0.0292791,5837.18,14,False,,,
294394558,6484.01,18.2458,6.75081,0.0784176,34.1258,4.747,0.808181,0.790355,4.55036,0.00900466,5057.0,12,False,-500.092,16.3912,0.370321
160222069,854.01,5.85087,0.983353,0.0603685,34.1115,4.563,0.973949,1.3061,4.1868,-0.333015,6013.25,21,False,-4089.0,10.8873,0.169295
465176038,3154.01,4.03336,0.498887,0.076381,34.1096,20.362,1.44026,1.62571,4.15992,0.00344833,6824.6,20,False,-247.741,6.99984,0.805747
271491157,2234.01,2.89203,1.30354,0.645677,34.1083,9.563,1.49736,2.46151,3.82637,-0.00873782,6219.59,26,False,,,
47667,6560.01,17.2051,7.01485,0.0390668,34.0917,7.737,1.2903,1.46045,4.20269,-0.0725104,6470.6,4,False,-79.9279,7.04371,1.42486
93093765,3115.01,2.79611,1.70213,0.0364344,34.0849,9.47,1.05695,1.05083,4.41524,-0.371594,6343.16,19,False,-917.94,7.08524,0.415769
277034534,5058.01,23.7124,14.5105,0.0863195,34.0808,11.454,1.14644,1.26953,4.27816,-0.0245709,6130.0,4,False,-1942.31,7.61507,0.280006
306204904,5310.01,11.2037,4.34075,0.0591659,34.0682,5.412,0.715476,0.698865,4.59304,0.0201662,4555.96,10,False,-960.381,7.53212,0.39948
315350812,4373.01,5.94225,4.11303,0.0475749,34.0565,6.506,1.53685,1.56749,4.23123,-0.0768956,7593.64,14,False,-37.1222,6.8398,2.12524
260417932,932.02,7.98565,1.01471,0.054378,34.0545,1.74,0.713574,0.704026,4.58872,0.134406,4501.85,83,False,-2071.04,9.23369,0.254302
215018906,5217.01,4.37198,2.48437,0.0873314,34.0514,15.0,1.44667,2.15432,3.92688,0.124424,6174.4,6,False,-520.441,4.97683,0.595083
433546897,3162.01,1.57553,0.609571,0.0512602,34.0439,13.77,1.24513,2.14675,3.86568,-0.315131,6226.56,34,False,-1604.08,6.5162,0.320516
32296259,6434.01,2.77787,2.58041,0.0406084,34.0069,5.428,0.580027,0.604997,4.63729,-0.0108673,3982.0,10,False,-743.534,6.53047,0.470241
141186075,4307.01,32.6967,24.4549,0.0889347,34.0019,1.308,1.02856,1.07533,4.37983,-0.25465,6125.86,31,False,-412.78,14.9453,0.438165
259165246,2831.01,2.69266,0.831206,0.0630359,33.9899,13.355,1.64111,1.87302,4.10294,-0.494438,8528.38,18,False,-40.8437,9.20055,1.84235
271596225,797.02,4.14001,2.11052,0.021024,33.9883,1.525,0.477876,0.491406,4.72974,-0.0569961,3611.53,231,False,-973.962,14.6118,0.289653
352682207,4010.03,1.34833,0.494676,0.0329299,33.9615,2.974,0.833632,0.807371,4.53618,0.2654,4947.02,98,False,-1202.39,16.8716,0.229882
159160230,5599.01,5.43684,2.33509,0.0880588,33.9543,7.094,1.34,1.78878,4.04973,0.0596733,6200.21,21,False,-834.842,9.18571,0.399988
16538820,5912.01,6.90426,2.37789,0.112273,33.9496,6.73,0.956766,0.946093,4.46577,0.0255342,5612.0,8,False,-339.636,5.83571,0.712969
419957314,6863.01,7.84068,1.69999,0.0664896,33.9309,7.64,0.98793,0.983508,4.44388,0.0267798,5703.0,15,False,-961.706,10.3716,0.354422
336126253,5193.01,18.9971,2.87537,0.0821212,33.9301,5.517,0.892959,0.865815,4.51396,0.0596622,5370.49,8,False,-19797.7,8.47845,0.084298
181422954,4818.01,2.60061,1.92286,0.055541,33.9299,13.674,1.34481,1.49972,4.20116,-0.0829509,6673.0,27,False,-760.525,7.55886,0.44624
269269546,4488.01,4.45419,4.38445,0.0427984,33.9159,13.914,0.953753,0.890812,4.51607,-0.210897,5844.65,38,False,-688.837,8.65335,0.449236
49079670,641.01,1.89305,0.00909978,0.027182,33.8727,3.2,0.999066,0.994432,4.43909,0.170819,5638.93,48,False,-1953.15,7.01353,0.283378
60189629,6435.01,6.11616,3.02317,0.0223122,33.8613,6.813,1.04045,1.09601,4.37181,0.0249839,5858.0,20,False,-1650.28,7.68784,0.300447
178155732,396.03,11.2305,1.30751,0.0751294,33.8387,2.008,1.13273,1.2558,4.28475,-0.187747,6309.65,11,False,-630.535,9.61429,0.450309
124778445,2503.01,1.67524,0.0321046,0.104713,33.8324,8.503,0.932724,0.902365,4.49257,0.01934,5528.69,28,False,-1715.03,7.84904,0.292573
399794420,4476.01,1.59475,0.130963,0.0382319,33.8229,15.479,0.930968,1.05459,4.35138,-0.354691,5977.19,110,False,-2751.78,8.49291,0.225112
146664561,4272.01,2.73094,2.70504,0.0504726,33.8216,14.815,1.24807,1.30574,4.30027,-0.0617761,6539.14,8,False,-1578.99,5.51019,0.332253
365938305,1262.01,20.8775,10.5596,0.0795523,33.8208,2.541,0.894979,0.874525,4.50452,0.0554482,5383.09,12,False,-96866.8,8.67659,0.0376474
468880077,438.01,5.81235,2.92782,0.0388777,33.8197,2.766,0.816117,0.79837,4.54709,0.013091,5128.73,22,False,-501.842,7.98325,0.538553
120255950,4584.01,31.5786,21.5233,0.0416535,33.8072,5.638,1.01747,0.997437,4.44228,0.159111,5675.2,8,False,-45300.8,8.71883,0.0549302
11927677,6477.01,3.68666,3.63542,0.0739023,33.8029,12.514,1.17863,1.31867,4.25499,-0.0397336,6206.0,7,False,-249.118,6.08279,0.821592
185598695,5249.01,4.62865,4.20694,0.0592064,33.7988,13.061,1.05146,1.01888,4.43995,0.0489992,5864.13,11,False,-89.0219,5.05448,1.43342
269341832,6098.01,2.72975,0.719341,0.0304295,33.7984,1.977,0.952416,0.940871,4.46882,0.0253604,5599.3,70,False,-959.087,8.29415,0.384206
152005053,3407.01,1.38479,0.866711,0.05676,33.784,7.42,0.951286,0.939514,4.46962,0.0253152,5596.0,35,False,-595.504,7.28463,0.506925
39174810,6887.01,6.52659,3.12037,0.168967,33.7446,8.511,1.17045,1.30619,4.26087,-0.035883,6186.7,8,False,-1011.31,7.50987,0.38485
150006846,5357.01,9.69948,3.16243,0.0762902,33.717,11.211,0.994615,0.953407,4.47437,-0.0837775,5841.15,4,False,-67.4794,8.91951,1.42412
168191686,2753.01,1.62826,0.523498,0.0417893,32.0509,16.356,1.19648,1.24395,4.32833,0.0037476,6351.41,11,False,-851.057,6.44551,0.409534
407127579,5064.01,3.51079,0.858952,0.0545437,32.0407,5.75,1.24798,1.46879,4.19154,0.205329,6089.4,44,False,-249.984,7.28992,0.732304
364267778,6813.01,2.35572,1.83197,0.0364194,32.0343,2.273,0.761385,0.746031,4.57142,0.000138948,4851.0,188,False,-551.832,10.977,0.418509
120960812,1237.01,12.7204,4.35586,0.0511381,32.0259,5.099,1.17669,1.2832,4.28324,-0.0404527,6273.89,14,False,-866.751,8.19957,0.377606
423670610,850.01,10.3436,8.74454,0.050515,31.998,8.945,1.04231,1.10026,4.36907,0.0248995,5863.5,3,False,-1745.89,7.13548,0.277464
336824844,3945.01,4.46384,0.424566,0.0299232,31.9869,10.371,1.09657,1.22939,4.28908,0.0977589,5922.4,28,False,-1164.99,8.88785,0.315669
194679333,5280.01,9.01662,3.16009,0.0547799,31.9808,12.492,1.5391,1.89871,4.05779,0.00184644,6957.31,12,False,-41477.5,10.2323,0.0497641
266500992,1655.01,3.27866,0.306904,0.0553446,31.9758,3.815,0.974519,1.03035,4.38897,0.220905,5525.19,19,False,-675.758,7.08329,0.446931
150428135,700.03,9.97727,6.03744,0.0442088,31.9642,1.033,0.397114,0.406067,4.81145,-0.253699,3514.92,83,False,-40.7292,3.99198,2.08192
459970307,1154.01,21.6959,19.3386,1.41373,31.9428,1.929,0.956149,0.922279,4.48817,0.00711858,5633.59,51,False,-68.8803,17.8043,0.803498
195192253,6906.01,3.47675,2.24967,0.046228,31.9346,12.548,0.847749,0.828472,4.53155,0.0157493,5225.91,6,False,-9037.82,7.19885,0.121265
162179096,3594.01,9.32364,5.78565,0.0399959,31.9136,14.332,1.03349,1.06659,4.38636,0.138504,5738.18,5,False,-1397.47,7.279,0.307333
401283491,3032.01,3.46919,3.23765,0.045431,31.8988,12.726,1.03336,1.05958,4.40092,-0.052418,5964.7,7,False,-3738.19,5.93311,0.197967
402848417,7146.01,28.4663,10.6027,0.132983,31.8942,9.313,1.0506,1.11919,4.35686,0.0245235,5888.0,4,False,-541.746,6.95856,0.500198
241442273,4626.01,17.4756,4.89057,0.0623679,31.8817,2.878,0.876397,0.837154,4.53342,0.0114991,5327.24,5,False,-3969.76,7.04771,0.18373
94012094,6581.01,4.91566,2.27493,0.0587911,31.8795,4.899,0.971834,0.964183,4.45518,0.0261365,5656.0,13,False,-458.373,7.65578,0.528429
354727907,5836.01,8.44918,7.85263,0.0308342,31.8608,25.377,0.558276,0.588183,4.64513,-0.0121106,3330.0,4,False,-1123.47,8.45502,0.325729
45048546,2924.01,7.35015,3.03274,0.0723323,31.8417,11.014,1.19938,1.32249,4.27202,-0.0792279,6426.65,9,False,-1508.6,6.70987,0.301751
158552665,5937.01,21.06969678686504,11.37945966758675,0.0677963872208958,31.8394,,0.893041,0.874073,4.50688,0.0211511,5403.0,6,False,-0.427637,23.8857,24.6677
364074068,1756.01,2.78301,0.161027,0.0372773,31.7671,1.957,0.548813,0.571276,4.65816,0.0516112,3760.26,183,False,-15.7254,14.7337,2.09103
270679144,5497.01,11.212,10.255,0.0494006,31.7648,12.623,1.19134,1.5738,4.1213,-0.0541458,6205.08,15,False,-7069.07,13.3287,0.102199
272211398,4909.01,11.6484,8.39491,0.113922,31.7639,15.6,0.978053,1.77705,3.92139,-1.27872,6677.55,4,False,-240.235,7.10212,0.744433
319259194,1220.01,70.3607,43.8729,0.0210427,31.7405,10.05,1.44271,2.02371,3.97448,-0.0733123,6540.12,10,False,-12.5997,8.89005,3.16288
302419660,5469.01,29.3309,24.3298,0.0701815,31.7363,13.066,1.59153,1.56984,4.24213,-0.172365,7998.77,5,False,-12805.7,7.73866,0.0988306
230386259,1785.01,11.0023,7.24351,0.11782,31.712,5.904,1.5954,2.75648,3.75608,-0.062386,6402.15,78,False,-36.2407,7.90358,1.8824
288434231,3903.01,14.8495,0.898478,0.0848586,31.6992,8.932,0.910096,0.894337,4.4878,0.148434,5345.78,8,False,-3985.68,7.74494,0.176867
36227841,4236.01,0.402138,0.01877,0.0158252,31.684,14.743,1.49542,2.26506,3.88975,-0.0706415,6460.78,255,False,-31.1807,6.89743,2.11904
216935214,902.01,18.2592,4.7818,0.0241268,31.6828,12.461,1.28684,2.28198,3.83381,-0.388178,6320.99,5,False,-6867.48,10.2064,0.120788
463343283,3062.01,4.86502,0.76357,0.0833389,31.6763,11.33,1.01141,1.08303,4.36386,-0.497224,6318.92,17,False,-24.6411,5.17822,2.56229
99834321,7005.01,8.14205,5.35847,0.0422905,31.6601,10.982,1.12907,1.24302,4.29066,-0.016391,6089.0,17,False,-569.343,9.27937,0.437895
256046749,5858.01,7.14749,0.572476,0.059706,31.6316,11.118,0.863373,0.844203,4.52304,0.0176127,5287.0,3,False,-1893.94,6.20405,0.27244
231702397,122.01,5.07803,3.80916,0.0235159,31.616,3.187,0.328403,0.347138,4.86298,-0.0114404,3338.45,25,False,-773.012,8.68727,0.384836
382463648,296.01,25.2579,1.39922,0.0663056,31.6002,9.16,0.893183,0.883992,4.49129,0.074647,5362.4,6,False,-28.3865,9.29422,2.00273
152467154,4859.01,7.18778,2.21061,0.0546982,31.5609,9.787,0.912347,0.883001,4.49977,0.235541,5270.34,8,False,-383.092,6.60849,0.595644
300710077,789.01,5.44706,3.79452,0.0302589,31.5599,1.209,0.357335,0.368227,4.85043,-0.211495,3440.96,170,False,-57.7141,17.2846,0.888082
154840461,1153.01,6.03608,2.00066,0.643695,31.5487,2.876,1.29187,1.70715,4.07444,-0.280401,6623.57,54,False,-482.105,8.99107,0.479772
112989868,6805.01,1.04048,0.614459,0.0180688,31.5382,8.547,0.73995,0.728619,4.57958,-0.00172648,4750.0,21,False,-412.762,5.97135,0.587867
454069765,4916.01,4.11966,1.15807,0.258957,31.5373,7.782,1.34314,1.60603,4.14423,0.279054,6189.74,23,False,-418.556,6.75937,0.565753
323407659,7337.01,4.26189,3.81561,0.112703,31.5274,7.258,1.39141,1.53329,4.19986,-0.0918749,6846.0,30,False,-116.181,8.63339,0.997351
172222885,5468.01,20.9233,1.2121,0.0503489,31.4964,13.424,1.19617,1.22603,4.34158,-0.0209064,6392.96,5,False,-635.165,9.88577,0.40025
219195044,714.02,10.1776,2.16633,0.0465377,31.4944,1.673,0.47861,0.490348,4.7323,-0.153611,3640.54,60,False,-21.2202,5.77492,2.69098
355418639,6354.01,18.7542,3.6172,0.0818738,31.4901,15.977,1.34702,1.50131,4.2011,-0.0833739,6681.2,3,False,-1322.42,7.48305,0.307899
87090944,1677.01,0.643583,0.167165,0.0152317,31.476,4.348,1.44819,1.31555,4.35956,-0.368317,8048.02,90,False,-932.534,8.24787,0.354875
231065398,2656.01,7.7891,1.80338,0.064525,31.4736,8.941,0.776512,0.793775,4.52281,-0.266903,5301.88,6,False,-36541.5,8.00313,0.0572168
315120585,2894.01,7.41797,0.772289,0.0427109,31.467,12.772,1.03401,1.00768,4.44301,-0.0946703,5974.88,4,False,-534.581,6.64607,0.501234
417676622,1290.01,5.39874,0.0466234,0.0701893,31.4513,2.426,1.09587,1.19148,4.31679,0.14362,5904.52,51,False,-2631.44,8.86946,0.20523
410314178,3269.01,4.13203,2.82172,0.026224,31.4487,10.183,1.07014,1.19249,4.30064,-0.00683639,5958.8,26,False,-647.422,8.5003,0.420972
459762279,5573.01,8.79756,0.185045,0.0473296,31.4486,9.72,0.56664,0.597611,4.63369,0.155767,3797.12,3,False,-3361.76,7.60028,0.19174
294768072,5062.01,6.22453,4.02011,0.113671,31.4448,8.149,1.24529,1.88248,3.98917,0.0551783,5990.77,17,False,-325.435,9.13237,0.578124
88485645,3821.01,2.59726,0.433486,0.0396689,31.4321,21.323,1.59289,1.87265,4.0842,0.00374871,7223.22,22,False,-464.221,6.44897,0.541538
360706000,3043.01,2.37255,2.32493,0.0323582,31.4257,17.097,1.48806,1.8105,4.08108,-0.150385,7102.81,34,False,-983.802,6.91666,0.364537
237406657,2791.01,3.74752,1.15116,0.100588,31.4235,16.424,1.44588,1.90962,4.02656,-0.00407647,6589.43,6,False,-362.887,6.87575,0.602156
73433128,2990.01,7.46592,7.24527,0.0474356,31.4055,13.213,1.3981,1.8288,4.05407,-0.00868807,6548.96,14,False,-520.467,5.71958,0.525713
314088020,6214.01,7.03462,0.365794,0.0523498,31.3941,14.206,1.49514,1.60803,4.19695,-0.111741,8294.0,12,False,-597.767,7.2922,0.460186
33831980,806.01,21.9167,20.7087,0.0681402,31.3867,2.458,0.589227,0.611564,4.63149,-0.209322,4012.03,35,False,-70.1931,4.40313,1.51878
348755728,1883.01,4.50637,0.81868,0.0373471,31.3643,6.128,0.488594,0.512193,4.70531,0.247858,3573.47,16,False,-12.8513,12.4249,2.59341
73540072,1853.01,1.24361,0.707484,0.0312403,31.336,3.518,0.818426,0.797485,4.54677,0.168981,4991.19,27,False,-1260.04,8.01331,0.306448
405122173,5932.01,3.09851,0.199156,0.0358096,31.3248,18.509,1.22811,1.38327,4.23008,-0.0554519,6323.0,9,False,-60.8304,4.16727,1.64461
467484304,3152.01,0.781507,0.141851,0.027353,31.3239,12.36,1.69826,1.19565,4.51017,-0.701014,10090.2,69,False,-567.706,7.08556,0.474926
154400369,5029.01,3.88616,1.43569,0.0524395,31.3174,13.272,0.831213,1.3667,4.06687,0.0693184,5069.51,12,False,-48.3174,6.72492,1.67606
146841337,2965.01,4.26729,0.943935,0.0571973,31.3101,14.113,1.396,1.51264,4.22024,-0.133309,7113.08,13,False,-1770.06,6.7419,0.272299
303426966,6497.01,2.14352,2.0857,0.0390125,31.2906,22.278,1.37579,1.52204,4.2003,-0.0888831,6788.0,13,False,-30.0039,4.45483,2.34071
42821097,548.01,3.89713,0.397537,0.0937044,31.2714,12.416,1.34454,1.42451,4.26063,-0.121008,6939.2,17,False,-496.529,9.13209,0.463959
134551640,3429.01,13.9311,11.7746,0.0726801,31.2483,14.788,1.34616,1.5259,4.19756,0.0300543,6657.15,4,False,-1002.48,8.23029,0.33915
372178596,6146.01,4.58027,1.04292,0.104673,31.2373,9.034,1.01068,1.02802,4.41567,0.0263345,5770.0,18,False,-62.214,5.7275,1.52715
276647494,3328.01,10.1924,8.47041,0.134725,31.22,5.945,0.98981,1.18805,4.27454,-0.152656,5897.19,11,False,-476.118,7.60673,0.505384
68443254,5419.01,4.80022,3.93181,0.0476186,31.2008,15.328,1.24225,1.39194,4.22622,-0.146985,6468.59,13,False,-537.662,6.9504,0.488303
153412485,4749.01,1.3779,0.976042,0.0387055,31.1979,13.718,1.05691,1.05444,4.41327,0.102572,5854.71,15,False,-463.602,6.16644,0.542949
240989628,3690.01,10.0756,3.75712,0.0223925,31.1889,7.963,0.755375,0.831333,4.46153,-0.0239157,4967.31,8,False,-4341.12,8.7254,0.158921
256783784,1432.01,6.12645,4.72236,1.03881,31.1341,2.124,0.93725,0.907451,4.49257,0.0258119,5549.53,17,False,-1267.03,9.84601,0.278941
55363630,6854.01,2.76635,2.46554,0.0291761,31.1244,9.264,1.26615,1.43059,4.21324,-0.0659049,6413.0,72,False,-371.349,9.62245,0.521369
212957629,2406.01,3.07668,0.826986,0.0205744,31.121,3.596,0.179233,0.204468,5.06491,0.0430475,3112.08,33,False,-12168.8,11.7619,0.0817877
287563610,840.01,3.7993,3.42812,0.0452097,31.0992,9.04,0.934741,0.91285,4.48814,-0.010715,5596.56,18,False,-3032.87,7.29203,0.201528
354832924,5763.01,6.95407,5.03101,0.0812964,31.099,12.685,1.06121,1.13866,4.34535,0.0206793,5917.0,8,False,-34.3252,6.83394,1.97333
154814765,5235.01,26.1442,13.7109,0.0348161,31.0964,5.719,0.998292,1.0344,4.40197,0.0813769,5720.51,9,False,-1101.41,8.33715,0.319893
141933255,6432.01,3.35579,2.29997,0.0276749,31.0936,14.871,1.07049,1.15296,4.33763,0.0154014,5941.0,8,False,-2775.67,6.58016,0.216915
343330330,3943.01,5.5613,3.40012,0.123674,31.0915,8.961,1.44161,1.84585,4.05085,0.142338,6421.65,47,False,-23.7484,6.83688,2.39133
14029793,4981.01,0.20972,0.0336485,0.00850573,31.0893,5.481,1.07578,1.07423,4.40792,-0.0069588,6022.73,436,False,-1810.92,7.03252,0.263602
157213708,3101.01,4.04679,2.42871,0.0812728,31.0889,14.109,1.19282,1.63611,4.08857,0.00125002,6100.51,12,False,-479.916,6.92738,0.51506
453452264,2971.01,4.84055,1.55463,0.0386222,31.0722,9.936,1.01426,1.04756,4.39963,-0.0325222,5880.09,20,False,-935.056,6.67898,0.372171
114018671,1011.01,2.47051,0.791612,0.0553814,31.0699,1.451,0.912424,0.895798,4.48562,0.000368015,5476.19,40,False,-638.974,7.89065,0.428017
191671884,2908.01,5.46301,0.899005,0.0845605,31.0413,8.4,1.24533,1.07495,4.46089,-0.910274,7781.84,9,False,-1963.14,7.88945,0.243641
346859243,5835.01,6.42253,2.79053,0.0617014,31.0386,12.512,0.790008,0.773142,4.55854,0.00556166,4977.0,3,False,-373.456,7.46979,0.569863
14709225,2870.01,5.76559,4.78767,0.0311919,31.0292,17.871,1.24724,1.65816,4.08627,0.00374496,6160.08,6,False,-1261.01,6.32209,0.324514
283471501,5809.01,9.21032,7.06825,0.0497498,31.0282,2.172,0.607743,0.626422,4.62728,-0.00928315,4115.1,14,False,-580451000.0,8.34823,0.000438669
90127880,2914.01,3.05163,1.04022,0.0937768,31.0202,12.531,1.48464,1.56041,4.20978,-0.538599,8196.2,35,False,-632.331,7.53512,0.435943
52689469,2502.01,3.14143,0.297619,0.0898925,31.0198,13.045,1.39217,1.62939,4.14525,-0.0620556,6754.38,23,False,-467.693,6.29302,0.53398
311086350,6844.01,3.80658,0.320587,0.0616246,31.0033,8.884,0.565659,0.593891,4.64247,-0.0116886,3913.0,18,False,-1301.52,7.64594,0.301966
371470493,5372.01,11.6271,1.99961,0.0428901,30.9992,12.09,1.10336,1.57558,4.07969,0.152964,5748.65,12,False,-585.468,8.0384,0.442994
463754499,4874.01,2.28668,1.29343,0.0568336,30.9894,14.073,2.29056,1.81722,4.27193,-0.280121,10892.1,36,False,-343.164,7.43527,0.594239
19025965,493.01,5.94444,1.67357,0.0428944,30.9605,3.767,0.657846,0.679921,4.58813,0.0361058,4290.1,25,False,-2668.78,10.9055,0.180985
383531543,3863.01,10.9542,10.1161,0.087333,30.9283,9.06,0.95668,0.929335,4.47676,0.112215,5519.8,3,False,-724.755,6.69857,0.420028
7562528,6452.01,5.2468,0.131317,0.0640016,30.9152,9.641,0.968752,0.960483,4.45735,0.0260133,5647.0,6,False,-768.641,6.91049,0.404042
354517490,2678.01,3.45282,2.23874,0.030618,30.8965,12.996,0.954498,0.9122,4.49682,0.0721714,5554.41,6,False,-2775.35,6.099,0.219441
313975346,6127.01,6.9191,4.25764,0.094642,30.8629,10.225,1.06314,1.14164,4.34374,0.0195797,5922.0,10,False,-48.5911,6.85195,1.63168
19117967,4803.01,8.45168,7.11883,0.080373,30.8502,8.466,1.19388,1.42702,4.19686,0.208571,5955.57,11,False,-5348.94,8.27395,0.14388
332660150,938.01,8.80725,6.96264,0.0831481,30.8291,5.09,1.01204,0.976517,4.46085,-0.0188817,5821.8,6,False,-1161.24,6.21573,0.336907
232976128,1249.01,13.0791,11.0242,0.0580299,30.8084,3.281,0.97418,0.950697,4.46618,0.257634,5477.37,15,False,-5358.28,9.06222,0.138469
167342439,707.01,52.7993,20.2182,0.122873,30.8017,2.521,0.971577,0.947362,4.46681,0.219797,5487.6,17,False,-1325.92,14.3005,0.211354
355138852,6773.01,3.27173,2.78016,0.0710515,30.7965,9.436,0.975944,0.969117,4.4523,0.0263007,5668.0,6,False,-1105.8,5.9538,0.348482
101643582,3882.01,2.07132,1.27706,0.0317992,30.7902,6.553,1.15032,1.33192,4.23712,0.0761162,6020.91,32,False,-186.378,9.53199,0.729272
466222485,4278.01,1.75199,0.725801,0.0338711,30.7836,9.849,0.990136,1.23736,4.24134,0.0317675,5733.22,25,False,-324.224,9.60185,0.549857
310294189,3498.01,4.87689,1.28897,0.0842722,30.7821,5.429,0.715691,0.7084,4.58378,0.011143,4602.81,20,False,-898.783,7.55181,0.361525
148479278,520.01,0.523617,0.388465,0.0771854,30.764,1.653,1.39399,1.4465,4.25363,-0.280262,7336.74,315,False,-321.543,8.93699,0.568978
306996324,776.01,15.6654,1.40307,0.0601478,30.75,2.075,0.518384,0.536349,4.69135,-0.0763492,3723.51,7,False,-2528.62,8.47778,0.206494
302212110,6548.01,8.54773,7.24206,0.0715929,30.7065,9.933,1.33027,1.48924,4.20157,-0.0801654,6619.0,15,False,-30.5835,7.58481,1.99673
395142888,1362.01,1.91738,0.139337,0.0342175,30.6968,14.914,4.11498,4.81895,3.67461,-0.00600792,12677.6,48,False,-2077.8,9.18354,0.220055
56457123,5368.01,3.63179,1.58028,0.0969262,30.6965,12.359,1.64022,1.65945,4.20508,-0.0164009,7811.03,12,False,-2540.85,8.77472,0.202755
63211674,4472.01,8.60039,6.05393,0.173301,30.6865,12.915,1.39411,2.03333,3.95357,-0.0976899,6361.76,24,False,-20.3213,5.29515,2.71827
441739020,1670.03,123.04,16.5484,0.119417,8.96647,4.447,1.19173,1.27442,4.29528,-0.0210507,6287.85,9,False,-0.098527,9.42423,0.550822
366846982,5946.01,5.75488,4.55186,0.139573,30.6822,9.016,1.3634,1.51311,4.20064,-0.0865102,6742.0,18,False,-80.7868,6.68223,1.25743
219776325,1610.01,2.5288,1.99736,0.0267879,30.6528,2.29,1.07249,1.07908,4.39932,0.162672,5853.91,363,False,-378.87,10.0226,0.495217
267536225,2904.01,7.501,3.39717,0.086402,30.6372,7.119,1.08828,1.16777,4.32964,0.0623768,5939.5,17,False,-127.135,8.84463,0.907016
25472026,7174.01,4.24195,1.44754,0.0508172,30.6332,11.589,1.18583,1.32966,4.2498,-0.0431252,6223.0,5,False,-410.305,5.52104,0.579146
218483943,4395.01,3.75899,1.99285,0.0616901,30.6135,8.784,2.39523,3.01519,3.85702,-0.00718756,9191.8,24,False,-27.5164,3.06753,2.5138
198390247,1453.02,4.31353,2.12126,0.0387016,30.612,1.301,0.754112,0.72175,4.59427,-0.0549435,4825.52,199,False,,,
425997655,174.05,7.90762,5.53381,0.0554978,28.8485,1.141,0.716533,0.713055,4.58188,-0.0694825,4705.63,48,False,-913.729,11.9397,0.26098
126982911,6839.01,2.99447,2.50006,0.0649271,30.5675,6.36,1.00594,1.0172,4.42264,0.0265494,5756.0,20,False,-1017.96,7.48416,0.33751
425997655,174.03,12.1623,10.4386,0.0577155,30.3098,1.312,0.716533,0.713055,4.58188,-0.0694825,4705.63,27,False,-1078.12,11.9397,0.26098
241196395,1784.01,2.09377,1.39218,0.304531,30.5348,4.084,1.153,1.21841,4.32181,-0.177375,6389.18,22,False,-316.062,9.56373,0.551412
354937825,4821.01,5.46936,1.47762,0.0480724,30.5331,12.894,1.39574,1.48765,4.22935,0.172299,6607.97,18,False,-1336.32,8.46808,0.281514
300710077,789.03,8.04323,4.67155,0.0382397,30.5234,1.252,0.357335,0.368227,4.85043,-0.211495,3440.96,112,False,-49.8298,17.2846,0.888082
441739020,1670.02,10.9837,5.61482,0.0553033,27.9888,2.519,1.19173,1.27442,4.29528,-0.0210507,6287.85,82,False,-248.589,9.42423,0.550822
224596152,1734.01,28.8745,5.50574,0.0860282,30.4998,2.551,1.01079,0.977557,4.45916,0.123231,5683.02,35,False,-9.04822,10.5531,3.31571
118914286,6099.01,5.28872,0.353297,0.0474148,30.4797,1.946,0.710797,0.706083,4.5901,-0.00339278,4610.0,21,False,-36.0909,9.42067,1.6686
464646604,4399.01,7.75152,3.3315,0.427011,30.4753,3.791,1.05393,1.07348,4.39071,-0.072007,5993.91,12,False,-50.1512,11.0384,1.29956
130924120,757.01,17.4682,0.594873,0.0795468,30.4384,2.61,0.83256,0.785311,4.56608,-0.0656867,5209.38,4,False,-2494.33,7.01918,0.218617
49428710,5174.01,12.2193,0.766949,0.0924127,30.417,4.836,1.03315,1.04774,4.40269,0.260473,5645.09,6,False,-2231.79,6.97563,0.231349
444394183,2962.01,4.02118,3.71564,0.0871575,30.403,19.106,1.69189,1.92826,4.09025,0.00927005,7672.73,12,False,-3933.21,10.1312,0.150673
317328621,4709.01,6.24041,2.63734,0.0508483,30.392,13.914,1.07664,1.16244,4.33252,0.0119048,5956.9,4,False,-373.218,6.43974,0.57932
202426247,1860.01,1.0739,0.723373,0.194455,30.3846,1.135,0.934065,0.908383,4.48648,-0.0924009,5650.68,267,False,-11030.8,10.1687,0.0897057
27230283,5939.01,6.13049,5.20402,0.126973,30.3586,9.959,1.12441,1.23591,4.29401,-0.0141964,6078.0,20,False,-26.858,5.36419,2.31006
272366748,5824.01,3.85559,2.20823,0.0611826,30.3578,14.645,1.00087,1.00561,4.43012,0.0267796,5741.0,41,False,-519.152,8.40461,0.449886
200606486,6209.01,0.747687,0.246324,0.0149018,30.3335,5.43,0.755567,0.740691,4.57395,-0.000833817,4825.0,115,False,-1092.42,8.57033,0.307151
311441461,3739.01,3.44741,3.27016,0.0715646,30.3287,16.084,1.24404,1.51045,4.16793,-0.0590205,6399.18,7,False,-242.93,4.7193,0.768707
395926728,3483.01,1.44668,0.0438661,0.0311067,30.3269,11.803,1.1526,1.58217,4.09574,-0.150894,6163.44,49,False,-177.99,7.07251,0.816505
270494650,7357.01,60.3539,22.1203,0.125179,30.3128,5.257,0.972519,0.965006,4.4547,0.0261638,5658.0,6,False,-311.753,12.8561,0.462184
52204645,209.01,4.37943,0.575713,0.0316757,30.3024,2.486,0.739117,0.73039,4.57971,-0.115363,4892.71,43,False,-1800.85,8.19184,0.242953
416486384,6173.01,3.87538,0.647512,0.0852948,30.1986,5.392,0.716419,0.710429,4.58807,-0.00307142,4637.0,27,False,-24.441,5.72013,2.37717
466382581,5803.01,5.38295,0.217663,0.027232,30.1984,3.787,0.825673,0.806923,4.54249,0.0123185,5134.0,9,False,-1919.67,6.82424,0.248753
224245334,333.01,3.78523,1.43682,0.0607237,30.1889,4.484,1.11825,1.11738,4.38805,0.00893636,6104.9,24,False,-60.4478,9.88671,1.23344
426319499,3772.01,4.16897,0.917448,0.0405678,30.1679,7.66,0.877263,0.838969,4.5347,0.183893,5192.84,9,False,-1076.48,7.25063,0.32583
127895118,4231.01,3.29703,2.14289,0.0459665,30.1574,13.786,1.79234,1.4661,4.35288,-0.265974,9220.2,14,False,-530.631,10.4438,0.399581
112604564,1922.01,4.5771,4.27291,0.160184,30.1495,11.727,1.34329,1.52759,4.18755,-0.0725994,6712.07,16,False,-132.069,2.84538,1.11472
164767175,266.01,10.751,7.15041,0.0681615,30.136,2.481,0.953664,0.934109,4.46929,-0.0309159,5645.14,8,False,-4444.46,14.1936,0.111467
110178537,7056.01,2.99266,1.5471,0.0400192,30.1347,20.694,1.23656,1.39379,4.22634,-0.0577748,6343.0,5,False,-994.755,6.3547,0.351737
441590110,5187.01,17.8597,12.422,0.096768,30.1136,6.789,1.19634,1.27384,4.30591,0.149271,6205.25,9,False,-99.904,10.2532,0.934032
224293782,5603.01,0.573618,0.536785,0.0182813,30.0684,7.668,1.44413,2.20094,3.9044,-0.25861,6640.81,222,False,-388.515,8.41798,0.513185
314835525,2049.01,5.30332,4.15113,0.0841552,30.035,14.7,1.74458,3.03218,3.70568,0.0452735,6459.68,22,False,-25.0257,3.48164,2.54682
269838674,5413.01,12.6121,10.2868,0.0790446,30.0071,5.655,1.09735,1.20452,4.31032,0.122657,5929.52,8,False,-5087.92,9.14989,0.136293
58798731,5303.01,9.80956,4.69245e-08,0.0389883,29.9849,13.873,1.1747,1.28847,4.28097,-0.314671,6633.51,10,False,-1006.69,8.12653,0.321387
441738827,2084.01,6.07841,2.42676,0.0462196,29.9468,2.53,0.467508,0.479527,4.73941,-0.0527354,3578.08,117,False,-155.14,18.2818,0.439004
417931607,1451.01,16.538,10.9534,0.0616362,29.9391,2.701,0.99929,0.992131,4.44228,0.0205694,5768.97,11,False,-3314.48,9.88119,0.162412
276381737,5277.01,15.9929,3.80676,0.0779102,29.9339,13.053,1.29213,1.37798,4.26149,-0.0957759,6645.47,9,False,-517.211,8.31023,0.443967
357801293,3015.01,4.27449,4.25348,0.11835,29.9056,11.334,1.28969,1.67364,4.08577,-0.00619875,6216.74,24,False,-387.826,7.65563,0.527867
188539008,7135.01,10.6185,7.57766,0.0327432,29.8887,13.782,1.06465,1.14397,4.34248,0.0187221,5925.9,4,False,-5782.09,10.1695,0.120871
150476057,5764.01,5.08597,0.427936,0.0376181,29.8874,16.658,1.29903,1.46673,4.20245,-0.0741817,6503.0,5,False,-271.704,7.92184,0.623208
388130237,5151.01,92.2872,30.2044,0.191423,29.8765,18.421,1.01515,0.97171,4.46351,0.115607,5682.4,3,False,-1223.0,16.351,0.180394
34737413,2998.01,1.5297,0.161563,0.0552122,29.8761,10.927,1.44053,1.95469,3.99803,-0.00923955,6445.98,56,False,-400.467,6.8175,0.538308
366989877,1054.01,15.5077,11.0405,0.10123,29.8666,3.082,1.09126,1.14995,4.34739,-0.124672,6162.52,5,False,-2624.51,8.44992,0.194898
412887082,6309.01,28.8006,23.4952,0.0846003,29.8414,14.545,1.11301,1.21851,4.30226,-0.00878888,6051.0,3,False,-307.606,6.17211,0.630903
355867695,1260.02,7.49316,2.7593,0.0369535,29.8408,2.769,0.637486,0.656578,4.60605,0.0197477,4159.26,22,False,-130.123,12.4317,0.716106
445837596,3896.01,4.3773,3.68622,0.0484275,29.8355,3.264,0.795897,0.761747,4.57391,-0.0138468,5010.14,31,False,-5120.29,11.839,0.117227
133129971,3103.01,4.34382,1.22498,0.0599604,29.8327,14.603,1.17324,1.29544,4.27519,-0.111277,6345.06,12,False,,,
355509914,202.01,1.73867,0.803663,0.022029,29.8204,9.677,0.775691,0.759184,4.56402,0.24457,4752.38,101,False,-4259.24,11.5337,0.13061
311565540,3316.01,4.06788,2.28048,0.043114,29.7715,12.792,1.01166,0.981447,4.45387,-0.0179347,5810.72,6,False,-867.305,6.68101,0.365827
29505837,2931.01,8.66816,7.31367,0.12359,29.7356,11.506,1.74788,1.51373,4.32059,-0.00854049,8447.13,6,False,-7995.3,7.41376,0.116349
11936042,2807.01,3.99191,3.40499,0.058975,29.7046,2.525,1.07373,1.06626,4.40888,0.290182,5743.9,27,False,-2648.56,7.98913,0.196717
71431780,1723.01,13.727,10.1871,0.0862913,29.6835,3.296,1.02956,1.04108,4.40794,0.081803,5780.46,8,False,-5630.68,7.77016,0.136115
166220082,3284.01,0.810207,0.193214,0.0181428,29.6696,6.967,1.38772,1.8454,4.03098,-0.0295693,6376.3,100,False,-774.316,7.91828,0.364766
379240073,1079.01,3.16441,2.44654,0.0311021,29.6626,13.39,1.3422,1.45694,4.23492,0.04996,6629.46,28,False,-334.744,8.70708,0.535322
373894336,6296.01,4.2239,3.03935,0.0903828,29.6085,16.498,1.35101,1.50419,4.20099,-0.0841374,6696.0,5,False,-258.501,6.3776,0.67584
354489554,5909.01,4.77472,1.8211,0.0747152,29.6019,11.996,1.20528,1.35488,4.24019,-0.0491802,6269.0,6,False,-78.5623,4.82479,1.31674
180695581,1807.01,0.549372,0.275101,0.0183427,29.5936,1.49,0.696852,0.696614,4.58856,-0.122899,4627.12,133,False,-592.356,7.30752,0.427461
119089245,3337.01,1.24365,0.145759,0.0280508,29.5878,11.251,1.01066,1.13952,4.32366,-0.421488,6270.48,35,False,-2504.92,7.62806,0.204559
360714300,3359.01,15.812,15.0476,0.0813701,29.5875,2.734,1.0347,0.995298,4.45786,0.16246,5737.89,13,False,-3753.18,7.77783,0.165948
321041369,1681.01,1.53793,0.437084,0.01895,29.5874,3.372,0.909693,0.89927,4.48485,-0.138438,5644.73,47,False,-1252.64,7.60676,0.289668
22069559,4501.01,2.03491,0.0153768,0.0560766,29.569,4.601,2.28552,2.80113,3.89415,0.118678,8648.07,71,False,-466.756,11.2725,0.395515
141275395,3878.01,0.837743,0.26634,0.0213738,29.5667,7.063,1.18968,1.50796,4.14507,-0.161041,6296.75,50,False,-401.256,6.61642,0.53525
235678745,2095.02,28.1723,20.9328,0.0684486,29.5654,1.489,0.438439,0.443735,4.77945,-0.455448,3696.15,34,False,-7.26221,8.64486,3.9395
341815197,2089.01,49.9949,7.03534,0.107859,29.5506,3.292,0.818382,0.788117,4.5586,-0.00847028,5129.14,17,False,-3254.88,10.5516,0.155241
62740096,5500.01,1.75283,0.697772,0.0187356,29.5432,11.325,0.95697,0.90659,4.50308,0.0819663,5542.7,11,False,-2140.48,6.13665,0.235886
235678745,2095.01,17.6649,9.44118,0.0543321,29.5307,1.414,0.438439,0.443735,4.77945,-0.455448,3696.15,49,False,-7.24123,8.64486,3.9395
383299778,3302.01,1.55702,0.920622,0.0248805,29.5044,9.365,0.992911,1.25345,4.23198,-0.122088,5884.26,46,False,-466.933,6.53658,0.4964
287934343,5832.01,5.13444,2.78307,0.0724951,29.4968,17.598,1.21881,1.3717,4.2342,-0.0528968,6301.0,3,False,-1402.34,5.87318,0.294208
95361530,5147.01,3.91806,3.79902,0.0204491,29.4833,6.516,0.854646,0.828966,4.52752,0.205268,5084.11,23,False,-1048.69,7.35283,0.318793
31786438,3289.01,1.42599,0.920709,0.0267125,29.4313,11.21,1.18687,1.34657,4.24278,-0.163675,6414.45,44,False,-1668.03,9.36173,0.229149
323022088,5048.01,1.35806,0.926602,0.0316521,29.4091,13.844,1.1114,1.29022,4.25197,-0.229079,6284.95,13,False,-200.745,6.33681,0.762412
68035559,2484.01,8.28651,6.59526,0.622816,29.4072,5.944,0.936309,0.886543,4.51257,0.0691011,5482.63,8,False,-246.815,13.8831,0.462273
159107668,1241.01,4.78029,1.71792,0.0293169,29.3975,9.668,1.44219,2.14395,3.92088,0.177558,6050.43,42,False,-23.1002,6.614,2.27928
179442778,6702.01,2.18747,0.237288,0.0786296,29.3832,2.136,0.678313,0.680973,4.60182,-0.00524951,4454.0,263,False,-154.329,11.4277,0.677533
396133015,3577.01,5.26678,1.34291,0.0597214,29.3793,8.897,1.19259,1.50679,4.15388,-0.184915,6416.85,14,False,-327.841,7.17843,0.573107
206897186,2797.01,4.23828,0.421261,0.0683544,29.3557,13.446,1.11529,1.08296,4.41595,0.0547479,6049.66,5,False,-355.582,6.82402,0.558379
6853696,5437.01,3.42108,2.61966,0.0791665,29.3367,17.338,1.28728,1.44612,4.21092,0.0894694,6305.96,6,False,-725.488,6.02368,0.403932
152569268,6281.01,1.05425,0.123635,0.0238684,29.3301,1.605,0.617114,0.633665,4.6239,-0.00874755,4160.1,107,False,-3778.26,8.47593,0.15815
233951353,1441.01,22.093,12.047,0.121788,29.3274,2.925,1.04751,1.20279,4.29032,-0.0092247,5921.52,17,False,-75115.8,8.93788,0.0346679
159781361,2019.01,15.3468,4.75981,0.140922,29.3268,5.506,1.28984,1.63039,4.1049,0.307606,5887.61,4,False,-326.355,8.7327,0.532845
106402532,733.01,4.88479,1.44749,0.052651,29.3188,2.085,0.958178,0.925051,4.48556,-0.00852827,5652.69,20,False,-2184.21,8.11681,0.211517
271439193,3963.01,6.23281,2.76786,0.0477804,29.298,8.26,1.24589,1.37074,4.25038,-0.180299,6631.08,30,False,-44.6163,8.82654,1.45364
429218084,3633.01,2.52664,1.11236,0.0349015,29.2912,20.362,2.0972,3.66369,3.6268,0.0125932,7421.25,89,False,-16.6979,5.92862,2.77709
92226327,256.02,3.77793,3.34992,0.0250773,29.2786,1.437,0.189226,0.214077,5.04955,-0.00310067,3143.09,11,False,-3932.09,7.78687,0.159763
429791387,4392.01,3.96937,2.74743,0.0465904,29.2626,7.951,1.64301,2.33704,3.90566,0.000160426,6860.87,20,False,-26.9186,2.95899,2.42819
78489364,4732.01,1.89068,0.595187,0.0195033,29.2559,12.742,0.9576,0.96129,4.45075,-0.0165986,5683.39,12,False,-416.687,6.14635,0.528846
176789447,6226.01,3.88299,3.25223,0.0373688,29.2267,14.693,1.12695,1.23979,4.29218,-0.0153935,6084.0,5,False,-264.402,5.79028,0.674118
157127081,4767.01,2.74,1.00033,0.416296,29.2166,18.347,1.1545,1.74924,4.00484,-0.137921,6058.92,26,False,-791.648,7.93613,0.352932
394357918,4184.01,4.90197,1.48088,0.0258665,29.2031,2.766,0.219122,0.243988,5.00018,-0.0127018,3209.32,47,False,-458.536,10.4104,0.409881
230387153,2086.01,41.754,3.52705,0.0974272,29.1872,3.037,0.914758,0.884158,4.49815,0.156172,5327.69,26,False,-30.1604,5.59659,2.05208
442050698,4266.01,0.811861,0.548328,0.0212006,29.1771,13.125,1.19575,1.32336,4.27163,-0.122936,6478.57,98,False,-15.4584,4.2563,3.08762
232650365,1746.01,2.52533,1.4241,0.019009,29.1623,1.598,0.379507,0.401065,4.80928,0.046012,3395.23,248,False,-315.913,13.2971,0.417257
167303382,802.01,3.6939,2.08661,0.0385987,29.1518,0.691,0.79508,0.753316,4.58053,-0.162179,5150.71,248,False,-29.5555,14.9986,1.24423
287256467,2141.01,18.2616,8.85814,0.0740369,29.1506,3.072,0.955622,0.925143,4.48623,0.0328458,5614.71,6,False,-367.283,10.0473,0.465777
410552165,3653.01,4.60173,3.94808,0.0306458,29.1316,15.164,1.05091,1.08034,4.38966,-0.170922,6124.68,10,False,-448.515,7.43244,0.478552
384386062,5004.01,5.7626,3.57355,0.0670619,29.1284,9.526,0.910078,0.912278,4.47329,-0.0973367,5614.16,8,False,-772.207,6.68167,0.376943
13961554,3603.01,1.2678,0.577782,0.0147048,29.1179,8.668,0.852998,0.850271,4.50493,-0.0886023,5388.62,37,False,-1500.85,7.45036,0.260828
261646133,6724.01,42.8614,35.1287,0.160521,29.1157,3.707,0.988067,0.983672,4.44378,0.0267852,5703.4,5,False,-20.8024,7.0181,2.3365
238586172,4619.01,3.47305,2.06376,0.0819856,29.1154,16.614,1.58811,1.45247,4.30321,-0.285867,8305.7,19,False,-1235.81,6.80027,0.296075
253917292,6721.01,4.60813,1.84685,0.0638012,29.1057,17.862,0.984505,0.979396,4.44628,0.0266429,5693.0,3,False,-3482.32,6.32358,0.179967
411796826,3167.01,3.09534,1.60163,0.0497812,29.0901,19.307,1.28751,1.40753,4.23459,-0.0177709,6464.39,9,False,-798.454,6.6894,0.36992
312543349,6888.01,19.9255,6.11107,0.188831,29.0784,7.428,1.18159,1.3232,4.25285,-0.0411301,6213.0,6,False,-2122.62,15.1171,0.14129
87216634,5789.01,12.9289,6.31055,0.0734377,29.0758,1.891,0.825218,0.806493,4.5427,0.0122325,5132.0,4,False,-71294.1,7.20685,0.038167
354173595,5974.01,1.7267,0.206353,0.0201593,29.0427,2.448,0.558276,0.588183,4.64513,-0.0121106,3487.0,64,False,-1037.05,8.62311,0.295797
358460246,867.01,15.4044,0.866466,0.0832962,29.035,2.152,1.09213,1.10068,4.38655,0.0295621,5997.66,61,False,-23.7525,5.75056,2.29547
312345863,3671.01,1.72662,0.0661856,0.0254554,29.017,17.61,1.06908,1.30045,4.22753,-0.180159,6090.09,24,False,-867.335,8.6099,0.323308
165530380,2262.01,1.49374,0.655583,0.0442166,29.0138,1.834,1.24609,1.26041,4.32735,0.0458743,6398.43,569,False,-259.461,8.83201,0.58604
215595454,5211.01,2.09592,0.38956,0.0640597,29.0124,20.795,1.39243,1.43127,4.25978,-0.0514409,6865.56,22,False,-331.701,5.80985,0.595451
231297123,2405.01,1.97926,1.42561,0.028084,28.9862,3.297,0.618956,0.658471,4.59727,0.106549,4098.46,46,False,-1307.5,10.1584,0.242849
332564140,5400.01,19.8067,6.51841,0.0868538,28.983,4.521,0.95511,0.93095,4.47834,0.0222308,5620.94,6,False,-382.181,8.91959,0.479511
30853990,6957.01,160.676,51.7345,0.192372,28.9818,3.095,0.889639,0.870648,4.50873,0.0207454,5389.7,6,False,-300.262,21.961,0.189427
7681574,5279.01,16.0105,12.8628,0.0468273,28.964,9.733,0.996887,0.987844,4.44579,0.0464093,5737.8,5,False,-1120.93,8.66563,0.282804
396378209,5936.01,0.378049,0.205932,0.0155935,28.9509,6.333,0.813406,0.795304,4.54801,0.00999452,5080.0,63,False,-2694.99,5.58268,0.209856
174599051,970.01,4.98578,4.49977,0.0936582,28.943,2.832,0.850273,0.948816,4.40108,0.0585665,5295.58,25,False,-1117.02,7.28285,0.302306
115270627,4070.01,3.15048,1.82963,0.0239662,28.9225,8.683,0.871598,0.84884,4.51547,0.135417,5206.85,26,False,-50189.1,7.46708,0.0446296
30037565,1209.01,40.7199,11.7818,0.0890201,28.9221,2.818,1.29456,1.29422,4.31612,0.0636015,6460.46,26,False,-1.90774,12.7464,7.20349
138364831,4577.01,1.62551,0.451459,0.0448464,28.8967,10.573,1.05603,1.00456,4.46044,0.0570079,5901.75,130,False,-18.8413,6.91979,2.44919
375419034,5259.01,3.03248,2.45107,0.0442425,28.883,13.845,1.11756,1.06588,4.43332,0.0300958,6102.91,7,False,-1097.8,6.24372,0.318731
290504044,3464.01,3.65128,3.62524,0.042797,28.868,12.582,1.39094,1.43251,4.25666,-0.125537,6994.4,6,False,-1261.41,6.11063,0.298857
385157401,6467.01,11.9964,0.947556,0.108241,28.8629,10.851,1.22303,1.37696,4.23233,-0.0540582,6311.0,5,False,-153.952,8.19676,0.780781
27649847,521.01,1.54285,1.07262,0.0240323,28.8626,2.167,0.408973,0.42447,4.78805,-0.00693328,3457.1,98,False,-22331.2,9.97592,0.0588986
388106759,810.01,28.3057,6.94701,0.10127,28.8238,2.669,1.03278,1.24948,4.25055,-0.125011,5978.09,39,False,-21.2719,5.01056,2.48833
354442783,3712.01,1.52247,0.805014,0.0223072,28.8028,7.794,0.714656,0.732201,4.56294,-0.312952,5051.35,26,False,-1715.3,6.6797,0.249087
367630162,2104.01,3.27231,0.290169,0.0412205,28.7544,1.547,0.751507,0.724532,4.58923,-0.0658217,4838.49,65,False,-299.316,9.25457,0.526957
469821652,3263.01,5.61558,4.22176,0.0899748,28.7214,8.349,1.19244,1.40205,4.21193,-0.0154608,6216.51,15,False,-110.48,7.76459,0.936543
243476396,4967.01,0.598391,0.391914,0.022631,28.7015,12.854,1.09188,1.48126,4.12894,-0.168747,6099.82,41,False,-382.604,5.4646,0.555048
261135533,6255.01,0.238183,0.0511992,0.00800047,28.6923,2.045,0.558276,0.588183,4.64513,-0.0121106,3423.0,297,False,-283.037,15.2438,0.373796
258917846,4557.01,32.2919,5.61375,0.157057,28.6864,5.198,1.09832,1.19586,4.31448,-0.000432232,6013.0,4,False,-3665.62,7.23191,0.165185
280857321,3231.01,2.17383,1.68032,0.0431174,28.676,21.312,1.44863,3.06575,3.61974,-1.40106,7739.1,24,False,-116.251,10.0895,0.809451
237211410,2282.01,12.5521,8.11102,0.138623,26.7532,3.234,1.39209,1.88146,4.01849,-0.217906,6671.31,74,False,-5.12379,7.28145,4.49891
91324328,6739.01,4.65921,2.42216,0.0279686,26.7439,9.55,0.743698,0.731516,4.57823,-0.00151224,4768.0,4,False,-896.076,6.51779,0.315248
160440924,1814.01,6.36849,1.71439,0.1313,26.723,5.157,1.12936,2.20935,3.78945,0.185726,5051.55,54,False,-22.1767,3.65851,2.3576
124573851,669.01,3.94514,1.43949,0.0599125,26.7173,2.749,0.975341,0.952026,4.46667,0.125199,5586.06,23,False,-259.475,9.71952,0.493569
229111835,302.01,6.69772,2.55412,0.0363766,26.7114,6.725,0.674037,0.682521,4.59375,0.259663,4206.92,6,False,-20.504,16.1206,1.12843
359271092,741.01,7.57685,7.5463,0.0451348,26.7049,0.911,0.479175,0.491275,4.73456,-0.456318,3802.07,23,False,-3277.27,9.59272,0.139345
89256802,457.01,1.17598,0.645022,0.0141709,26.693,6.361,0.448634,0.470764,4.73919,0.240943,3479.4,36,False,-22.8205,10.1912,1.66149
238124845,6488.01,8.08505,5.78417,0.0624301,26.6735,3.729,0.938958,0.924713,4.47828,0.0248225,5560.0,26,False,-474.725,8.8646,0.381717
9707944,6896.01,19.7358,3.38389,0.0979758,26.668,4.816,1.0875,1.17918,4.32348,0.00572529,5985.0,8,False,-3628.75,10.9418,0.121695
167804011,7465.01,6.17879,2.73774,0.106692,26.6316,4.68,0.861071,0.841885,4.52429,0.0173382,5278.0,14,False,-126.685,7.27826,0.806944
193979250,6169.01,17.9661,8.19869,0.0757049,26.6158,11.051,1.40353,1.54203,4.19952,-0.0941962,6891.0,6,False,-29.6641,5.86061,1.82113
260647166,1233.03,6.20362,1.32142,0.0588683,26.6121,2.185,0.913363,0.869174,4.519,-0.175551,5681.13,12,False,-10620.1,7.66386,0.0856914
166527623,6551.01,7.01478,5.44685,0.227434,26.611,9.108,1.0391,1.09292,4.3738,0.0250453,5854.0,10,False,-6.70168,16.6363,1.96734
364393429,1207.01,2.62825,0.233383,0.0457001,26.5909,1.068,0.994617,1.07557,4.36829,-0.196537,6012.35,360,False,-17.2509,7.32596,2.25041
33397739,5292.01,2.01508,0.33824,0.0556731,26.5865,9.749,0.568232,0.600993,4.63308,0.00193183,3864.55,21,False,-827.345,7.12426,0.31572
467179528,1266.02,18.8016,6.60906,0.0391526,26.5747,2.143,0.428378,0.445217,4.77172,-0.108703,3532.29,11,False,-746.292,9.04306,0.299486
276128561,829.01,3.28778,1.47029,0.0453171,26.5647,4.017,0.918422,0.878862,4.51026,0.267033,5271.24,14,False,-418.606,6.47752,0.458622
219489550,4064.01,3.88246,1.03394,0.0518061,26.5455,9.245,1.15438,1.47562,4.1602,0.250939,5863.57,21,False,-302.976,9.78893,0.450065
272782321,4096.01,10.1042,1.01558,0.0984784,26.544,3.042,0.894133,0.847415,4.52667,0.274166,5149.54,68,False,-1314.41,12.5198,0.180413
203096531,3695.01,0.60416,0.225909,0.0254801,26.5303,15.289,1.43884,2.05141,3.95406,0.00280989,6313.16,74,False,-90.3821,10.2969,0.803309
360286627,1042.01,0.75809,0.226174,0.0324763,26.526,10.221,2.39606,3.60142,3.70266,-0.124176,8854.29,218,False,-13.1653,9.23861,2.33629
53744258,4757.01,2.08608,1.17001,0.0665409,26.5248,15.275,1.24408,1.50069,4.17048,-0.0482588,6335.56,9,False,-173.277,6.64104,0.707676
39218269,2366.01,17.1867,0.439163,0.0638905,26.5247,8.571,1.39534,1.24905,4.38437,-0.463251,7901.43,6,False,-959.651,7.26701,0.29002
86951294,4596.01,4.11942,1.73768,0.043007,26.5161,2.77,0.99554,0.951811,4.47474,0.190425,5568.33,28,False,-302.319,9.90638,0.446608
273985865,1208.02,10.983,5.81265,0.0669496,26.4864,2.54,0.897151,0.841835,4.54089,0.0595816,5346.86,26,False,-564.78,11.853,0.287471
126982221,5315.01,2.46996,0.915007,0.0178174,26.4714,9.968,0.378865,0.39517,4.81483,0.0428626,3393.02,8,False,-870.416,6.64723,0.313515
407059875,2026.01,7.19251,3.57094,0.0530216,26.4675,2.707,0.779593,0.759578,4.57037,0.00528461,4958.45,18,False,-22.5998,7.71873,1.89743
140706833,6472.01,2.68079,1.87841,0.09908,26.4601,14.474,1.49514,1.60803,4.19695,-0.111741,7349.0,21,False,-42.8554,6.01721,1.48207
277329402,5851.01,4.50376,0.453863,0.0541221,26.4552,16.003,0.985875,0.981041,4.44532,0.0266976,5697.0,5,False,-2601.29,6.12099,0.185872
148514918,6362.01,6.06021,4.38298,0.061199,26.4445,14.938,1.19809,1.34594,4.24337,-0.0472057,6252.0,6,False,-403.362,9.02686,0.40515
301343785,2347.01,1.17362,0.624103,0.0271372,26.4378,9.04,1.14968,1.8079,3.97765,-0.292308,6184.46,36,False,-234.281,6.17343,0.619474
367630162,2104.03,15.181,12.9889,0.0663791,26.4349,2.039,0.751507,0.724532,4.58923,-0.0658217,4838.49,14,False,-232.729,9.25457,0.526957
201186294,1634.01,0.989344,0.849852,0.0203532,26.4076,1.886,0.418358,0.433946,4.78232,-0.155564,3523.47,36,False,-596.379,7.77697,0.356136
25139786,2311.01,1.59285,0.911814,0.027771,26.388,8.072,0.817757,0.84426,4.49221,-0.114457,5314.71,12,False,-2162.75,7.45168,0.18985
36808091,6495.01,3.77821,0.681337,0.093404,26.3605,11.043,1.14135,1.26177,4.28182,-0.0221768,6118.0,14,False,-199.631,6.35951,0.662779
327917279,6819.01,8.54676,4.31436,0.082803,26.3555,4.418,0.938136,0.923726,4.47885,0.0247896,5557.6,10,False,-209.814,6.59823,0.638487
434428836,4835.01,5.1954,1.06956,0.0626868,26.346,13.496,1.29115,1.67408,4.08162,-0.0491122,6237.08,9,False,-374.565,7.02074,0.466564
302908969,5595.01,5.98997,1.59036,0.0382788,26.3406,4.589,0.654964,0.673471,4.59733,0.177765,4173.43,11,False,-50.423,8.40254,1.19602
281575427,205.01,4.25298,1.02559,0.0689448,26.3298,2.504,1.24586,1.33118,4.28644,0.0747101,6399.48,40,False,-422.982,8.95507,0.394626
415969908,233.02,7.20114,5.35136,0.0452505,26.3273,1.55,0.349054,0.355116,4.87122,-0.496461,3560.75,19,False,-1917.57,11.5586,0.157258
330687113,5089.01,5.11384,2.74379,0.048333,26.3242,5.864,1.34221,1.39122,4.26618,0.0735384,6544.94,17,False,-980.728,7.94214,0.273836
71674064,6522.01,4.73831,2.01673,0.0375289,26.322,3.43,0.819994,0.801544,4.54505,0.0112426,5109.0,28,False,-1281.97,7.96474,0.23913
384299730,3300.01,6.69268,0.13693,0.120828,26.3201,11.18,1.19355,1.60433,4.10431,0.0117899,6114.73,7,False,-164.237,6.86733,0.711321
388505345,6246.01,6.77863,3.99875,0.0263602,26.3179,5.827,1.49514,1.60803,4.19695,-0.111741,7665.0,47,False,-41.0374,5.17552,1.56747
149109125,4939.01,9.16933,6.76278,0.0737132,26.3165,14.077,1.49514,1.60803,4.19695,-0.111741,7513.5,3,False,-34.4612,4.73614,1.7514
317594531,5759.01,8.35054,3.59089,0.0347771,26.3017,14.972,1.12314,1.23397,4.29493,-0.0135979,6075.0,9,False,-654.161,7.05557,0.351228
89659632,6757.01,3.50958,3.30287,0.0787936,26.2658,10.746,0.959505,0.949382,4.46384,0.0256437,5620.0,6,False,-35.7747,5.29803,1.66897
353475866,1693.01,1.76669,1.59113,0.0256394,26.2157,1.413,0.429318,0.443977,4.77226,-0.152003,3535.75,73,False,-9609.37,8.76291,0.0829767
423666115,2663.01,0.582275,0.326644,0.0175475,26.1901,7.997,1.05388,1.27724,4.24031,-0.289889,6190.24,70,False,-346.007,7.00653,0.481973
233173039,5635.01,25.0568,9.94018,0.110466,26.18,5.659,0.937805,0.905515,4.49444,-0.190866,5794.0,9,False,-77.1216,8.83104,0.930719
388393034,3933.01,1.97549,0.401469,0.0465299,26.1668,14.543,3.11944,1.85626,4.37359,-0.51941,14232.9,35,False,-355.977,8.12957,0.446748
211352962,6814.01,0.794182,0.706397,0.0231016,26.1494,6.494,1.25939,1.42218,4.21623,-0.0640466,6397.0,52,False,-110.573,8.53096,0.787017
314865962,208.01,22.4586,10.7483,0.219885,26.1442,1.93,0.975004,0.94559,4.47358,0.17516,5543.17,25,False,-12.0964,5.96286,2.85637
67418624,1598.01,1.10207,0.970498,0.0176544,26.1133,3.765,1.15122,1.64471,4.06382,-0.156681,6171.11,57,False,-1103.63,8.44887,0.248032
219436394,2100.01,23.6574,23.3054,0.0454203,26.1078,3.399,0.875488,0.8457,4.52713,-0.0640591,5434.01,15,False,-421.729,9.39494,0.380159
197643976,6821.01,3.53571,1.03044,0.043028,26.1041,4.943,0.846749,0.827465,4.53209,0.01563,5222.0,19,False,-21976.3,9.93156,0.0508401
29919341,2422.01,18.1962,7.89409,1.69604,26.0954,6.282,1.34231,1.96043,3.96918,0.0408486,6105.62,3,False,-92.1723,10.7827,0.750231
256326844,5651.01,10.6893,3.41991,0.13769,26.0849,8.068,1.33849,1.80522,4.03248,0.0610458,6124.07,24,False,-20.8312,7.69096,1.94347
126606859,4479.01,1.15891,0.102492,0.0269611,26.0825,2.772,0.428234,0.443017,4.76827,0.0886738,3467.28,82,False,-866.823,7.13863,0.300215
299945285,794.01,52.4073,38.3828,0.149519,26.0814,2.719,1.19556,1.32439,4.26799,-0.396522,6848.74,18,False,-24.2821,6.86353,1.87271
52368076,125.02,9.15494,0.00200711,0.0802002,26.0707,2.174,0.853406,0.830224,4.52979,0.0306719,5245.3,20,False,-396.282,12.88,0.309569
83395136,3255.01,2.24545,0.70955,0.0275288,26.0653,8.863,0.737127,0.705877,4.60464,0.29128,4520.92,10,False,-535.92,6.3903,0.396819
96948338,5333.01,11.442,10.658,0.0969145,26.0352,5.099,0.797667,0.797678,4.53298,0.110081,4949.32,10,False,-2503.5,8.94912,0.159205
349503728,6616.01,1.12341,0.888138,0.0193769,26.026,15.752,0.558276,0.588183,4.64513,-0.0121106,3505.0,19,False,-1311.16,6.20747,0.25527
353361266,5476.01,10.3427,3.04911,0.0723151,26.0226,10.948,1.01289,0.979947,4.4566,0.168268,5648.0,4,False,-558.419,6.16706,0.392282
302381442,5570.01,23.1678,3.69238,0.0827546,25.9876,9.584,0.876217,0.835166,4.53208,0.198731,5145.93,5,False,-1535.08,7.41532,0.221058
209935997,5845.01,1.90713,0.345458,0.035739,25.8958,10.612,1.49514,1.60803,4.19695,-0.111741,8944.0,14,False,-358.202,5.06054,0.514437
377771417,6583.01,7.44492,4.40602,0.0315298,25.8571,15.415,1.49514,1.60803,4.19695,-0.111741,7936.0,4,False,-2266.81,6.5079,0.18948
437704321,4534.01,2.84928,1.53377,0.0389399,25.8532,4.372,0.675538,0.688606,4.58901,0.175657,4300.96,19,False,-570.233,8.65041,0.336321
153725446,2722.01,0.708548,0.639454,0.0149176,25.8506,5.395,1.13342,1.46032,4.15314,0.151476,5855.63,128,False,-244.779,6.46109,0.579789
243313296,2278.01,1.46634,1.31714,0.018978,25.8437,1.135,0.299768,0.329811,4.88181,-0.0954571,3330.74,392,False,-16.363,5.53062,2.44097
200775844,6325.01,3.73065,3.34915,0.0326291,25.8123,11.35,0.859818,0.840623,4.52497,0.0171887,5273.1,4,False,-384.781,7.29663,0.441016
172598832,1933.01,3.24955,0.325644,0.208409,25.7991,11.203,1.49583,2.03623,3.98257,-0.0596193,6668.09,13,False,-23.4861,6.19753,1.94391
233071822,1747.01,2.75465,1.61458,0.017287,25.7979,1.472,0.695471,0.686891,4.59735,0.106216,4395.16,292,False,-401.558,9.15176,0.388077
413343957,4365.01,3.37846,2.72924,0.0469647,25.7948,4.484,1.44726,1.21475,4.41791,-0.631516,8435.9,30,False,-172.642,8.69965,0.609556
333657795,4524.01,0.926063,0.367662,0.0236023,25.752,1.623,0.991545,1.04743,4.38271,0.0290405,5726.24,114,False,-786.078,7.93546,0.296531
53394475,5594.01,9.22718,8.35558,0.0788209,25.7413,10.906,1.09922,1.26123,4.26979,-0.00301293,6017.94,5,False,-63.4904,7.55917,1.07723
428988981,2144.01,37.3416,0.965579,0.11061,25.7398,2.624,0.896846,0.866107,4.51642,0.0875051,5357.38,9,False,-1909.59,10.0635,0.167271
318828309,1960.01,5.34182,1.03752,0.126581,25.7366,10.097,1.84658,3.13292,3.70424,0.00765154,6913.01,18,False,-947.534,5.91217,0.300462
188001223,6161.01,5.74125,0.663298,0.0255501,25.7033,13.064,1.11301,1.21851,4.30226,-0.00878888,6051.0,19,False,-265.723,7.21395,0.53049
327301957,1074.01,13.9429,8.726,0.0767492,25.693,2.776,0.775239,0.746425,4.58204,-0.0506758,4971.01,8,False,-306.665,8.99839,0.44568
73228647,755.01,2.54047,1.52304,0.0440975,25.6847,2.194,1.01399,0.969477,4.46496,0.0809347,5705.88,28,False,-2002.9,7.79453,0.186389
321258259,6348.01,3.68937,1.61844,0.0470815,25.6599,11.152,1.01271,1.03265,4.41268,0.0262424,5776.0,8,False,-377.939,8.53935,0.411478
50211272,6430.01,3.60387,1.13634,0.0391227,25.6543,13.367,0.576904,0.602583,4.63841,-0.0110459,3967.0,8,False,-379.667,6.73003,0.453788
155369758,5436.01,11.9284,1.82647,0.0475141,25.6372,18.403,0.916236,1.03823,4.35977,-0.182595,5780.27,4,False,-915.361,8.10909,0.270297
259233660,6000.01,0.448959,0.213715,0.0146575,25.6345,2.084,0.558276,0.588183,4.64513,-0.0121106,3419.0,1894,False,-53.1774,4.40093,1.3776
396649769,5039.01,2.19674,1.59773,0.0778708,25.63,12.58,1.28466,1.61019,4.11204,0.131278,6064.95,33,False,-484.992,8.18177,0.369991
287326127,6728.01,24.9638,7.54513,0.119097,25.5921,3.11,1.25558,1.41745,4.21792,-0.0630013,6388.0,21,False,-7.54898,6.35144,3.5437
443199889,6624.01,10.3031,3.898,0.0671436,25.5804,10.172,1.25516,1.41692,4.2181,-0.0628851,6387.0,4,False,-57.5265,5.88577,1.22727
323966987,3046.01,4.1347,2.22792,0.0596084,25.5563,23.124,1.17403,1.26402,4.2967,-0.169733,6442.23,6,False,-208.272,5.09748,0.663621
269130683,7263.01,49.2163,14.9137,0.09499,25.5543,11.645,1.3405,1.49662,4.20129,-0.0821256,6657.0,3,False,-124.913,9.0789,0.691864
26406123,5454.01,3.71963,2.83364,0.103985,25.5373,13.165,1.12956,1.78351,3.97431,-0.138321,5942.33,12,False,-195.506,6.18235,0.648158
33840683,3352.01,13.8198,1.87405,0.101362,25.5084,3.041,1.14788,1.7272,4.01238,0.0681925,5818.49,59,False,-4.18533,10.3736,3.95633
234388232,5088.01,10.3883,8.46068,0.0813507,25.4944,2.268,0.916665,0.86859,4.51859,-0.0627383,5539.16,14,False,-31.0828,12.7727,1.08938
440150441,6648.01,20.8632,9.48461,0.123593,25.4855,4.916,1.15618,1.2844,4.27115,-0.0291596,6153.0,4,False,-856.71,8.80714,0.265871
252474634,3841.01,4.11244,2.76298,0.032603,25.4715,15.383,1.18188,1.59474,4.10118,-0.0629158,6145.72,10,False,-22.2132,7.03708,1.88269
158497525,3911.01,9.35171,3.23747,0.0491138,25.4514,3.913,0.85388,0.845379,4.5148,0.048324,5258.63,15,False,-497.742,8.7306,0.349978
160180298,4746.01,7.53956,6.0094,0.0549855,25.442,4.674,0.814405,0.785006,4.56057,-0.0417545,5153.73,7,False,-25.7769,7.50806,1.6936
117072799,6156.01,12.6887,3.97307,0.0258779,25.4414,24.427,1.49514,1.60803,4.19695,-0.111741,7710.0,4,False,-56.5845,5.55978,1.24945
319949055,3208.01,2.35788,0.98631,0.0713279,27.9835,18.147,1.44209,1.52859,4.21662,-0.292767,7528.45,24,False,-82.7887,6.84136,1.09398
448435566,4951.01,4.1053,3.25249,0.097989,27.9712,12.662,1.44699,1.66599,4.14795,0.28056,6555.53,6,False,-186.387,6.52535,0.735691
160491359,2103.01,2.66207,0.752138,0.0367105,27.9657,1.228,0.815272,0.776094,4.56338,0.210976,4885.48,267,False,-1073.76,9.79364,0.258692
467211520,5898.01,9.78847,0.157556,0.0853049,27.9657,4.974,0.884345,0.865318,4.51161,0.020114,5369.0,14,False,,,
232079930,2305.01,0.9187908145601305,0.0766993287605371,0.0213222508359963,27.9594,5.231,0.97267,1.12083,4.32098,0.0883601,5674.75,129,False,-2.45993,14.6034,4.94683
452866790,488.01,1.198,0.564117,0.0186983,27.9443,1.445,0.338936,0.360203,4.85149,-0.00340841,3349.0,76,False,-194.871,7.3631,0.690355
245341495,4950.01,3.93595,3.373,0.0923063,27.94,17.189,1.54305,1.68338,4.16197,-0.139392,7495.18,6,False,-348.653,5.42803,0.563435
367193046,5444.01,10.2781,1.77801,0.0358712,27.9383,12.52,1.17735,1.29109,4.28049,-0.174282,6456.48,7,False,-688.981,7.42446,0.364753
450308271,6379.01,1.50567,1.13821,0.0130728,27.9188,7.147,0.653533,0.661818,4.61076,-0.00666587,4335.0,18,False,-308.715,8.07823,0.527893
134471108,2501.01,5.32628,0.322753,0.0437263,27.89,2.599,0.598266,0.628842,4.6166,-0.0564977,4021.61,34,False,-1072.27,9.24725,0.265577
195933415,7089.01,1.5852,0.225663,0.024091,27.8898,3.706,1.49514,1.60803,4.19695,-0.111741,11678.0,94,False,-114.794,7.31475,0.901799
251878904,366.01,1.70259,0.0634846,0.0331443,27.8874,12.123,0.976036,1.16156,4.28741,0.0386143,5678.91,37,False,-516.899,7.20758,0.424717
280210963,535.01,2.82806,2.73274,0.0475353,27.8772,17.322,0.978388,0.96033,4.46216,-0.230949,5975.63,23,False,-534.173,7.39942,0.413687
198161914,5663.01,45.0854,16.7369,0.0345582,27.8654,8.391,0.813736,0.781886,4.56043,0.0787075,5012.6,10,False,-155.649,11.1331,0.628666
178162579,2842.01,3.55085,2.00695,0.0444585,27.85,12.239,1.15624,1.17744,4.35311,0.133559,6064.7,6,False,-438.62,6.5088,0.475959
294781547,1218.01,13.7738,11.3277,0.0624841,27.8457,1.827,0.938632,0.876829,4.52616,-0.00724421,5571.11,62,False,-24.8851,13.9408,1.33762
48031665,4588.01,13.1188,5.78508,0.0887938,27.8311,3.305,1.39556,1.55554,4.19695,-0.46751,7774.88,23,False,-12.3239,6.18911,3.03204
434226736,5095.01,3.48455,1.57675,0.0129932,27.8275,3.802,0.249043,0.272423,4.95176,0.0438372,3231.28,18,False,-63591.2,11.0999,0.0309117
301900477,5003.01,4.45651,3.2689,0.704883,27.8252,6.802,0.997197,1.09928,4.3472,-0.440422,6223.07,10,False,-538.298,7.20865,0.414886
407517154,6364.01,25.8879,2.10915,0.0655615,27.807,11.656,0.873348,0.854245,4.5176,0.0188023,5326.0,3,False,-30.5579,6.98442,1.79897
361176558,3144.01,3.77232,1.11183,0.0427129,27.8028,14.152,1.17348,1.2281,4.32401,-0.113209,6386.2,7,False,-489.454,6.4962,0.449736
33911302,341.01,1.7992161208656563,0.598265696789306,0.1417935419737708,27.8007,6.538,0.776295,0.814108,4.49857,0.0580712,4972.95,40,False,-2.80937,12.3418,5.22713
149302744,699.02,33.6336,33.5677,0.13038,27.7745,2.458,1.19496,1.25687,4.31324,-0.114588,6458.63,27,False,,,
423360793,6676.01,22.6957,11.1184,0.111925,27.7535,2.55,1.08866,1.18097,4.32252,0.00506556,5988.0,6,False,-41294.3,13.5617,0.0325451
291016451,5448.01,3.21117,2.14772,0.045167,27.7361,6.946,0.874163,0.843485,4.52052,0.0679638,5254.6,6,False,-5557.56,5.83953,0.136903
176780257,4187.01,30.8811,14.3309,0.202042,27.7214,4.664,1.44452,2.12633,3.93175,0.130547,6110.68,5,False,-36044.6,12.7109,0.0368443
261192051,6754.01,1.98967,1.98055,0.0606314,27.7027,23.748,1.49514,1.60803,4.19695,-0.111741,7247.0,11,False,-4475.81,6.15207,0.15015
137903329,4485.01,7.34057,3.12411,0.0569571,27.6926,13.801,1.19192,1.24906,4.31569,0.13877,6161.5,27,False,-1149.03,7.54522,0.277241
310262516,5750.01,1.90413,1.65458,0.0195059,27.6482,13.163,0.57378,0.600168,4.63954,-0.0112244,3952.0,13,False,-59018.4,10.1644,0.0335375
266401846,3699.01,3.0424,0.804535,0.0503413,27.6463,15.531,1.54191,1.45032,4.29332,-0.115283,7631.8,13,False,-130.77,8.53944,0.783972
237362186,2792.01,7.12978,3.355,1.28712,27.6288,11.804,1.29103,1.73726,4.05411,-0.00203442,6154.44,8,False,-1237.01,11.7721,0.210283
90935909,6789.01,4.22059,0.498473,0.0627601,27.6043,8.603,0.949163,0.936965,4.47111,0.0252304,5589.8,6,False,-279.637,6.93936,0.577877
98728690,2688.01,2.14152,0.994688,0.0670002,27.5867,5.076,1.07176,1.35587,4.19537,0.280451,5692.42,20,False,-239.815,6.56204,0.635204
347469901,5313.01,3.25675,3.20813,0.0484532,27.5832,11.816,0.995133,0.976997,4.45008,0.150591,5614.44,7,False,-2334.04,5.94907,0.208779
99081059,4227.01,3.41706,2.74381,0.0511242,27.5813,14.732,1.39364,1.52915,4.20648,0.10789,6668.48,6,False,-31.8137,6.17027,1.8114
127328218,4226.01,2.96305,2.46102,0.0389743,27.5397,13.727,1.49514,1.60803,4.19695,-0.111741,7998.0,17,False,-179.401,6.70427,0.728661
202869426,6307.01,2.45976,0.102209,0.0299438,27.5279,15.099,0.558276,0.588183,4.64513,-0.0121106,3810.0,9,False,-432.798,6.84744,0.464328
342314656,4404.01,39.6252,17.2169,0.0379824,27.5264,8.763,1.14882,1.39991,4.19604,0.0931276,5971.57,6,False,-5.16267,5.80078,4.99694
65949719,4793.01,3.46453,1.76614,0.065049,27.4838,16.989,1.24401,1.48591,4.17408,-0.307834,6657.2,7,False,-537.244,5.71047,0.438596
178819686,763.01,5.60577,0.981292,0.0608523,27.4648,2.538,0.934377,0.894868,4.50378,0.0111014,5548.57,12,False,-20816.1,6.91979,0.0663612
177308364,2327.01,82.789976299572,71.23329296801239,0.1218246806713437,27.4558,,0.996174,0.955111,4.47797,0.11921,5659.32,14,False,-25.0448,17.2734,0.976237
53307409,3778.01,5.609,4.78298,0.0506982,27.4382,8.311,0.916733,0.887784,4.50446,0.136433,5390.59,7,False,-18518.4,7.17616,0.0693893
293617835,1719.01,2.75527,1.68576,0.0258272,27.4309,9.659,1.8432,3.89707,3.52769,-0.0341976,6273.11,31,False,-538.205,7.03233,0.410535
147723246,4954.01,6.68163,5.1142,0.0865171,27.4175,17.796,1.64185,1.376,4.36411,-0.357215,8710.65,4,False,-428.979,6.05432,0.481796
294497466,6259.01,3.23762,1.76984,0.0532514,27.4048,4.456,1.49514,1.60803,4.19695,-0.111741,10023.0,59,False,-14.552,3.38421,3.07468
136992839,5637.01,17.7913,10.5573,0.129004,27.3876,8.088,1.03008,1.31993,4.20296,-0.0613896,5890.4,4,False,-438.849,7.33396,0.447126
80783538,4267.01,1.21256,0.475298,0.0280823,27.38,13.082,1.28836,1.50884,4.17873,-0.0197641,6414.72,63,False,-844.495,6.19999,0.340071
178215634,4659.01,1.0451,0.24979,0.0190997,28.6702,4.972,1.15261,1.23794,4.31003,-0.202253,6443.53,65,False,-353.071,6.52226,0.550827
192988021,2808.01,9.44537,0.931551,0.0541789,28.6115,2.065,0.674504,0.676537,4.60003,-0.355258,4664.85,14,False,-415.412,8.42883,0.462578
383645563,5225.01,22.9367,15.1163,0.0373834,28.6039,8.539,1.11354,1.23639,4.29022,0.118287,5933.01,20,False,-335.409,7.97976,0.526332
54002556,1847.02,12.73,4.73258,0.0673277,28.6036,4.563,0.81794,0.799725,4.54585,0.13962,5021.52,5,False,-15.639,19.8438,1.07855
251848941,178.01,6.55787,6.11436,0.0450527,28.5874,2.617,0.637303,0.655298,4.60972,-0.0270008,4188.43,10,False,-702.784,11.9833,0.292313
280645209,4205.01,5.90612,4.60713,0.0709545,28.5862,9.567,0.754347,0.805772,4.49647,-0.141855,5097.07,3,False,-2022.92,6.12916,0.232807
279741379,186.02,7.74027,7.02015,0.611431,28.5681,0.883,0.694395,0.707948,4.56998,-0.0284902,4560.19,51,True,-33.7101,15.237,1.09437
207425167,1812.03,48.3298,4.76387,0.0914163,18.6721,4.326,0.776553,0.753502,4.57806,0.0073952,4949.16,7,False,-0.0294128,21.7306,2.02509
204650483,4551.01,9.95617,4.0308,0.231339,28.4908,11.914,1.1881,3.37379,3.45251,-0.00548904,4939.88,5,False,-322.506,6.2337,0.579318
283759999,5883.01,0.522133,0.377243,0.0193949,28.4879,10.262,1.21204,1.36329,4.23719,-0.0510385,6285.0,49,False,-384.969,5.71502,0.542283
168281028,6269.01,4.374983823635078,3.135209824446794,0.0826486608727826,28.4844,3.593,0.979026,0.972818,4.45013,0.0264239,5677.0,27,False,-1207.09,8.49971,0.268296
132611413,4920.01,2.53321,1.3164,0.0785704,28.4827,14.69,1.44614,1.47283,4.25071,0.211987,6679.48,11,False,-433.148,6.72906,0.488225
89417257,6738.01,3.63247,1.55684,0.128193,28.4788,6.867,1.0259,1.06279,4.39324,0.0256439,5815.0,13,False,-199.902,6.17179,0.738688
402898317,2093.01,53.8109,40.2541,0.0861279,28.465,2.391,0.694663,0.69681,4.58417,0.067713,4458.19,15,False,,,
145023816,3421.01,2.8389,2.63861,0.0566718,28.4546,18.342,1.68823,1.94139,4.07403,0.103975,7324.28,17,False,-193.061,7.58676,0.703271
207141131,179.01,4.15009,3.12507,0.693683,28.4163,1.28,0.799189,0.783786,4.55176,-0.0135373,5072.14,42,True,-28.2136,15.0867,1.20062
315117300,2895.01,8.7859,6.36547,0.121561,28.4125,12.597,1.29322,1.50675,4.19217,-0.254296,6909.75,6,False,-333.476,7.97481,0.523091
268125229,2903.01,3.59475,0.265428,0.0369901,28.4116,5.635,0.952315,0.902621,4.50476,0.0339523,5573.55,29,False,-590.814,7.44239,0.402729
376454594,5874.01,2.56966,2.44138,0.0528755,28.409,5.656,0.922519,0.904977,4.48982,0.0241655,5512.0,17,False,-1442.23,6.68388,0.26679
374997123,1222.01,10.1945,4.15782,0.0457136,28.3547,2.503,1.17081,1.23329,4.31701,0.121472,6122.21,92,False,-6.99269,7.09665,4.09107
142618165,3853.01,5.69225,4.91224,0.0585648,28.3138,4.653,1.07623,1.04767,4.42744,0.201672,5813.37,39,False,-2573.78,8.48454,0.182223
232624234,5611.02,26.7161,9.97912,0.0558542,15.3886,2.842,0.731961,0.715727,4.59095,-0.083666,4783.74,38,False,-2.08454,8.91306,2.69983
14336130,1716.01,8.08235,1.34025,0.0710376,28.2904,2.842,1.08709,1.16063,4.33666,0.0608542,5944.62,11,False,-1058.06,7.27533,0.30138
260539542,6622.01,37.8585,14.3278,0.151806,28.2758,12.275,1.08557,1.1762,4.32509,0.00682485,5980.0,4,False,-1671.16,10.1342,0.206942
88460991,6392.01,6.96036,5.03732,0.069655,28.2636,10.525,1.03334,1.07979,4.38228,0.0253062,5837.0,6,False,-217.658,7.4671,0.659754
470990157,5768.01,3.76504,2.3442e-05,0.0815675,28.251,15.111,1.28095,1.449,4.20669,-0.0699699,6448.0,6,True,-10.6944,9.96224,2.76997
437253811,2974.01,0.689372,0.337525,0.0291579,28.2458,12.968,1.15484,1.90469,3.92236,0.186931,5508.48,67,False,-406.725,7.31662,0.484806
415443327,5104.01,4.88953,1.36229,0.0791171,28.2397,16.792,1.24429,1.31518,4.29349,-0.102128,6582.23,9,False,-241.043,8.17524,0.604636
140740440,6422.01,3.75208,0.742573,0.0454802,28.2155,11.851,1.06121,1.13866,4.34535,0.0206793,5917.0,8,False,-835.892,6.34707,0.352931
389900760,2120.01,5.79982,5.15549,0.0163031,28.1586,2.595,0.199634,0.227979,5.01873,0.09118,3153.41,27,False,-6014.14,11.8343,0.0981114
23434737,1203.01,25.5035,8.85384,0.108743,28.1466,2.55,0.997424,1.08669,4.35776,-0.140533,5947.95,5,False,-862.207,8.93957,0.305201
18021087,5612.01,7.13141,6.48197,0.0580747,28.1275,7.455,0.795583,0.767854,4.56361,0.163511,4861.58,6,False,-1234.05,7.52847,0.273501
269439355,3232.01,3.38984,2.28409,0.115802,28.121,10.034,1.64548,2.95517,3.70444,0.0357158,6218.5,44,False,-322.93,7.43689,0.53802
445946478,2737.01,3.33286,1.13899,0.130251,28.1137,15.575,1.59427,2.70679,3.76803,-0.149977,6558.11,21,False,-140.484,7.68195,0.808488
15654898,6241.01,3.78126,2.71144,0.0454743,28.1127,4.244,0.843424,0.824118,4.5339,0.0152334,5209.0,17,False,-149.888,9.07857,0.728912
176279915,5289.01,3.4411,2.83223,0.0575937,28.0931,4.582,0.875784,0.870455,4.49802,0.145978,5253.31,23,False,-2021.71,8.31167,0.205131
57011946,6759.01,1.31882,0.152343,0.0390758,28.0513,14.645,1.00865,1.02338,4.41866,0.0264266,5764.0,18,False,-441.547,6.52749,0.478431
196201652,7179.01,2.73844,0.120369,0.0615859,28.0458,2.462,0.787054,0.770345,4.55987,0.00500218,4964.0,30,False,-685.812,7.07141,0.373805
156949982,2867.01,5.63917,1.88733,0.0832316,28.0457,15.289,1.01189,1.52325,4.06732,-0.557139,6246.08,13,False,-271.342,7.49527,0.583449
17385917,5543.01,3.54248,0.679522,0.0416931,28.0401,3.725,0.811527,0.802915,4.53006,0.0127167,5081.54,25,False,-321.259,8.6867,0.504721
105616091,5636.01,4.27439,3.98606,0.0491204,28.028,3.967,0.911895,0.875712,4.50815,0.103026,5364.01,13,False,-1387.86,7.47629,0.257284
358838026,6503.01,3.95397,1.08523,0.0836691,28.0076,12.437,1.16168,1.29281,4.26718,-0.0317532,6166.0,7,False,-71.5002,2.51398,1.42147
308208458,345.01,11.2237,3.4686,0.0601968,28.0074,10.101,0.894504,0.85463,4.51837,0.237778,5180.6,6,False,-12636.7,9.30925,0.0775186
144301052,301.01,3.74401,2.78303,0.0549784,27.9994,7.586,1.24468,1.56883,4.13378,0.0959267,6138.8,22,False,-1240.67,9.0856,0.250453
239977528,5110.01,30.1585,29.5006,0.08025,27.9977,13.513,1.38975,2.21864,3.87699,-0.0868674,6121.04,4,False,-100.48,10.1939,0.834872
271596225,797.03,2.73095,2.16901,0.0254743,27.9963,1.134,0.477876,0.491406,4.72974,-0.0569961,3611.53,353,False,-465.727,14.6118,0.289653
405485201,3409.01,7.76017,7.62735,0.0787142,27.996,5.059,1.07283,1.074,4.40454,-0.014487,6010.21,11,False,-131.179,8.44172,0.801061
155258153,6195.01,3.19896,0.0950763,0.0226636,27.9875,6.628,1.27879,1.44631,4.20764,-0.0693776,6442.9,21,False,-475.944,8.0333,0.427149
458890024,6380.01,5.14047,2.1064,0.0413188,27.9852,5.645,0.830443,0.811442,4.54035,0.0132223,5155.0,10,False,-597.413,7.75521,0.386373
203377303,3493.01,8.15948,4.7537,0.0915863,27.3721,3.416,1.03375,1.16137,4.31384,-0.0551138,5935.84,7,False,-160113.0,8.77857,0.0216536
24833662,5931.01,4.26451,1.08308,0.0868491,27.361,6.552,1.00831,1.02261,4.41916,0.0264419,5763.0,12,False,-978.711,7.6779,0.29352
4646810,461.01,10.92452209024764,5.436201548836992,0.0388845056012976,27.3438,,0.75674,0.744407,4.57233,0.0270774,4831.71,4,False,-425.236,9.01566,0.415171
270456887,6456.01,2.2967,0.799713,0.161203,27.3371,7.292,1.36905,1.51719,4.20049,-0.0875935,6763.0,38,False,-193.598,12.0226,0.515395
122798633,6446.01,4.22304,0.724967,0.0354071,27.3124,15.988,0.558276,0.588183,4.64513,-0.0121106,3724.0,6,False,-956.757,6.28369,0.317171
95079513,5504.01,13.2427,9.83875,0.0971899,27.3102,4.736,1.11455,1.10967,4.38808,0.0664101,6014.71,10,False,-1436.73,8.1751,0.235434
441739871,1763.01,3.79788,1.42781,0.0220154,27.2939,2.052,0.437838,0.446136,4.77337,-0.26063,3598.47,228,False,-47920.1,15.9916,0.0240602
190479710,3591.01,8.48439,7.61105,0.0899992,27.2859,10.515,1.24506,1.22904,4.35492,-0.168757,6692.04,9,False,-857.72,7.85372,0.309587
269372232,6795.01,2.12523,0.295209,0.0613755,27.2827,9.011,0.880765,0.861713,4.51356,0.0196869,5355.0,11,False,-30.2416,6.12382,1.83797
150428135,700.02,37.4235,5.18147,0.0730199,27.276,1.18,0.397114,0.406067,4.81145,-0.253699,3514.92,26,False,-28.6119,3.99198,2.08192
325653071,6220.01,19.6519,9.76368,0.048665,27.2229,8.259,1.24332,1.4022,4.22334,-0.0596331,6359.0,4,False,-218.428,8.01848,0.608163
376353509,1648.01,7.33156,5.58019,0.0295831,27.2054,2.573,0.814331,0.789847,4.5466,0.212914,4908.54,24,False,-6589.22,8.83186,0.105497
95574586,5847.01,2.56358,1.94629,0.0913567,27.2018,9.314,1.09871,1.19646,4.31416,-0.000652144,6014.0,8,False,-656.131,6.47008,0.377769
362249359,833.01,1.04189,0.00305791,0.0243136,27.2014,1.388,0.578206,0.602957,4.63464,-0.0340481,3895.33,181,False,-171.416,10.2122,0.607961
63190194,5514.01,1.74552,1.4278,0.0424995,27.1854,12.412,0.912464,0.886732,4.49924,0.189715,5320.23,12,False,-13670.5,6.20619,0.0836217
369861728,3307.01,3.87808,0.883172,0.0560319,27.176,11.031,1.0693,1.05256,4.41747,0.065859,5900.13,11,False,-84734.5,8.42079,0.0300246
453396346,3130.01,0.441513,0.0518886,0.0229761,27.1344,18.156,1.44306,2.50978,3.77174,0.186535,5699.38,165,False,-187.99,6.39182,0.708498
229408913,4114.01,4.80381,4.27361,0.0456156,27.1109,3.106,0.618568,0.653421,4.60665,0.16553,4059.21,120,False,-152.071,13.0571,0.534271
351599985,7148.01,1.34326,0.708511,0.0313837,27.093,3.729,0.802297,0.784782,4.55301,0.00788999,5031.1,43,False,-1608.69,7.39515,0.229021
304130406,3278.01,3.24646,2.08297,0.0476772,27.0767,12.451,1.09185,1.22557,4.29279,0.142578,5906.87,11,False,-1284.87,7.39559,0.256085
43429656,2163.01,5.21326,0.262251,0.0857343,27.0742,4.009,1.23941,1.42669,4.21019,0.0581959,6224.46,18,False,-12.6021,8.25214,2.60502
60859922,4918.01,6.5329,4.88707,0.0704783,27.061,7.999,1.10789,1.27648,4.25993,0.0966428,5922.29,10,False,-4260.42,7.20791,0.141778
137402055,4570.01,1.97377,0.799594,0.0303724,27.0502,13.89,0.73296,0.71522,4.58675,0.0609311,4640.92,107,False,-13083.2,11.612,0.0629018
305026599,7245.01,1.68775,0.220869,0.0469947,27.0403,7.208,1.32488,1.48536,4.20172,-0.0791337,6599.0,57,False,-510.13,6.5629,0.423351
333473672,1422.01,13.0018,7.25474,0.0906702,27.0391,3.578,1.01063,0.994811,4.44134,-0.0146375,5813.1,7,False,-5777.53,10.6305,0.100618
257520272,4291.01,12.1531,2.81704,0.113253,27.0229,12.287,1.02679,1.18097,4.2935,-0.284868,6138.6,7,False,-1912.15,7.94975,0.20338
287156968,1230.01,25.0572,21.2794,0.133644,27.0197,2.791,1.05463,1.11067,4.36508,-0.118251,6072.12,10,False,-343.294,8.49699,0.467214
148679712,1804.01,4.92464,0.335801,0.0617455,27.0049,2.983,0.991907,0.96308,4.46051,0.246715,5518.21,13,False,-1781930.0,10.9281,0.00561218
320324079,5202.01,34.613,31.955,0.0532113,26.9979,7.561,1.29288,1.71809,4.06305,-0.132869,6352.21,27,False,-11.3788,6.15231,3.05106
298074043,3839.01,3.01935,1.36,0.027314,26.9731,7.816,1.17137,1.3919,4.21015,-0.166677,6356.49,83,False,-529.15,7.80921,0.388984
151760597,7217.01,3.98611,3.40707,0.0783419,26.9712,8.174,0.941012,0.92718,4.47683,0.0249046,5566.0,4,False,-1662.64,7.39319,0.223899
394126269,6683.01,3.85696,2.64533,0.0542238,26.9312,13.163,0.797277,0.780027,4.55527,0.00693886,5009.0,22,False,-572.039,8.31213,0.363433
102808276,6056.01,3.14243,1.16446,0.0618515,26.9308,10.27,0.794324,0.77723,4.5566,0.00637937,4996.0,17,False,-765.509,8.69239,0.307614
77490011,7185.01,2.68816,0.697005,0.0242514,26.9167,10.873,0.558276,0.588183,4.64513,-0.0121106,3244.0,14,False,-4611.21,10.1031,0.115412
441798995,2269.02,2.84115,1.41799,0.0319603,26.8976,1.377,0.519405,0.534955,4.69496,-0.301454,3826.43,335,False,-16.1567,6.2307,2.50046
42883782,5788.01,16.2134,0.560537,0.072862,26.8965,2.758,0.974574,0.967473,4.45326,0.0262459,5664.0,10,False,-2748.44,9.77693,0.152237
35315453,4412.01,2.03411,1.49206,0.0880103,26.8805,6.726,1.48994,1.93448,4.02464,-0.0020176,6687.52,45,False,-937.628,7.63984,0.293154
355446093,2314.01,15.8435,4.64017,0.147564,26.8727,7.353,1.2445,1.49123,4.16972,0.0446144,6184.26,5,False,-34.9664,12.6399,1.1464
279383896,3958.01,12.0147,11.0655,0.118021,26.8504,7.842,1.34776,1.33063,4.31843,-0.228261,7123.47,10,False,-198.195,10.9389,0.529187
257531677,5762.01,3.94547,3.33055,0.0316526,26.8428,11.142,1.01054,1.02771,4.41587,0.0263406,5769.6,5,False,-41.4386,5.50702,1.57388
319312479,952.01,1.7901,1.4276,0.0286525,26.8273,6.949,1.74075,2.00536,4.0598,0.173915,7308.83,26,False,-331.69,6.4376,0.523273
233688779,2254.01,26.4582,4.49899,0.0949788,26.8261,2.415,1.09156,1.2666,4.26077,0.195994,5815.34,35,False,-218.334,11.2618,0.492995
161687285,7309.01,7.79857,4.38222,0.0272865,26.8221,11.797,0.558276,0.588183,4.64513,-0.0121106,3462.0,11,False,-447.308,12.6916,0.312055
336072306,5857.01,3.4151,3.18009,0.0306436,26.808,9.145,0.904806,0.885918,4.50047,0.0225543,5449.0,19,False,-610.378,6.25101,0.388413
144486060,4710.01,1.4769,0.910248,0.276021,26.8037,14.916,1.03583,1.31517,4.20703,0.155937,5706.06,15,False,-178.104,4.43608,0.785115
229786610,4113.01,22.1575,3.52756,0.0702917,26.7988,2.406,0.816598,0.785989,4.55702,0.0261978,5073.44,37,False,-0.676948,25.8964,1.12096
311179742,2344.01,8.31291,3.18033,0.0795789,26.794,11.708,1.34656,1.97029,3.96943,0.0549733,6127.19,14,False,-14.4823,8.24987,2.37985
201254754,6858.01,3.30248,1.37166,0.0318107,26.7922,2.87,0.558276,0.588183,4.64513,-0.0121106,3634.0,49,False,-1194.99,9.07676,0.239034
264508014,4474.01,3.3119,2.5094,0.0188905,26.7798,10.014,0.975078,0.980412,4.44031,0.180487,5562.18,61,False,-1139.69,8.44811,0.253289
237204346,6257.01,6.54535,1.38455,0.0747891,26.7647,3.014,1.24079,1.39905,4.22447,-0.0589362,6353.0,105,False,-184.039,16.1649,0.365955
160521907,5642.01,10.2683,9.55764,0.0289403,24.9316,12.72,1.28814,1.58233,4.12965,-0.00704696,6254.31,27,False,-306.816,13.5578,0.30356
71347873,2293.01,6.06833,5.32237,0.0389023,24.9313,2.237,0.488322,0.502862,4.7203,-0.0593014,3643.48,30,False,-591.948,9.28619,0.300187
377064495,561.03,25.7123,4.04235,0.117855,24.9133,2.66,0.875052,0.833373,4.53595,-0.00926103,5336.25,4,False,-14284.7,10.1501,0.0575659
142938659,4668.01,1.00265,3.25883e-05,0.155783,24.8963,5.319,0.40894,0.429987,4.7733,0.348719,3382.72,44,False,-149.022,5.51175,0.744508
424112727,5270.01,1.05142,0.539714,0.052003,24.8949,14.898,1.79198,1.96918,4.09163,0.264969,7516.02,21,False,-345.316,5.83134,0.479439
273780062,5888.01,15.2502,2.09664,0.0795578,24.8931,8.794,1.01947,1.04811,4.40271,0.0259355,5796.0,8,False,-38.4728,6.68497,1.39573
438057373,2770.01,4.5698,0.52868,0.0657266,24.8898,13.379,1.24427,1.29525,4.30953,-0.247834,6793.3,16,False,-196.185,7.21411,0.590889
390410937,6375.01,3.06802,0.522979,0.0548316,24.8614,16.45,1.33377,1.49177,4.20147,-0.080836,6632.0,5,False,-237.056,8.5318,0.496238
425508314,4900.01,7.66451,0.199923,0.117857,24.8495,15.604,1.19368,1.48578,4.16212,-0.0816418,6253.14,4,False,-625.659,5.86477,0.354285
302173245,7172.01,2.75464,0.283366,0.0665548,24.8319,3.382,0.929026,0.912789,4.48525,0.0244256,5531.0,37,False,-378.654,10.1316,0.352974
322824542,4723.01,3.66145,2.72253,0.0657814,24.8293,14.399,1.39697,1.47365,4.24572,0.0266209,6861.69,6,False,-234.711,6.5224,0.559119
48018596,2295.01,60.0665,2.08082,0.0498616,24.804,5.054,1.11786,1.34218,4.22532,0.254644,5799.11,5,False,-437.359,11.063,0.3069
288144647,6223.01,3.85564,0.525058,0.0374176,24.7689,6.757,0.564826,0.593247,4.64277,-0.0117362,3909.0,6,False,-3041.96,5.987,0.158751
206669860,327.01,10.0551,4.95782,0.0473066,24.7369,16.095,1.11,1.24207,4.28419,-0.00693828,6031.81,6,False,-239.603,7.40312,0.523927
443115574,2538.01,2.91034,1.1982,0.0791641,24.7034,13.341,2.28907,3.31872,3.7399,0.0159578,8172.62,15,False,-408.234,6.48858,0.421146
102159710,3506.01,4.49607,4.09354,0.0864095,24.6994,9.449,1.13491,1.08935,4.41757,0.208397,5957.25,33,False,-1966.06,11.0577,0.143453
307221757,4930.01,6.77891,4.03316,0.0852889,24.6906,6.281,1.05649,1.06983,4.39859,0.0518959,5896.25,8,False,-855.765,6.25186,0.294096
29960110,1201.01,2.49198,0.754163,0.0286642,24.6396,2.412,0.459664,0.480773,4.73723,0.0327375,3560.02,17,False,-840.917,7.26138,0.279623
247166992,5491.01,5.02299,2.48788,0.993755,24.6393,3.813,0.773314,0.744575,4.57705,0.0811437,4808.78,20,False,,,
144000801,2302.01,1.31038,1.31031,0.0605115,24.6256,3.547,0.835319,0.853326,4.49415,-0.057481,5320.01,30,False,-14284.1,6.61918,0.0702136
186707229,6466.01,1.45727,0.665396,0.0179407,24.6066,10.993,0.991012,0.987208,4.44171,0.0269029,5712.0,20,False,-350.787,6.13399,0.460921
290302491,3280.01,3.83488,1.16231,0.0610028,24.6031,12.69,1.04655,1.59064,4.04335,-0.147763,5863.02,12,False,-51.6093,6.11856,1.21782
178819686,763.02,12.2773,1.84153,0.0791038,24.5997,2.73,0.934377,0.894868,4.50378,0.0111014,5548.57,6,False,-15415.8,6.91979,0.0663612
219338557,133.01,8.19954,1.98189,0.0610516,24.5972,1.755,0.619623,0.646046,4.61326,-0.0462604,4125.82,15,False,-2755.45,10.1873,0.127978
309133240,7338.01,3.38472,1.31422,0.0668821,24.5843,1.875,0.840866,0.821542,4.5353,0.0149284,5199.0,14,False,-1118.58,7.89736,0.232733
90850770,2207.01,8.00061,7.63473,0.252941,24.5839,7.219,1.24346,1.48231,4.18682,0.100294,6222.05,7,False,-531.853,9.44258,0.30655
210629725,4976.01,3.02629,0.456851,0.42786,24.5836,15.893,1.24291,1.27266,4.3215,-0.354249,6924.88,9,False,-253.729,6.51986,0.530468
61988212,753.01,0.555255,0.0197199,0.022222,24.5809,10.553,0.949574,0.937458,4.47082,0.0252468,5591.0,123,False,-25.9116,14.7561,0.925276
404456775,6158.01,3.04445,2.86135,0.0201856,24.5776,13.877,0.558276,0.588183,4.64513,-0.0121106,3413.0,15,False,-3951.31,7.96732,0.123175
349829627,788.01,6.48724,4.07496,0.0596369,24.5752,3.159,1.24759,2.41008,3.7653,0.0738606,5290.19,142,False,-14.7133,7.14114,2.21834
345056639,6744.01,0.86734,0.502259,0.0288484,24.5739,13.066,1.29014,1.46033,4.2027,-0.0724794,6470.0,26,False,-293.393,6.732,0.487025
378976682,1851.01,6.04792,3.17108,0.635759,24.5725,9.103,0.617506,0.658917,4.59274,-0.473066,4458.21,7,False,-66.7291,11.123,0.776829
169191182,6414.01,17.7607,4.16692,0.102086,24.5678,5.656,1.16795,1.30238,4.26267,-0.0347059,6180.8,6,False,-148.376,6.69337,0.688016
458331312,4882.01,4.43612,2.80175,0.0470984,24.5524,13.762,1.34496,1.35348,4.29743,0.0214011,6666.28,11,False,-156.463,6.19847,0.687779
380887434,4527.01,0.399451,0.136379,0.0161944,24.5338,0.873,0.449251,0.459553,4.76265,-0.409824,3696.04,147,False,-70817.6,11.208,0.0233351
306604742,4753.01,5.39699,2.56359,0.130874,24.5336,13.116,1.44045,1.94317,4.00066,-0.00793596,6433.53,12,False,-22.0357,15.0017,0.977618
126322519,5502.01,11.626,10.3199,0.0671582,24.4874,4.243,1.1522,1.24108,4.3048,-0.112138,6298.61,10,False,-44.0188,8.90031,1.11453
255780160,6108.01,3.87838,2.32814,0.0699573,24.4746,8.765,1.00324,1.01102,4.42663,0.0266722,5748.0,17,False,-197.441,8.95898,0.517013
165431806,3872.01,4.41069,3.36136,0.0494482,24.4698,7.506,0.97479,0.958034,4.46007,0.10125,5604.16,5,False,-37.5062,6.13535,1.42405
420369105,6765.01,2.796,2.22804,0.0307862,24.4649,15.662,1.49514,1.60803,4.19695,-0.111741,7566.0,8,False,-796.995,6.08433,0.303811
149496868,5116.01,3.43551,0.592212,0.0443203,24.4549,4.213,0.793429,0.768189,4.56314,0.186956,4845.56,20,False,-12335300.0,8.09675,0.00217038
122981686,6439.01,2.99047,1.55729,0.0438997,24.454,19.351,1.34928,1.50294,4.20104,-0.0838072,6689.6,8,False,-337.196,5.48013,0.482925
371188886,2000.02,3.09369,2.31297,0.648504,24.4457,1.663,1.05243,1.06216,4.39929,0.299518,5673.85,84,False,,,
317548889,480.01,6.86596,1.2772,0.071995,24.4273,2.729,1.23806,1.44782,4.19021,-0.0194965,6242.5,11,False,-1775.6,7.21937,0.190424
339857675,686.01,3.51376,0.582669,0.0334468,24.4213,3.264,1.39687,1.50681,4.2248,0.141394,6697.76,80,False,-137.38,9.51955,0.596366
422914082,4317.01,358.283,20.6359,0.0791287,24.4082,3.746,0.733543,0.726373,4.57273,0.194237,4589.19,3,False,-835.451,7.04772,0.280252
209752908,4483.01,1.75221,0.285196,0.0331265,24.4055,21.93,0.677762,0.69149,4.58612,0.1952,4306.55,30,False,-887.521,5.97165,0.288698
299798795,1224.01,4.17826,2.39785,0.0344859,24.4008,2.216,0.368984,0.382958,4.83435,-0.157531,3440.47,58,False,-0.266274,24.7383,3.22616
37240067,2730.01,2.50843,1.52378,0.0269515,24.3614,20.906,1.09248,1.30883,4.23448,-0.305238,6331.79,8,False,-170.707,6.66427,0.634621
166242494,4942.01,7.92458,4.29093,0.0853908,24.3529,7.64,1.15391,1.18371,4.34884,0.0397691,6143.82,8,False,-1379.4,7.29149,0.214244
318022259,1730.01,6.22623,1.85305,0.0362233,25.4269,2.322,0.518122,0.535557,4.69121,-0.029385,3705.38,10,False,-1388.78,9.77073,0.195932
449549170,3159.01,1.47536,0.303084,0.103429,25.4257,5.232,1.05119,1.65342,4.01618,-0.431767,6181.58,52,False,-18.455,7.15032,2.05928
101225566,6481.01,6.27961,5.986,0.0428195,25.4233,6.42,0.831352,0.812302,4.53994,0.0133945,5159.0,6,False,-675.123,7.18789,0.327561
73649615,756.01,1.23925,0.507364,0.0227856,25.419,2.835,0.488318,0.503872,4.71755,-0.00490885,3622.6,71,False,-502.48,7.23468,0.378805
57793060,3119.01,8.90761,5.33409,0.0630449,25.4111,14.345,1.24453,1.38746,4.24461,-0.0836585,6532.96,6,False,-410.718,6.28325,0.440911
251894891,6187.01,5.51341,4.09571,0.0778112,25.4067,12.565,1.01575,1.03961,4.40819,0.0261043,5785.0,11,False,,,
415143674,4228.01,6.06657,1.18923,0.145304,25.3761,19.59,1.02951,1.78931,3.9299,-0.215628,5679.44,9,False,-103.684,7.78715,0.811761
382045742,3355.01,15.6602,3.24514,0.127557,25.3721,2.087,1.13467,1.13221,4.38301,-0.0337895,6195.92,54,False,-5.08258,10.7699,3.39022
351864831,6183.01,8.73106,6.77683,0.0896627,25.3713,9.423,1.11147,1.21612,4.30355,-0.00790923,6047.0,11,False,-13.2105,5.8071,2.63906
363202582,3188.01,1.56588,0.18465,0.0291571,25.345,12.692,1.17806,1.49554,4.15249,-0.048188,6157.66,32,False,-207.339,6.88908,0.60001
159725995,4595.01,3.77057,3.61801,0.0720984,25.3263,15.666,1.05597,1.24502,4.25981,-0.130943,6042.55,52,False,-341.693,7.77123,0.443848
408609355,6794.01,7.30995,6.26519,0.141933,25.3039,10.798,1.25685,1.41903,4.21736,-0.0633497,6391.0,10,False,-8502.11,8.24583,0.0862209
262471759,2191.01,4.03744,1.00087,0.0923338,25.2956,8.373,1.07388,1.05471,4.41651,0.0503441,5919.32,11,False,-9343.47,7.97922,0.0834917
290263093,3229.01,5.21228,2.06309,0.0753546,25.294,20.504,1.6857,1.87704,4.10858,0.00906714,7642.16,11,False,-132.198,6.97197,0.747648
325527653,4295.01,11.3929,5.58231,0.0906135,25.2929,10.14,0.948543,0.981927,4.4226,0.183528,5481.51,4,False,-6791.42,6.81947,0.104479
166834768,2343.01,3.25525,0.248136,0.040693,25.2899,7.432,1.15299,1.20884,4.32835,0.0959463,6080.08,13,False,-22.0617,7.3726,1.8365
283829553,2301.01,6.05417,5.22729,0.0972803,25.2872,2.639,1.19099,1.55031,4.12522,-0.0899402,6201.28,27,False,-24.2268,16.6721,0.840517
7422496,4189.01,46.9621,32.3632,0.116139,25.2862,2.658,0.916428,0.882045,4.50932,-0.13994,5669.24,3,False,-901.821,7.65993,0.273848
245392284,6030.01,1.74875,0.908728,0.0497799,25.261,12.7,1.49514,1.60803,4.19695,-0.111741,8039.0,27,False,-371.828,7.43662,0.431917
140068425,140.01,2.28929,1.94238,0.323383,25.2533,5.627,1.49725,2.35834,3.86171,0.0261473,6274.25,43,False,-351.505,9.43899,0.394187
381468938,6755.01,5.75887,0.989473,0.0580995,25.2516,10.632,0.815677,0.797456,4.54699,0.0104249,5090.0,4,False,-433.21,6.68747,0.416612
54962195,663.02,4.69558,3.03386,0.0375719,25.2492,2.438,0.49948,0.516148,4.70809,-0.0546301,3668.04,19,False,-408.368,9.5861,0.362088
358579111,2333.01,14.2221,4.44014,0.587646,25.2416,4.859,1.29434,1.74338,4.0557,0.00290143,6204.01,14,False,-7.16218,5.92249,3.66703
1942969,5459.01,2.80783,1.39168,0.0333245,25.2317,15.784,1.24278,1.75395,4.03142,-0.427381,6614.73,27,False,-30.3079,5.91828,1.67575
56658270,6963.01,8.834859518039224,5.713970082770282,0.1262504542411868,25.2054,,0.558276,0.588183,4.64513,-0.0121106,3303.0,20,False,-4889.01,9.74556,0.103059
411731278,6706.01,7.57575,6.2374,0.051144,25.2051,11.761,1.49514,1.60803,4.19695,-0.111741,8044.0,8,False,-20.5476,9.79905,1.63964
427866520,4027.01,3.60745,2.46842,0.0479205,25.1904,2.662,0.891658,0.880619,4.49012,0.013074,5395.34,59,False,-17.0488,8.40209,1.97351
403340402,3993.01,2.22351,0.553606,0.0885961,25.1816,7.638,1.2708,1.43638,4.21118,-0.0671825,6424.0,58,False,-73.7039,11.0164,0.777685
332715376,4354.01,10.67,6.7529,1.28921,25.1717,2.558,0.954009,0.945408,4.46737,0.00849739,5659.88,10,False,-111.723,13.2429,0.530072
289164482,2274.01,2.67963,2.00379,0.0184401,25.1429,1.919,0.587575,0.612732,4.62417,-0.0699922,3940.2,69,False,-369.093,8.40011,0.407216
168384845,2985.01,3.89992,2.76288,0.150208,25.1403,11.873,1.34061,1.92832,3.98781,-0.142621,6418.22,13,False,-21.9544,5.74626,1.99299
166054851,5639.01,3.39572,2.75302,0.0676244,25.1316,2.941,0.71536,0.716551,4.57726,0.190397,4532.11,48,False,-439.136,8.73078,0.365561
190643105,6464.01,9.67679,6.71714,0.139424,25.0819,10.86,1.37983,1.52495,4.20018,-0.0896568,6803.0,3,False,-773.948,6.7667,0.307216
360822008,3274.01,2.90747,1.88733,0.0609054,25.0796,12.715,1.0769,1.07948,4.39795,0.167067,5839.68,8,False,-387.79,6.64808,0.437297
321688498,2290.01,0.38622,0.302357,0.0170651,25.0653,1.252,0.528173,0.541214,4.68793,-0.336254,3856.51,700,False,-758.337,10.8575,0.240766
50575306,4802.01,1.71665,1.39825,0.0570095,25.0549,9.01,1.01176,1.00715,4.43217,-0.101256,5919.55,16,False,-487.398,6.04394,0.402129
230377505,1706.02,7.40575,6.74784,0.0644887,25.0547,1.768,0.976585,0.943957,4.47621,0.143684,5569.73,109,False,-8817.31,10.4019,0.0727271
421006834,6940.01,0.30526,0.0762747,0.01044,25.0471,3.13,0.558276,0.588183,4.64513,-0.0121106,3338.0,419,False,-47.9686,8.35092,1.14215
149349867,2392.03,9.16973,7.21736,0.119883,25.0426,2.32,1.34426,1.63118,4.1327,0.0249833,6462.25,99,False,-177.772,12.1587,0.452657
92590258,6103.01,3.24204,2.34046,0.0600307,25.0142,20.305,1.45147,1.57657,4.19818,-0.103378,7069.0,6,False,-214.219,8.30941,0.534218
319294834,6239.01,6.07493,5.21325,0.0533047,25.008,8.698,0.967382,0.958838,4.45831,0.0259585,5643.0,7,False,-537.273,9.31297,0.316148
230290708,5239.01,11.3182,1.26878,0.0604252,25.0051,10.2,1.11835,1.19137,4.32876,-0.067961,6171.54,7,False,-431.189,6.87748,0.407772
52745699,7381.01,3.16579,1.59988,0.0655157,24.9979,20.53,1.28749,1.45713,4.20379,-0.0717667,6463.47,7,False,-196.625,5.86517,0.638876
278988097,4343.01,11.5418,5.4991,0.0584677,24.9729,2.117,0.975957,0.934266,4.48858,-0.208464,5951.85,84,False,-431.796,14.9323,0.225699
155419920,4919.01,3.64746,0.588234,0.0532868,24.9713,17.563,1.17449,1.42807,4.18925,-0.104735,6245.01,7,False,-361.848,5.22276,0.48513
281885301,5145.01,7.91779,3.759,0.0606081,24.9674,6.496,0.873835,0.842059,4.52855,0.0899676,5258.27,8,False,-727.247,9.17334,0.273323
44647437,435.01,3.35292,0.928548,0.0382459,24.9606,4.242,0.597109,0.627674,4.61401,-0.0209925,3991.89,23,False,-401.103,7.5684,0.405701
355895977,6661.01,10.5789,1.28658,0.0572456,24.9486,3.395,0.832488,0.813378,4.53943,0.0136097,5164.0,18,False,-43.3673,10.0946,1.07031
166851829,2655.01,4.72773,4.2941,0.0485443,24.9427,6.743,1.01695,0.991677,4.44922,0.183423,5658.88,18,False,-216.934,9.89072,0.478316
154459165,611.01,3.14717,0.243613,0.0685693,24.9318,2.589,0.779106,0.7595,4.56897,0.0962168,4874.88,37,False,-88.7466,8.16595,0.837396
441587756,5380.01,3.77231,2.66315,0.0614349,23.7098,3.411,1.34213,1.47941,4.21324,0.0858698,6484.59,45,False,-7.47062,5.77745,3.3225
311116297,5660.01,4.82071,1.75897,0.0377966,23.6893,16.613,0.836767,1.33625,4.0917,-0.278693,5489.96,4,False,-168.289,7.36812,0.58951
120033290,3335.01,2.26539,0.726186,0.172613,23.6844,10.183,1.17111,1.72116,4.02647,0.0863419,5872.69,21,False,-545.602,8.71925,0.299128
422217860,5662.01,2.31441,0.171342,0.0293395,23.6486,3.059,0.577657,0.611478,4.61979,0.0862564,3862.8,30,False,-309.804,10.5764,0.347193
419148828,2857.01,0.621595,0.140072,0.0185749,23.6483,7.218,1.64335,1.30203,4.4161,-0.562398,9330.47,79,False,-181.592,7.89421,0.547591
288224503,3051.01,2.94899,1.22243,0.054869,23.634,10.97,1.54383,1.90346,4.05765,0.00220081,6992.84,16,False,-76.5488,6.91841,0.900154
29781207,5402.01,3.3174,0.78273,0.059373,23.6338,1.602,0.656876,0.66275,4.60659,-0.028289,4242.68,210,False,-4.60779,7.62695,3.94383
104734832,6057.01,10.3279,1.85056,0.212525,23.6219,5.137,1.26165,1.42499,4.21523,-0.0646679,6402.35,6,False,-873.109,7.65509,0.252121
318180448,5033.01,5.46955,2.44509,0.0318471,23.6028,1.517,0.329097,0.347979,4.87301,-0.354533,3471.44,31,False,-185.945,8.69352,0.51207
412666676,6734.01,4.60739,2.65906,0.064172,23.5975,16.902,1.06121,1.13866,4.34535,0.0206793,5917.0,4,False,-540.675,6.1879,0.349576
273418421,4358.01,97.6088,63.4562,0.108962,23.5955,2.349,0.874151,0.830879,4.53686,-0.198622,5548.92,3,False,-4435.45,9.47825,0.098806
52928939,4245.01,3.15274,0.0814248,0.0712813,23.549,4.263,0.854449,0.820725,4.53459,-0.158872,5417.6,31,False,-1622.32,8.1411,0.178388
252585354,6219.01,2.47844,1.33462,0.0248815,23.5253,14.138,1.14008,1.25983,4.28273,-0.0215782,6115.0,17,False,-17.8108,7.40387,1.85133
19519368,494.01,1.70188,1.65334,0.0372444,23.523,1.877,0.813621,0.786002,4.55246,0.141033,4955.48,53,False,-483.831,7.20123,0.346521
273985865,1208.01,3.42394,2.16876,0.0417007,23.5069,1.924,0.897151,0.841835,4.54089,0.0595816,5346.86,82,False,-358.876,11.853,0.287471
289164482,2274.02,1.1188,0.925151,0.0228099,23.5018,1.358,0.587575,0.612732,4.62417,-0.0699922,3940.2,173,False,-300.614,8.40011,0.407216
197807778,4402.01,3.699,1.37021,0.0658201,23.4971,1.742,1.05263,1.09464,4.37491,0.0630307,5876.49,59,False,-565.523,14.3311,0.179946
443341002,3077.01,6.35948,3.9396,0.112907,23.489,17.253,1.44143,1.93247,4.01867,-0.141396,6817.99,8,False,-653.108,5.87892,0.321631
454038613,4340.01,2.66804,1.02477,0.0601294,23.4882,3.443,1.29612,1.39726,4.2558,0.0328561,6529.35,33,False,-539.908,6.60364,0.339275
424391516,1761.01,11.5923,11.4383,0.0813876,23.488,2.374,1.13708,1.15537,4.36592,0.134451,6033.0,69,False,-11.4921,3.31027,2.93727
270716565,4728.01,6.0863,1.08508,0.0262169,23.4784,13.055,0.59916,0.636006,4.60498,0.0360981,3995.34,3,False,-1160.8,9.30604,0.194028
262689575,5961.01,1.61749,0.0927725,0.0319351,23.4735,1.28,0.563094,0.591908,4.6434,-0.0118352,3900.68,68,False,-9.46795,17.5676,0.957124
312083267,1327.01,3.93863,3.59889,0.66366,23.4694,6.746,2.69119,3.92969,3.67253,0.335687,8621.75,54,False,-141.869,8.7427,0.579855
378613125,1981.01,2.47635,1.73304,0.0789531,23.4608,4.252,2.18634,2.03039,4.16411,-0.015394,9667.44,50,False,-11.5219,6.1541,2.51576
310094771,3902.01,2.94061,1.05816,0.0553949,23.4552,6.741,0.91784,0.915378,4.47518,0.0733132,5470.33,15,False,-123.409,10.2488,0.557998
138588540,1434.01,29.9634,16.1888,1.45347,23.4422,1.742,0.796546,0.766402,4.56948,-0.181084,5226.37,6,True,-312.854,9.92368,0.357283
448820344,4928.01,2.77937,1.5129,0.0806144,23.4317,16.552,1.64251,2.01172,4.04288,0.00516628,7365.48,10,False,-129.161,3.43235,0.825747
407313319,4017.01,7.04236,2.23224,0.0565661,23.4187,13.216,1.39516,1.44287,4.26847,0.0102605,6937.89,6,False,-16.3433,6.58945,2.02364
383949205,3013.01,5.4724,0.39477,0.130885,23.4186,16.785,1.22647,2.9142,3.58124,-0.103972,5073.22,10,False,-487.965,7.74179,0.33141
243464977,5895.01,3.64976,0.41117,0.0399275,23.4145,8.409,0.962245,0.952671,4.46192,0.0257532,5628.0,13,False,-126.973,7.97289,0.643102
422037524,6159.01,4.18488,0.548437,0.0311521,23.4143,12.131,0.992005,0.9884,4.44102,0.0269426,5714.9,6,False,-359.963,5.39527,0.443807
393965778,2092.01,4.30325,2.01713,0.0464343,23.3899,2.749,0.975477,0.953324,4.46629,0.116631,5597.94,20,False,-677.28,10.574,0.229843
266425782,3698.01,2.34659,0.538722,0.082026,23.36,15.307,1.29313,1.75743,4.04401,-0.0872197,6266.21,10,False,-177.948,5.32082,0.633463
425997655,174.04,3.97668,0.714207,0.0412708,23.3585,0.891,0.716533,0.713055,4.58188,-0.0694825,4705.63,92,False,-417.741,11.9397,0.26098
139444326,2802.01,3.52664,2.5397,0.044461,23.3146,6.803,1.19489,1.60542,4.10504,0.116898,6005.29,21,False,-392.995,6.67981,0.392034
123627908,2515.01,5.89583,1.92809,0.0384177,23.2749,7.722,1.24192,1.6637,4.08614,0.0337454,6109.77,8,False,-134.796,9.70431,0.548334
21720215,7045.01,2.27758,0.0468713,0.0341677,23.2722,4.479,1.22684,1.38169,4.23064,-0.0551035,6320.0,16,False,-135.778,7.0815,0.651805
120045750,5981.01,7.01425,3.63138,0.0539721,23.2699,3.059,0.558276,0.588183,4.64513,-0.0121106,3721.0,31,False,-4638.94,9.38983,0.0949903
166184428,4336.01,16.3363,15.8824,0.0421005,23.2588,2.324,0.298667,0.330006,4.88057,-0.0464595,3316.4,4,False,-454.377,7.42686,0.346888
279179610,5890.01,5.90297,2.685,0.0616623,23.2543,17.71,1.47113,1.59073,4.19763,-0.107144,7142.0,12,False,-191.01,7.30021,0.540577
440624788,6071.01,5.36654,2.56906,0.04094,23.2524,9.111,0.881532,0.862485,4.51315,0.0197784,5358.0,4,False,-244.846,7.2367,0.478839
398502253,3172.01,3.00311,2.36544,0.061514,23.2506,15.301,1.34324,1.68957,4.10177,-0.129332,6640.24,18,False,-186.187,5.44314,0.611209
160491359,2103.02,20.29288161527617,14.319356581800776,0.0767829471349966,23.2426,,0.815272,0.776094,4.56338,0.210976,4885.48,44,False,-589.017,9.79364,0.258692
63659057,5943.01,15.7856,12.6484,0.1313,23.2295,16.003,1.19192,1.33826,4.2461,-0.04551,6237.4,3,False,-6178.44,8.23453,0.0889151
124454726,3105.01,5.33311,1.02995,0.0589907,23.2232,5.23,1.09304,1.08292,4.40475,-0.000525369,6042.42,13,False,-17.4936,7.53861,1.81854
219847787,5265.01,11.5914,3.13967,0.0415143,23.2141,3.111,1.07587,1.04719,4.42637,0.0153518,5972.03,78,False,-6.61649,7.37524,3.1472
240714633,6288.01,18.0317,13.8358,0.0449029,23.2116,9.466,0.892274,0.8733,4.50729,0.0210596,5400.0,3,False,-2119.79,6.98233,0.164352
366631954,5068.01,4.73695,4.32053,0.0507483,23.2003,2.891,0.793043,0.780501,4.55192,-0.0574129,5095.22,28,False,-155887.0,9.04922,0.0167019
418301643,6247.01,24.0918,6.54545,0.117385,23.1902,4.615,1.34535,1.50011,4.20115,-0.0830541,6675.0,14,False,-507.116,8.81894,0.297997
188646744,5807.01,14.2424,5.82444,0.0906141,24.3467,2.929,1.3833,1.52745,4.20009,-0.0903223,6815.9,14,False,-219.54,7.5266,0.531296
348835438,2669.01,6.2035,3.07564,0.137448,24.3426,17.043,1.17363,3.9214,3.31107,0.102667,4839.18,7,False,-142.992,6.45291,0.701593
346077232,6185.01,6.3722,0.832816,0.0281334,24.3392,14.845,1.25643,1.4185,4.21754,-0.0632336,6390.0,12,False,-2467.63,9.11154,0.142917
437984134,887.01,5.77111,3.7805,0.0711227,24.3294,4.025,1.59235,2.1128,3.981,-0.147829,7210.16,26,False,-104.491,14.4523,0.454054
157667414,4576.01,10.483208781945086,0.5819442743495665,0.0642548057155301,24.2895,,0.658773,0.668625,4.60732,0.132044,4201.56,11,False,-324.7,11.4168,0.333916
356016119,2094.01,18.7931,7.96235,0.0233536,24.2739,2.145,0.368258,0.385273,4.82986,-0.0568712,3407.64,46,False,-17.737,9.34645,1.71802
29959760,2444.01,1.6476,0.516891,0.0187506,24.2446,10.892,0.557532,0.593362,4.63254,0.105587,3790.59,15,False,-211.932,6.57836,0.568029
437774844,6527.01,5.38866,3.93662,0.0460195,24.2324,22.598,0.558276,0.588183,4.64513,-0.0121106,3493.0,5,False,-1133.34,6.37997,0.247359
400762242,3003.01,1.62243,0.289814,0.0526569,24.2305,6.527,1.74066,1.68234,4.21408,-0.0277758,8099.94,65,False,-254.247,7.56649,0.488861
4918918,5747.01,0.554716,0.235278,0.102334,24.2094,1.704,0.558276,0.588183,4.64513,-0.0121106,3466.0,84,False,-60.646,12.2664,0.724371
50751260,4785.01,6.4311,5.19166,0.0505768,24.1936,13.839,1.29706,1.41444,4.24486,-0.12366,6735.81,6,False,-357.7,1.91244,0.550525
17555760,5537.01,22.2895,0.892978,0.239085,24.1759,7.908,1.49654,2.37949,3.84652,-0.0734564,6352.07,4,False,-764.98,7.51729,0.281066
453009027,6462.01,3.87169,0.68814,0.0811264,24.1732,15.348,1.42642,1.55852,4.19888,-0.0985808,6976.0,6,False,-153.332,5.75662,0.697213
138344895,6386.01,6.26634,4.99289,0.0361107,24.1585,15.133,1.22515,1.37959,4.23139,-0.0546389,6316.0,10,False,-358.226,7.78829,0.404178
282935857,5276.01,2.36195,1.66933,0.0500044,24.1276,12.832,1.4429,2.27264,3.87654,0.12672,6045.08,11,False,-429.629,5.31905,0.42386
198206613,1741.01,10.9407,9.02198,0.0440921,24.1075,1.397,0.616971,0.632388,4.62203,-0.143485,4091.11,82,False,-10.6636,4.61621,2.95681
411781649,4698.01,4.23484,1.95968,0.0484428,24.092,13.966,1.01274,1.1254,4.33202,0.198319,5668.7,6,False,-468.551,6.00364,0.390263
1884091865,1697.01,10.7165,0.16344,0.0637768,24.0888,3.227,0.6574,0.673075,4.59702,0.199289,4157.26,28,False,-720.675,6.92097,0.298452
30122649,808.01,9.73941,9.06874,0.0702128,24.0725,2.259,0.856531,0.810045,4.54799,-0.0217424,5248.47,13,False,-58.9198,9.78323,0.879586
236934937,2291.01,9.40586,5.87652,0.0258016,24.0563,2.238,0.467961,0.479314,4.74475,-0.310412,3698.9,57,False,-324.032,18.0599,0.155707
250983039,5291.01,2.30075,2.04479,0.0284768,24.0539,4.892,1.0135,1.02504,4.42133,0.134931,5724.97,16,False,-188.558,10.4745,0.463123
374829238,785.01,18.6286,9.77881,0.559578,24.0284,1.475,0.538226,0.563237,4.66508,-0.0241668,3763.58,38,False,-153.952,10.9969,0.492339
418959198,1424.01,4.89625,1.87119,0.0328897,24.0114,2.692,0.7333,0.720358,4.57879,0.0517316,4656.88,15,False,-646.129,7.93625,0.295183
424196109,5007.01,2.54306,0.0663654,0.0208611,24.0067,11.305,0.567689,0.602325,4.62977,-0.0542406,3886.0,11,False,-847.937,6.25892,0.284382
294471966,1446.01,6.31707,5.9992,0.0449532,24.0009,2.268,0.852641,0.820912,4.53792,0.169705,5104.42,47,False,-21655.3,8.56047,0.0488971
53750200,1914.01,4.19337,0.738729,0.0367109,23.9913,9.486,1.29873,1.50155,4.19554,0.150646,6341.92,22,False,-354.25,8.67606,0.380258
101133275,6332.01,1.66374,0.587233,0.0638045,23.9895,14.411,1.34947,1.50308,4.20103,-0.0838433,6690.3,9,False,-423.797,6.79557,0.390142
441420236,2221.01,8.39553,4.50703,0.313865,23.9602,4.342,0.598225,0.639621,4.59682,0.136872,3949.93,8,False,-31.7706,18.129,0.493675
421894914,1056.01,5.30795,0.75406,0.0630481,23.9233,2.58,1.24486,1.22644,4.34758,0.0682461,6325.42,29,False,-558.101,9.57149,0.283627
240968774,1467.01,5.97115,2.29846,0.029804,23.9086,2.076,0.489216,0.503444,4.7216,-0.203893,3695.32,13,False,-628.897,8.91396,0.2791
258741560,6112.01,1.88644,1.63827,0.030667,23.907,8.18,1.31354,1.47719,4.20204,-0.0769621,6556.9,12,False,-274.401,5.77174,0.511983
29069242,5587.01,3.73486,2.6652,0.0796509,23.8973,14.139,0.909926,1.51392,4.02029,-0.478118,5806.67,5,False,-48.4015,5.97944,1.22007
387318486,5907.01,0.658405,0.182702,0.0170493,23.873,7.343,1.00933,1.02493,4.41766,0.0263959,5766.0,39,False,-330.779,5.56405,0.470524
396813816,3782.01,10.3933,6.5151,0.0200502,23.8689,16.718,1.19183,1.60097,4.10172,-0.330749,6553.76,5,False,-616.14,5.49721,0.345491
313675203,4367.01,2.50258,0.979011,0.0480735,23.8364,2.068,0.931656,0.887539,4.50611,0.159957,5379.57,29,False,-3222.94,7.82346,0.131489
219698776,1243.01,4.6595,1.52459,0.015443,23.8348,2.431,0.468587,0.488453,4.72962,0.044571,3571.61,33,False,-743.539,8.45344,0.263241
356871098,5983.01,1.02718,0.454359,0.0166176,23.8336,2.194,0.558276,0.588183,4.64513,-0.0121106,3406.0,864,False,-6.8438,9.77906,2.73857
279327604,2489.01,1.42695,1.276,0.107149,23.8244,2.312,0.815694,0.891405,4.44448,-0.302133,5581.53,63,False,-735.263,9.87647,0.240052
274137295,4798.01,5.52583,4.29047,0.0382054,23.8223,8.298,0.7974,0.778609,4.55808,0.236118,4864.92,4,False,-1585.99,5.96909,0.209056
221566773,6733.01,3.25327,0.521114,0.0986324,23.8158,15.715,1.33135,1.49002,4.20154,-0.0803717,6623.0,8,False,-446.078,6.83307,0.375562
313006381,4631.01,33.6356,22.332,0.0763318,23.812,2.448,0.877044,0.838051,4.53715,-0.0943085,5474.42,4,False,-1055.29,8.7477,0.216323
165763244,1805.01,24.051,18.5511,0.0684177,23.7877,3.047,0.855336,0.815829,4.54205,-0.011996,5249.0,10,False,-315.706,10.6314,0.346127
160585062,7333.01,6.26445,3.33427,0.0556418,23.7709,2.25,0.702051,0.699323,4.59326,-0.00389267,4568.0,104,False,-5.43663,9.54095,3.17334
63586213,6323.01,4.07287,2.42654,0.056931,23.7443,11.982,1.09639,1.19288,4.31609,0.000667326,6008.0,3,False,-174.77,5.9781,0.629577
1122079,3859.01,1.84669,0.283079,0.0275594,23.7431,10.058,1.02932,1.26286,4.24069,-0.390192,6242.29,12,False,-1457.46,5.68994,0.220535
63470437,3669.01,1.21267,0.771446,0.0338433,23.7415,12.821,0.757602,1.5681,3.91846,-1.96134,6174.97,34,False,-553.288,7.80091,0.316397
127229631,5477.01,5.89355,4.56259,0.0434165,23.7384,9.363,0.875873,0.813516,4.55517,-0.0528276,5345.02,8,False,-201.911,6.59539,0.564829
350814622,6089.01,3.21357,1.09652,0.0869847,23.7166,2.883,1.01136,1.02956,4.41467,0.0263038,5772.0,87,False,-59.9863,7.71573,0.975939
75171363,5455.01,4.26611,1.68011,0.0863609,23.1643,12.237,1.22787,1.42508,4.208,-0.101015,6315.09,12,False,-70.9283,6.84232,0.913816
195155818,5420.01,6.06183,4.85951,0.0774718,23.163,13.708,1.24817,1.45173,4.20373,0.0269947,6319.54,8,False,-16.8248,4.88048,2.16443
446135868,4870.01,1.81189,1.01877,0.0579362,23.152,8.65,0.974937,0.950356,4.46547,-0.316149,6028.95,28,False,-258.965,6.11823,0.495105
80166433,1125.01,0.772484,0.606165,0.0228101,23.1468,2.793,1.49514,1.60803,4.19695,-0.111741,8271.0,79,False,-385.926,7.43911,0.373576
188589164,2013.01,2.61628,0.590677,0.0227129,23.1276,1.185,0.298184,0.320413,4.88978,-0.0954908,3323.44,22,False,-218.485,7.9102,0.481839
449107129,5006.01,4.25407,2.51755,0.0876124,23.1235,15.12,3.38812,2.46506,4.17374,-0.0124237,13161.5,6,False,-21.9601,5.27689,1.83372
18794442,2937.01,2.01396,0.777032,0.0317596,23.1071,11.61,1.24576,1.37226,4.25357,0.209496,6197.86,25,False,-377.69,7.24868,0.38127
142532090,4737.01,9.32028,8.47815,0.10076,23.104,8.198,1.29087,1.52911,4.1676,0.225958,6130.0,7,False,-75.1576,7.62056,0.841634
356158613,1449.02,2.36918,0.218022,0.0330599,23.0906,1.703,0.588317,0.614746,4.62588,-0.0641233,3951.41,93,False,-206.465,10.9692,0.394912
401980624,4372.01,3.27518,1.3339,0.0550746,23.0844,3.095,0.935834,1.06706,4.34222,-0.0887792,5719.79,21,False,-304.895,7.68531,0.412293
110996418,5171.01,15.7814,9.23429,0.0752383,23.0821,12.47,1.01406,1.03574,4.41068,0.026181,5780.0,4,False,-478.399,8.08284,0.320253
269278156,4745.01,4.41551,2.45544,0.04716,23.0793,17.267,0.891892,1.41175,4.07614,-0.782044,6096.93,4,False,-189.972,6.22339,0.572705
320541238,2881.01,2.93011,1.16519,0.0911819,23.0715,17.533,1.14808,1.54246,4.1151,-0.121623,6135.4,7,False,-23.343,6.23669,1.67491
138973825,3880.01,2.16176,1.56469,0.0219995,23.0673,7.183,0.67772,0.709056,4.56184,-0.165764,4630.81,10,False,-1812.59,5.45265,0.192923
136916387,2011.01,11.5779,3.26572,0.0795871,23.0532,1.629,0.915889,1.00752,4.38815,-0.187446,5785.9,6,False,-8016.1,15.1844,0.0409616
287584141,3052.01,2.31037,1.2087,0.0681716,23.0487,13.76,2.09398,1.6644,4.31244,-0.352449,10543.9,12,False,-1517.57,5.74439,0.207152
290337456,4959.01,4.60063,1.96489,0.0734156,23.0398,15.362,1.2436,1.29126,4.31195,-0.0691269,6570.45,6,False,-955.262,6.06166,0.256278
96925186,2518.01,6.89794,3.96183,0.0708542,23.0356,2.392,1.03807,1.00104,4.4541,0.0166181,5883.04,25,False,-43.2196,8.34875,1.06013
233287217,7020.01,3.16423,1.98234,0.027385,23.02,7.979,1.42615,1.55833,4.19889,-0.0985292,6975.0,28,False,-17.3021,2.69504,2.37047
229713401,5608.01,6.44243,1.82763,0.0565394,22.9631,2.977,0.77726,0.741888,4.58222,0.273925,4693.8,62,False,-151.009,8.6213,0.547154
405700729,835.01,4.792015677097854,0.2410583089641629,0.0305367874747541,22.9396,,0.932441,0.881836,4.51381,0.0857755,5440.95,23,False,-541.816,6.97965,0.320129
399847887,4925.01,3.95221,3.91059,0.0628192,22.9338,15.758,1.07031,1.25425,4.26105,-0.126843,6069.91,13,False,-547.066,5.51046,0.347795
152326573,3405.01,6.14626,4.76278,0.0573986,22.9316,21.583,1.44095,1.52478,4.22092,-0.0325173,7001.64,4,False,-168.258,6.22369,0.603533
467666275,1204.01,1.38121,0.96096,0.0450077,22.9242,2.12,1.28978,1.68714,4.07733,0.0164831,6108.94,89,False,,,
236632480,5215.01,7.42819,1.17796,0.0697443,22.924,11.924,1.17345,1.2101,4.33351,0.208216,6030.4,4,False,-300.492,5.78426,0.462266
248434716,940.01,0.739381,0.502692,0.0128401,22.8724,3.966,0.817995,0.79965,4.54595,0.0108639,5100.2,33,False,-413.191,5.67901,0.395127
331484419,5811.01,6.25869,3.49342,0.0792363,22.8619,2.89,0.955396,0.944448,4.46673,0.0254795,5608.0,4,False,-76.0784,5.26168,0.950775
100608026,475.01,8.26176,4.36976,0.0513836,22.85,2.39,0.568532,0.593201,4.64359,-0.210591,3933.68,10,False,-738.514,6.96466,0.272792
286916251,1794.01,8.76557,3.94406,0.0788778,22.8358,3.205,1.03289,1.21115,4.27694,0.0572731,5811.91,12,False,-88.9806,8.04044,0.737988
343774169,7163.01,5.39155,4.44531,0.0465873,22.8196,5.609,0.835895,0.816606,4.53789,0.0142552,5179.0,8,False,-139.404,8.38591,0.573376
52368076,125.03,19.9815,17.5386,0.0611544,22.8024,2.866,0.853406,0.830224,4.52979,0.0306719,5245.3,7,False,-224.992,12.88,0.309569
180931993,6468.01,12.1227,8.79619,0.0900691,22.7906,15.34,1.37875,1.52417,4.20021,-0.0894505,6799.0,4,False,-698.092,6.25032,0.292169
101961987,6515.01,3.81396,0.845145,0.0926055,22.7855,9.589,0.989985,0.985975,4.44244,0.0268619,5709.0,6,False,-658.446,5.76542,0.309589
406106335,4969.01,3.07731,0.29898,0.0800195,22.7839,16.495,1.54293,1.53339,4.2446,-0.0279102,7414.32,9,False,-196.35,4.93167,0.596539
154576989,6206.01,13.1472,7.14389,0.0860834,22.7823,10.212,0.976628,0.96994,4.45182,0.0263281,5670.0,4,False,-530.3,6.38525,0.332461
366443426,4304.01,15.5717,15.3939,0.103258,22.7812,2.524,1.1732,1.27846,4.28869,-0.0755989,6337.47,11,False,-32.8118,10.0535,1.05961
188865842,4955.01,3.14189,1.45415,0.0265495,22.7701,11.34,0.834853,0.786918,4.56333,0.0542147,5080.54,8,False,-1590.02,5.7785,0.198714
27863043,5953.01,7.49247,6.95704,0.11555,22.7661,2.383,0.851864,0.832615,4.5293,0.0162401,5242.0,6,False,-179.812,7.14449,0.545691
53461742,7380.01,4.41327,1.488,0.0629808,22.7655,18.195,1.33242,1.4908,4.20151,-0.0805781,6627.0,5,False,-83.4068,6.33642,0.846895
258776466,7391.01,7.41085,2.62627,0.0387515,22.7133,2.733,0.558276,0.588183,4.64513,-0.0121106,3578.0,113,False,-12.8427,5.98594,2.29135
307456716,2830.01,4.2542,1.54256,0.0993344,22.7115,7.291,1.11386,1.21981,4.3016,-0.00922863,6053.1,6,False,-118.862,5.61846,0.736079
281541545,6720.01,4.14704,3.34042,0.135122,22.7097,5.152,0.635209,0.647653,4.61737,-0.00771325,4247.0,20,False,-1768.25,7.5919,0.167642
307849973,4567.01,0.8409489592794401,0.5364094074197634,0.0258212037391125,22.7036,1.374,0.559324,0.590944,4.64087,-0.112215,3871.39,411,False,-744.875,12.4241,0.175768
96165095,5345.01,1.10622,0.125101,0.0356243,22.6826,3.043,1.15692,1.1608,4.37129,0.0291152,6187.47,116,False,-647.911,10.8407,0.217149
316468545,2050.01,13.5969,2.73985,0.0518641,22.6583,2.265,0.937606,0.907394,4.49592,-0.165342,5780.03,23,False,-34.817,8.74633,1.12305
437054764,5176.01,20.3631,12.6005,0.063696,22.6084,9.106,0.448494,0.424168,4.82887,-1.03558,4096.35,3,False,-15380.1,9.4219,0.0495527
283165117,5875.01,5.21636,2.3743,0.0599764,22.6038,8.873,0.853399,0.83416,4.52847,0.0164231,5248.0,5,False,-1881.83,5.50844,0.183755
439873430,4671.01,17.1463,1.68398,0.0829118,22.6035,5.819,1.0102,1.03785,4.40566,0.110257,5729.17,4,False,-326.331,7.80726,0.382847
193220940,2806.01,11.4045,1.38514,0.0902827,22.6018,4.594,1.29338,1.34208,4.29086,-0.0687348,6661.56,5,False,-15.9072,8.01829,1.77925
325647810,6600.01,3.803,2.08295,0.0549265,21.3565,3.748,0.803183,0.785622,4.55261,0.00805783,5035.0,13,False,-282.918,8.39128,0.36044
59770954,4748.01,4.10175,1.99336,0.0750258,21.3305,14.611,1.19475,1.2932,4.28535,-0.0335363,6332.91,11,False,-1724.08,6.45933,0.167009
171922657,6391.01,5.01476,3.74943,0.0715634,21.3276,8.552,0.92043,0.902469,4.49129,0.024082,5505.9,4,False,-518.569,7.27104,0.288223
142748283,2096.02,6.38782,4.18065,0.0307008,21.3186,2.069,0.218255,0.240551,5.00641,-0.0553922,3216.22,32,False,-1411.24,9.48872,0.146863
96317115,4806.01,8.44768,2.79956,0.0803403,21.3105,5.153,1.07652,1.05926,4.4189,0.0311134,5973.31,8,False,-121.004,7.22697,0.60102
147437399,2756.01,1.56237,1.25517,0.0389469,21.2898,22.004,1.1699,2.96285,3.5397,-0.00826572,4946.24,13,False,-157.176,5.44426,0.59242
441614965,5707.01,2.03643,0.147288,0.038533,21.2888,1.572,0.93656,0.921835,4.47996,0.0247267,5553.0,79,False,-226.219,9.07452,0.38003
316416562,5630.01,3.222,0.474595,0.0739738,21.2884,2.041,0.914314,0.89455,4.49561,0.150974,5379.32,25,False,-38.1811,12.9195,0.644044
202185707,4325.01,1.65008,1.08227,0.0165454,21.2878,3.174,0.437595,0.453966,4.75993,-0.000531696,3504.63,39,False,-108.391,6.71078,0.657771
135036669,2640.01,0.911221,0.0496886,0.0321246,21.2651,7.056,0.228712,0.263622,4.95906,0.351066,3157.36,79,False,-8.81837,8.50196,2.15248
297853363,6531.01,4.41538,3.77865,0.0987141,21.2597,8.697,0.837542,0.818195,4.53711,0.0145319,5186.0,12,False,,,
258037656,5879.01,4.03306,0.361512,0.0258279,21.2524,14.692,0.558276,0.588183,4.64513,-0.0121106,3355.0,7,False,-832.646,5.63015,0.252617
134221850,4789.01,7.50025,7.34087,0.052076,21.2488,11.286,1.04909,1.0581,4.40381,0.0939644,5828.48,9,False,-278.718,7.94261,0.372713
16264917,5060.01,1.26358,0.740637,0.0963382,21.2443,12.482,1.34733,1.21814,4.39368,-0.504195,7746.1,36,False,-123.674,6.62714,0.616934
294295243,4995.01,8.78025,6.43528,0.054496,21.2353,9.67,1.2966,1.81533,4.02667,-0.0776299,6294.73,11,False,-39.078,9.19625,0.915422
77156829,696.02,3.69426,0.153956,0.0219786,21.2265,1.231,0.329653,0.35003,4.86767,-0.211902,3419.45,26,False,-254.536,8.02152,0.387164
69819610,2324.01,1.03618,0.128325,0.0723925,21.2187,2.242,1.13598,1.47166,4.1528,-0.240254,6289.01,62,False,-10.1541,7.25514,2.1765
121070864,6913.01,0.584315,0.132453,0.0147867,21.2039,4.744,1.39809,1.53811,4.19967,-0.0931542,6870.8,100,False,-102.411,7.3637,0.642765
448536355,2972.01,2.84165,2.11625,0.0438261,21.1755,10.17,1.01163,1.0482,4.39535,0.284902,5597.85,17,False,-260.779,9.56776,0.336208
392914193,6565.01,0.877553,0.534367,0.0196913,21.1712,6.81,1.18032,1.32126,4.25377,-0.0405316,6210.0,22,False,-225.192,6.02545,0.47232
405559035,2037.01,11.1517,8.99995,0.0970362,21.1419,3.241,1.15517,1.18308,4.35048,-0.0396403,6237.22,16,False,-329.375,8.81801,0.317391
372448111,3182.01,5.07004,0.973801,0.0625553,21.1188,7.175,0.914778,0.914338,4.47617,-0.30441,5873.13,11,False,-115.184,6.11251,0.656593
45881495,6499.01,9.04266,2.1167,0.0244147,21.1132,16.886,0.558276,0.588183,4.64513,-0.0121106,3642.0,6,False,-469.383,6.67509,0.31123
281987399,2786.01,3.75781,0.909866,0.0860348,21.1084,15.096,1.18944,1.44435,4.18158,-0.0659249,6224.64,5,False,-255.707,6.03305,0.440982
71088556,2471.01,6.58569,5.25506,0.0414263,21.0974,11.008,1.5418,2.35141,3.86928,-0.00804097,6366.94,8,False,-105.64,5.84639,0.697216
231721005,2448.02,19.758,11.7394,0.0747598,21.0969,3.814,1.93135,1.75801,4.22728,-0.368959,9666.45,26,False,-4.53337,16.7582,1.07968
142916753,6410.01,5.14687,4.8733,0.0882169,21.077,14.644,1.33808,1.49487,4.20135,-0.0816613,6648.0,5,False,-128.831,6.24969,0.612995
286923515,7083.01,7.62496,6.31899,0.131644,21.0757,4.666,0.89432,0.87536,4.50618,0.0213036,5408.0,15,False,-10.9875,5.70286,2.29383
238751619,6292.01,0.823608,0.396174,0.0355737,21.0607,4.934,1.17693,1.31608,4.25621,-0.0389355,6202.0,48,False,-78.5596,7.24698,0.734121
123309556,6006.01,2.50806,1.54997,0.022529,21.0529,3.025,0.732662,0.722985,4.58221,-0.00214305,4715.0,93,False,-144.005,11.2359,0.383628
4165850,5160.01,4.28075,3.72303,0.0440539,21.0456,2.432,1.01414,0.986322,4.44867,0.184822,5629.44,41,False,-2184.99,10.656,0.103631
224297408,5733.01,8.2752,0.237357,0.0420836,21.0349,2.563,0.664755,0.670492,4.60671,-0.00602446,4388.89,14,False,-191.359,9.34313,0.395791
295233473,3226.01,2.37113,2.14542,0.0653698,21.0319,7.81,0.813151,0.880144,4.45244,0.0638255,5172.68,22,False,-563.662,6.66476,0.282521
322270620,1083.01,12.9802,12.7055,0.0515974,21.023,2.647,0.498999,0.516487,4.70446,0.136014,3615.48,13,False,-338.573,8.51097,0.317806
186989177,6304.01,3.64497,1.94135,0.095103,21.0179,7.604,0.897645,0.878708,4.50437,0.0217002,5421.0,5,False,-72.4161,5.93709,0.835431
120826158,4495.02,2.56935,2.31144,0.137305,21.0122,1.784,1.19273,1.28574,4.29134,0.153604,6150.55,65,False,-97.4624,8.63791,0.589319
122613513,279.01,11.4707838,2.4725687706170163,0.0770416666666666,21.0007,,0.674213,0.682517,4.59115,-0.0148236,4390.32,12,False,-137.325,9.94076,0.442707
307958020,4633.01,271.939,181.47,0.225491,20.9922,3.269,1.11226,1.39039,4.19658,0.310371,5747.05,3,False,-5.22653,9.95577,2.51977
370009806,6282.01,12.4752,8.93635,0.0856982,20.9911,2.063,1.11467,1.22104,4.30103,-0.0096077,6055.0,30,False,-4.04019,8.78494,3.26165
59128183,2453.01,4.44143,4.00096,0.0256511,20.9833,3.449,0.498838,0.514516,4.7074,0.08701,3625.0,24,False,-699.758,7.97338,0.229534
390723664,3299.01,2.92643,2.48412,0.0568426,20.9766,6.544,0.797934,0.773687,4.56461,-0.0511259,5097.77,21,False,-531.062,8.31876,0.256461
55652896,216.02,17.3339,3.40141,0.68526,20.9763,2.081,0.835029,0.798862,4.55438,0.263499,4965.82,57,True,-1.382e-05,22.6644,0.422143
179739873,6556.01,12.9622,12.1071,0.0786132,20.9686,6.461,1.09175,1.18573,4.31995,0.00330627,5996.0,4,False,-745.965,6.64232,0.244784
118327550,244.01,7.39724,3.23607,0.027279,20.9526,1.461,0.389344,0.409267,4.80285,-0.00843652,3421.3,15,False,-373.674,8.24293,0.307213
452281203,3502.01,3.4468,2.30688,0.0204295,20.9038,11.568,1.59671,1.52655,4.27342,0.0310618,7652.94,14,False,-287.51,6.63713,0.393421
269728501,4566.01,2.08449,0.226085,0.0311512,20.9009,1.639,0.717413,0.697716,4.59631,0.263993,4418.88,178,False,-30.2257,14.9359,0.518293
408416746,4324.01,6.25095,1.12882,0.0252048,20.8821,1.198,0.368407,0.384003,4.83569,-0.258187,3488.94,14,False,-1957.55,9.18903,0.123229
346929661,2043.01,12.014,1.5689,0.727554,20.8737,3.531,1.09753,1.18383,4.32619,0.0443679,6003.13,18,False,-2.4113,17.4506,1.2857
336255880,6091.01,5.1856,3.47838,0.0357115,20.8475,3.065,0.567325,0.595179,4.64187,-0.0115934,3921.0,33,False,-522.119,7.81754,0.26626
47601197,2350.01,8.65631,7.14796,0.0666276,20.8346,4.851,1.00889,1.00372,4.43052,0.275112,5566.95,4,False,-145.791,13.969,0.266627
311284709,6363.01,6.58114,0.394178,0.0932415,20.827,12.773,1.32539,1.48573,4.20171,-0.0792317,6600.9,4,False,-140.419,5.32546,0.613542
443666343,3500.01,7.29878,2.99708,0.166497,20.8257,3.9,1.03224,0.993992,4.45155,0.232051,5645.92,10,False,-22.8154,15.2552,0.560934
219306934,2201.01,1.34777,1.24312,0.0199379,20.8206,4.268,1.24403,1.39621,4.23912,0.0934497,6302.0,44,False,-89.5889,6.31343,0.721111
81212289,3823.01,0.684832,0.278794,0.0184119,20.8107,6.034,1.24299,1.36475,4.25586,0.0219112,6379.56,53,False,-771.334,10.4892,0.173425
367630162,2104.04,1.98031,0.0274432,0.0308346,20.8102,1.232,0.751507,0.724532,4.58923,-0.0658217,4838.49,106,False,-106.163,9.25457,0.526957
5724439,6333.01,2.72059,0.804033,0.0483178,20.7941,3.993,1.01562,1.0393,4.40839,0.0261104,5784.6,26,False,-380.289,8.3833,0.297356
336075472,4632.01,63.0398,42.9111,1.89018,20.7759,2.752,0.67579,0.672987,4.6066,0.249993,4160.15,4,False,-151.576,13.7142,0.268901
463011281,4905.01,11.1377,9.65777,0.0409027,20.7711,12.996,1.72901,1.40049,4.37794,-0.270075,9029.14,7,False,-364.592,7.24706,0.330964
445370101,6306.01,3.66166,2.74356,0.0902811,20.7641,8.878,1.02962,1.07129,4.38776,0.025475,5826.0,5,False,-42.8388,7.10806,0.990235
381714186,1839.01,1.42379,1.1564,0.0341712,20.7539,2.361,0.895279,0.857118,4.519,0.141694,5268.06,36,False,-274.487,7.77729,0.36629
400972123,4550.01,1.88687,1.50532,0.0528715,20.7461,4.868,2.47492,2.33723,4.07913,-0.00694051,10051.0,75,False,-19.4965,6.17912,1.59415
58997701,5453.01,8.37624,5.17734,0.0731437,20.73,10.811,1.07066,1.08294,4.39214,-0.0612629,6033.69,5,False,-10.3659,7.10583,2.09942
63717709,3667.01,5.45048,0.430189,0.0540089,20.7278,10.56,1.09525,1.24078,4.28122,0.0552495,5957.84,8,False,-27.2504,10.8112,0.909586
72401290,4913.01,6.54304,4.31355,0.0507295,20.7251,4.981,0.717893,0.716392,4.5825,-0.0476412,4714.26,7,False,-291.327,7.05769,0.374404
369062542,5827.01,5.04821,4.38627,0.0803826,20.7248,12.088,1.02793,1.06742,4.39025,0.0255518,5821.0,4,False,-178.251,6.36815,0.503715
229618478,5737.01,19.4478,15.5412,0.0532762,20.7113,2.74,0.576696,0.602422,4.63849,-0.0110578,3966.0,42,False,-662.678,11.1443,0.173462
302453291,6827.01,4.47276,1.66578,0.141147,20.7073,4.759,0.782307,0.765848,4.562,0.00410269,4943.1,6,False,-101.136,6.30969,0.672918
383313006,6758.01,12.6136,6.20857,0.054156,20.6677,3.748,0.558276,0.588183,4.64513,-0.0121106,3719.0,7,False,-109.288,10.0272,0.478137
279920478,5781.01,5.38268,2.06428,0.166915,20.6548,3.685,0.782057,0.765611,4.56212,0.00405535,4942.0,11,False,-114.452,6.47172,0.622583
374919956,6042.01,7.78641,6.46859,0.0359628,20.6497,7.486,1.49514,1.60803,4.19695,-0.111741,9434.0,5,False,-1649220.0,12.5841,0.00292668
96973930,2241.01,3.32463,1.54256,0.0485766,20.645,3.444,0.746134,0.733399,4.57735,-0.00137298,4779.7,7,False,-222.15,5.20741,0.484732
232971294,1281.01,6.39093,6.38032,0.164243,20.6428,2.036,1.19195,1.2806,4.29032,0.0937096,6168.15,36,False,-740.285,9.70848,0.187545
400503123,7447.01,1.50493,1.08748,0.0297471,20.6409,9.898,1.49514,1.60803,4.19695,-0.111741,7284.0,18,False,-20.4947,6.80832,1.47419
378291076,1620.01,1.59819,0.18914,0.0447486,20.6376,2.388,1.19059,1.46677,4.17584,-0.248867,6502.56,121,False,-479.834,7.71122,0.27558
219113246,5376.01,2.98568,2.61724,0.436483,20.6102,6.768,1.54631,2.74721,3.73941,-0.260077,6513.12,211,False,-8.97925,13.5477,1.17904
77253676,697.01,8.60782,8.01438,0.0704277,20.5919,2.328,0.974535,0.933617,4.48124,0.176161,5513.92,11,False,-1606.4,7.37703,0.153755
237201858,2286.01,179.403,128.147,0.21661,20.5916,4.301,1.24369,1.4546,4.20184,-0.0634361,6433.69,4,False,-2.85161,7.69349,4.31766
199712572,6082.01,3.59416,3.49935,0.0337812,20.5381,1.127,0.984848,0.979807,4.44604,0.0266566,5694.0,236,False,-23.2791,4.03845,1.64394
453260209,1215.01,1.21245,0.557963,0.0177533,20.5129,1.349,0.548842,0.580946,4.6458,0.173715,3740.14,196,False,-142.775,9.83998,0.418888
310380289,5736.01,0.648987,0.243213,0.0144158,20.5066,2.109,0.573156,0.599686,4.63977,-0.0112601,3949.0,194,False,-274.891,10.3772,0.28571
470898625,7444.01,5.88583,1.96292,0.0391571,20.484,11.944,1.21585,1.36802,4.23551,-0.0520838,6294.0,4,False,-376.668,5.40784,0.362957
160476088,4948.01,0.472135,0.142897,0.0275471,20.483,7.298,1.03455,1.01842,4.43322,-0.0593154,5936.55,47,False,-338.808,6.42051,0.357063
122617317,4311.01,15.0701,8.81485,0.0897631,20.4789,2.318,0.815767,0.808979,4.52926,-0.0432655,5180.09,9,False,-143.699,10.3024,0.398104
328081248,5799.01,4.1645,2.42538,0.0270366,20.466,3.912,0.558276,0.588183,4.64513,-0.0121106,3521.0,11,False,-50.6088,10.6672,0.652101
177079323,2353.01,5.75172,0.561972,0.0382036,20.4625,4.535,1.29457,1.63852,4.10837,-0.438635,6940.15,147,False,-34.6156,3.59702,1.36558
456783397,6140.01,3.47556,1.42618,0.0475398,20.4605,13.871,1.14262,1.26371,4.2809,-0.0227753,6121.0,8,False,-104.382,5.67554,0.68003
33159936,2928.01,2.84574,1.21222,0.0685019,20.4541,13.145,1.34651,1.30878,4.32264,-0.187395,6951.83,36,False,-119.66,8.25776,0.523436
154258295,5638.01,1.00345,0.161555,0.0418583,20.4537,2.613,1.07199,1.05502,4.41646,0.297334,5729.16,103,False,-436.963,7.43106,0.290988
125563127,6443.01,9.98206,0.00543604,0.060031,20.4522,10.845,1.28306,1.45162,4.20575,-0.0705506,6453.0,3,False,-18.2217,5.37426,1.71055
47244580,6450.01,3.60978,1.47653,0.0477823,20.4458,7.074,0.755151,0.740369,4.5741,-0.000857621,4823.0,6,False,-293.285,6.30883,0.385964
115010361,5163.01,15.4656,2.29388,0.0712226,20.4272,5.201,0.891371,0.924436,4.44636,-0.141541,5602.4,4,False,-584.517,13.5363,0.133058
233867481,7010.01,4.19732,2.86034,0.0422759,20.4242,9.3,0.958478,0.948148,4.46457,0.0256027,5617.0,5,False,-31.3828,5.56589,1.26599
328933398,1873.02,900.193,165.257,0.133436,19.428,4.252,0.977121,0.944583,4.47604,0.186293,5538.53,3,False,-159.767,8.49561,0.405369
55315929,5556.01,0.719579,0.34048,0.0370287,20.3914,1.689,1.13262,1.17206,4.34611,0.214889,5938.84,92,False,-314.914,7.11454,0.34974
176796997,926.01,1.79932,1.35929,0.0233173,20.3805,3.059,0.972656,0.96517,4.45461,0.0261693,5658.4,34,False,-583.765,7.61372,0.246676
224635135,5900.01,2.4674,2.2148,0.0619934,20.3793,12.933,1.07783,1.16428,4.33152,0.0112231,5960.0,10,False,-116.704,4.73558,0.679952
137151335,5979.01,4.72672,4.51194,0.0591537,20.3687,1.771,0.971492,0.963772,4.45543,0.0261228,5655.0,37,False,-2319.04,8.76179,0.112374
272782368,5985.01,2.41577,0.768027,0.0438666,20.3671,1.183,0.758204,0.743018,4.57285,-0.000463576,4837.0,286,False,-21.7955,14.9757,0.556168
141458054,6423.01,1.36494,1.01725,0.0262802,20.3658,14.976,1.25727,1.41955,4.21717,-0.0634659,6392.0,20,False,-373.522,6.08283,0.345313
27194429,1831.01,0.555324,0.133271,0.0146863,20.3533,4.545,1.44074,2.24844,3.88327,-0.36547,6752.31,60,False,-61.8858,8.18978,0.730145
259708416,6358.01,5.38051,4.22681,0.06719,20.3518,12.326,1.29186,1.46157,4.20265,-0.0728096,6476.4,3,False,-64.5048,7.20848,0.772412
220414682,4558.01,6.58126,0.147109,0.0933165,20.3501,2.12,1.05138,2.27844,3.73243,-0.125569,5140.59,147,False,-11.1025,5.42589,2.21414
157050713,6415.01,20.8376,3.90893,0.0772132,20.3164,15.303,1.16126,1.29216,4.26749,-0.0315537,6165.0,3,False,-393.083,6.51498,0.325223
150531994,5008.01,2.77784,2.32498,0.0716036,20.314,8.491,0.816663,0.848787,4.48511,-0.0862214,5276.56,16,False,-119.293,8.03497,0.527805
369532319,5967.01,15.3435,7.59934,0.155022,20.2998,4.543,1.00662,1.01875,4.42165,0.0265187,5758.0,5,False,-3788.55,12.4414,0.059514
445276138,7341.01,0.492534,0.17881,0.0200863,20.2834,3.687,1.41323,1.54901,4.19925,-0.0960532,6927.0,130,False,-169.779,8.01198,0.441267
85281192,6317.01,4.24553,1.50585,0.0340267,20.283,10.95,0.558276,0.588183,4.64513,-0.0121106,3518.0,4,False,-167.608,7.01393,0.480252
50312495,1211.01,18.1664,9.38861,0.0520809,20.2366,2.585,0.991276,0.984832,4.44187,-0.115146,5871.55,14,False,-1139.09,9.25442,0.151781
285094173,1817.01,13.3982,7.83305,0.0421743,20.2309,5.631,1.19453,1.28177,4.29426,-0.0093337,6311.07,6,False,-230.213,7.89029,0.380591
451254008,3158.01,6.85692,1.36009,0.0892145,20.1958,21.504,1.44488,1.88273,4.03507,0.03345,6514.4,4,False,-134.245,5.30933,0.602751
187416256,5914.01,4.38692,2.14155,0.0628607,20.1639,8.6,0.9393,0.925124,4.47804,0.0248362,5561.0,4,False,-159.025,6.94852,0.491176
256576519,6290.01,17.6037,10.9046,0.0713806,20.1561,2.717,0.857746,0.838538,4.5261,0.0169416,5265.0,13,False,-609.477,12.4762,0.145215
82598822,5758.01,10.9299,5.08757,0.0481749,20.152,12.197,0.937245,0.922657,4.47948,0.024754,5555.0,4,False,-1190.36,6.79022,0.180641
269190305,4717.01,4.16074,0.452548,0.0568499,20.141,16.98,1.6487,1.52649,4.28593,-0.0265131,8060.1,5,False,-7.67759,4.44204,2.86365
422923265,1641.01,1.8765,0.887238,0.246106,20.1327,5.931,2.18828,2.58746,3.94937,-0.572059,10175.3,37,False,-150.586,8.26637,0.453355
12061971,6470.01,13.7334,11.4637,0.034143,20.1066,12.646,1.267,1.43164,4.21286,-0.0661372,6415.0,4,False,-267.92,9.83529,0.293482
363632843,3186.01,3.61301,0.0537985,0.0534291,20.0772,12.528,1.54347,1.48115,4.28347,-0.10484,7767.61,23,False,-50.8106,8.76022,0.751596
232025086,874.01,5.90496,1.48922,0.0792005,20.0766,2.066,1.24494,1.37534,4.2503,0.0227954,6379.96,31,False,-207.098,8.46449,0.377736
101230735,1060.01,2.06856,1.07347,0.0183655,20.0709,3.295,1.03322,1.08264,4.3808,-0.130924,6045.05,28,False,-182.403,7.5642,0.433739
153951307,1238.02,0.764583,0.740561,0.0182551,20.0608,1.377,0.578615,0.609842,4.62532,0.00788139,3896.62,229,False,-149.952,8.96813,0.424702
320847025,6978.01,9.125804887634574,7.152347475913905,0.0636281597421214,20.0547,,0.739352,0.728157,4.5798,-0.00176064,4747.13,12,False,-131.522,9.24237,0.442353
302759417,4687.01,3.31379,2.45322,0.0592028,19.9934,14.783,1.3924,1.55001,4.18226,-0.00217813,6669.51,6,False,-134.896,5.6971,0.577442
397053253,6886.01,4.80029,2.13719,0.0388611,19.9775,5.524,0.722165,0.714871,4.586,-0.00274304,4664.59,12,False,-2656.43,9.63281,0.0935718
198458010,6067.01,87.2128,31.8306,0.0639271,19.9605,3.701,1.19133,1.33753,4.24636,-0.0453474,6236.0,10,False,-4.81693,7.44387,3.00173
140893722,6900.01,13.858,8.61661,1.15663,19.9571,1.413,0.681228,0.683226,4.60077,-0.00508288,4468.0,80,False,-148.386,12.4807,0.287769
387401076,5306.01,5.33313,3.82788,0.0588971,19.9512,7.743,1.01585,0.986663,4.45595,-0.13462,5985.45,8,False,-282.772,6.15057,0.383764
7274938,4215.01,1.09943,0.727661,0.0261693,19.9511,9.61,1.29554,1.4843,4.20325,-0.469007,7305.7,45,False,-253.025,7.45408,0.367507
470450936,6349.01,2.79346,0.959018,0.0531257,19.936,5.146,0.964642,0.955549,4.46024,0.025849,5635.0,14,False,-422.505,8.68715,0.255636
415976665,3651.01,1.52446,1.48301,0.0337791,19.9317,6.519,1.49346,1.83989,4.07005,0.0355299,6781.01,43,False,-6.85946,7.89532,2.34223
231937828,4780.01,4.69463,4.26229,0.0584252,19.9229,16.405,1.39111,1.91378,4.00543,-0.0835485,6468.44,4,False,-134.299,5.86558,0.569063
339503267,3784.01,4.9394,0.181286,0.0785972,19.9181,6.794,0.968409,0.960072,4.45759,0.0259996,5646.0,13,False,,,
458686969,5073.01,3.13941,1.05347,0.07431,19.9116,15.573,1.04576,1.41714,4.14354,0.0387692,5779.86,6,False,-127.617,6.32473,0.564411
355449539,6483.01,5.20778,3.1507,0.0224778,19.898,6.114,0.786373,0.769699,4.56017,0.00487306,4961.0,10,False,-122.926,7.128,0.540632
294097592,4286.01,1.02685,0.643254,0.0581246,19.8748,2.704,0.81582,0.794328,4.54906,0.155111,4987.55,304,False,-291.968,9.69049,0.27868
247912728,5439.01,5.07659,1.88625,0.0810307,19.8586,20.032,1.44152,1.90592,4.02194,-0.50732,7366.56,8,False,-41.5679,9.54826,0.759342
445496795,3644.01,1.83174,0.601933,0.0396884,19.8465,12.232,1.8432,2.39513,3.94165,0.0113243,7720.39,25,False,-147.071,8.29546,0.446609
307079330,4301.01,6.54456,3.50803,0.0504786,19.8405,2.543,1.01425,0.96345,4.47134,0.149665,5646.46,19,False,-341.356,8.15093,0.295696
6010784,4892.01,4.51611,0.464835,0.0801914,19.8385,10.303,1.15826,1.2334,4.31218,0.156286,6039.86,6,False,-204.295,5.72861,0.462151
451606970,1214.01,19.1807,7.23606,0.0764246,19.8217,2.111,0.892119,0.852279,4.52458,0.0260958,5366.68,12,False,-581.13,8.41994,0.220802
35636165,2776.01,3.45888,1.4585,0.0600292,19.8214,17.191,1.79427,1.63004,4.26499,-0.0265957,8582.04,6,False,-175.134,5.66737,0.501048
238317637,6459.01,5.14983,2.95971,0.0694721,19.7832,2.057,0.948547,0.936225,4.47154,0.0252057,5588.0,33,False,-100.871,8.88169,0.510195
69295263,5481.01,3.93154,2.69892,0.0681997,19.7755,9.806,1.15476,1.19043,4.34184,0.215635,5980.03,11,False,-178.037,7.65889,0.42538
170221808,4779.01,10.7539,2.84784,0.0427805,19.7705,11.335,1.00929,1.00455,4.43243,0.203412,5625.38,4,False,-160.393,8.61058,0.41299
334632624,4361.01,741.425,2.8264,0.106184,19.7632,3.353,1.07647,1.17407,4.32236,-0.0129352,5994.62,4,False,-5290.26,10.6094,0.0586606
208772468,5022.01,2.25875,1.85918,0.0895041,19.7448,10.249,0.831402,0.923684,4.42066,-0.234012,5572.1,19,False,-357.288,6.90834,0.317348
233617847,1440.02,4.62736,0.93266,0.0879365,19.7297,2.215,1.24321,1.51108,4.15867,-0.195827,6484.52,191,False,-6.7688,5.83857,2.72403
310266243,5020.01,5.34498,0.770653,0.118248,19.7233,16.507,1.38226,1.99943,3.95976,-0.171395,6444.29,9,False,-240.664,6.97195,0.384563
234527228,2647.01,0.513616,0.196969,0.029966,19.7233,4.442,0.812495,0.942937,4.38848,-0.208984,5494.88,167,False,-9.06367,6.36004,2.21923
342375120,3191.01,4.43715,1.37662,0.047466,21.9532,20.257,1.54852,2.12292,3.96865,-0.00102905,6812.22,6,False,-224.961,6.03902,0.496541
34266522,2733.01,3.71706,2.50378,0.0775915,21.934,17.377,1.19519,1.69417,4.05261,-0.301364,6406.72,6,False,-152.419,5.25396,0.633379
145204443,4978.01,4.72145,1.80108,0.028602,21.933,16.867,1.25601,1.41797,4.21773,-0.0631174,6389.0,6,False,-18.7587,2.90983,2.12498
137683938,4587.01,3.29031,2.99884,0.0306792,21.9313,7.738,0.537177,0.559817,4.66508,0.0775657,3722.63,54,False,-44.4733,9.29568,0.898718
377780790,5988.01,0.837494868406618,0.5113005602110469,0.0359264886149144,21.8706,1.563,0.988957,0.984741,4.44316,0.0268208,5706.0,342,False,-369.512,8.65163,0.321327
311239796,2715.01,4.96396,4.63704,0.103914,21.8616,16.15,1.29196,1.70988,4.07888,-0.18393,6554.19,4,False,-777.334,5.68646,0.270726
255735567,5445.01,6.38077,1.35667,0.0232223,21.8558,16.956,1.39483,2.01589,3.96121,-0.217756,6566.79,11,False,-16.4639,12.1588,1.16143
53122063,2764.01,2.27673,0.44985,0.0405542,21.8451,10.214,1.34067,1.57418,4.16128,-0.0617098,6629.67,21,False,-143.827,6.60688,0.59585
237097499,5601.01,9.519704677745851,9.009081716144124,0.0518783570309647,21.8388,,0.715383,0.715584,4.57683,0.11195,4576.41,36,False,-52.0811,9.54187,0.806383
418981325,7034.01,0.908226,0.855032,0.0283878,21.8166,4.504,1.49514,1.60803,4.19695,-0.111741,8482.0,64,False,-99.5455,8.15351,0.643747
402027382,6817.01,3.1998,2.70411,0.0365985,21.791,6.209,0.899946,0.881025,4.50311,0.0219747,5430.0,29,False,-1164.12,8.02223,0.188233
203144354,5596.01,0.364239,0.180629,0.0186567,21.7567,13.669,1.23565,1.9216,3.95916,-0.239922,6262.49,49,False,-94.5691,6.41944,0.741696
47425697,364.01,0.494163,0.0462762,0.020808,21.7544,3.617,1.18443,1.32753,4.25081,-0.0424668,6219.7,125,False,-381.796,9.45248,0.294162
147951030,2067.01,8.81281,8.42357,0.0506415,21.7403,2.478,0.91903,0.880838,4.51172,0.116047,5401.14,25,False,-32292.1,10.154,0.0300465
16550540,6384.01,2.48014,1.14819,0.0323834,21.7384,12.14,0.558276,0.588183,4.64513,-0.0121106,3691.0,8,False,-3172.54,14.4622,0.060221
17457400,5371.01,1.27574,0.30274,0.179574,21.7329,10.388,0.769459,0.827644,4.47815,-0.266553,5304.03,18,False,-3934.26,7.41925,0.106374
144193715,4308.01,9.15124,8.11845,0.0546718,21.7284,2.512,0.839339,0.7996,4.55714,0.0724523,5127.46,9,False,-146.081,8.81112,0.501142
139148528,4315.01,8.28612,1.0173,0.0698773,21.7171,2.386,0.954829,0.904639,4.49898,0.144842,5455.93,13,False,-163.368,8.82905,0.472536
147302550,4651.01,11.1879,2.4339,0.0534824,21.7139,11.538,1.03131,1.0149,4.43213,0.100401,5759.37,3,False,-1628.89,7.23011,0.16735
350821320,6820.01,2.01423,0.241716,0.0394097,21.6663,2.789,0.804092,0.786482,4.5522,0.00822998,5039.0,96,False,-6135.02,12.0046,0.0574931
314193010,6756.01,4.93428,2.17916,0.0934826,21.6508,19.698,1.29822,1.46615,4.20247,-0.0740269,6500.0,4,False,-121.607,5.67546,0.680037
75784122,5846.01,10.5351,8.06646,0.0252172,21.6418,17.046,1.11031,1.21434,4.30451,-0.00724949,6044.0,6,False,-110.236,6.14224,0.693439
469702377,6188.01,4.70614,4.17862,0.0538206,21.6327,5.004,0.973204,0.965828,4.45422,0.0261912,5660.0,19,False,-494.912,8.67909,0.271905
331854794,3670.01,2.19478,0.649027,0.0330591,21.617,6.98,0.951224,0.993281,4.41769,-0.16816,5847.14,19,False,-89.3828,12.0417,0.476519
470822809,3694.01,2.53993,0.789841,0.0367425,21.6169,5.787,0.656991,0.681981,4.58526,0.0467716,4291.01,6,False,-288.449,7.0795,0.40023
169448297,2720.01,2.14729,1.45092,0.0542107,21.6094,9.865,1.19294,1.81201,3.9997,-0.0949349,6106.14,22,False,-270.599,7.0145,0.414937
52260140,6311.01,6.28029,5.02087,0.0676284,21.6041,10.857,0.953341,0.941981,4.46817,0.0253973,5602.0,3,False,-640.672,6.77912,0.273387
364007087,7191.01,5.66051,3.91893,0.0928887,21.581,6.848,0.990669,0.986797,4.44196,0.0268892,5711.0,6,False,-211.943,8.48262,0.421146
148772620,4932.01,3.9417,1.70996,0.111397,21.5676,12.473,1.23522,1.99163,3.92205,0.0228011,5863.32,11,False,-114.375,6.32021,0.669529
26693519,5114.01,6.15554,1.9556,0.048119,21.5658,3.436,0.84992,0.830658,4.53036,0.0160082,5234.4,7,False,-21.5942,4.96435,1.721
281781375,204.01,43.8595,31.2543,0.0528584,21.5349,3.931,0.996075,0.987028,4.44421,0.18223,5614.61,4,False,-278.739,10.6123,0.305936
367193060,5438.01,2.58458,1.34404,0.0405571,21.5336,6.087,1.04129,1.09794,4.37057,0.0249455,5860.5,16,False,-163.67,6.06629,0.566574
387260717,1621.01,6.52833,0.0335889,0.537325,21.5298,1.937,1.0543,1.04873,4.41564,-0.0811062,6018.99,76,False,,,
219501568,2259.01,16.5899,5.97979,0.0340939,21.5242,5.251,1.3918,1.69799,4.10652,-0.103262,6677.71,7,False,-150.844,6.98223,0.555098
139086171,3879.01,4.81042,0.919379,0.0536039,21.5077,3.711,0.8699,0.853296,4.51022,-0.0578106,5396.96,10,False,-491.357,8.05291,0.283449
284760740,4046.01,0.75994,0.692132,0.0442094,21.5035,2.726,1.24015,1.32374,4.27802,-0.0344623,6425.56,92,False,-769.066,8.49135,0.218957
313609787,5772.01,3.50279,2.04845,0.0284443,21.4901,11.07,0.941697,0.928002,4.47635,0.024932,5568.0,5,False,-125.042,6.47124,0.630367
74530173,4853.01,7.2333,1.04037,0.0219616,21.4649,11.029,0.934755,0.868464,4.52663,-0.0632641,5582.79,8,False,-3654.39,7.46945,0.107921
352892371,6138.01,9.78235,2.27935,0.076849,21.4533,6.734,1.00357,1.01179,4.42613,0.0266568,5749.0,13,False,-27.2698,7.47089,1.28204
230387153,2086.02,20.2617,6.55611,0.0558368,21.4462,2.609,0.914758,0.884158,4.49815,0.156172,5327.69,43,False,-14.2479,5.59659,2.05208
59536337,3394.01,7.83742,2.17322,0.065109,21.4394,8.276,1.29525,1.34381,4.287,-0.208057,6849.99,6,False,-667.029,7.70287,0.248245
420049884,462.01,4.10743,3.90626,0.0599458,21.4191,2.708,0.842401,0.823087,4.53446,0.0151114,5205.0,20,False,-288.814,14.9987,0.176648
337217173,7049.01,40.31228243419168,7.640048244738149,1.3075397160083455,21.3938,4.888,0.558276,0.588183,4.64513,-0.0121106,3236.0,4,False,-0.0,25.4564,0.0598929
270355392,4643.01,5.02566,0.474486,0.0375441,21.3917,1.465,0.508305,0.526218,4.70052,-0.109535,3715.11,27,False,-4077.18,7.52776,0.101209
266213232,3701.01,4.25426,4.13411,0.057477,21.3808,11.546,0.991059,0.954622,4.46967,-0.11056,5849.05,7,False,-8.91892,12.4131,1.50278
273850708,2616.01,1.853160259645086,1.8377672704464416,0.0336593566094601,21.3716,4.312,0.777355,0.72438,4.60303,-0.271051,5167.73,37,False,,,
231728511,864.01,0.520668,0.240033,0.0170082,21.367,0.937,0.389674,0.408411,4.80503,-0.0508041,3438.97,490,False,-486.349,7.61644,0.291173
70780410,4854.01,3.92302,2.1529,0.0499502,22.5886,9.425,1.07175,1.12737,4.35732,-0.0109268,5994.82,13,False,-487.076,7.59146,0.317332
384888319,4529.01,5.879588269886397,0.8090824598330947,0.0418370145557419,22.5861,,0.469186,0.482671,4.73864,-0.200552,3643.45,13,False,-806.012,7.34234,0.250546
443556801,2768.01,1.508,0.320264,0.0245926,22.5586,2.734,0.589093,0.621022,4.61873,-0.0617504,3971.56,30,False,-525.526,6.25645,0.33204
210337597,7324.01,0.52575,0.0875219,0.0234191,22.551,2.451,0.718918,0.712361,4.58717,-0.00292859,4649.0,165,False,-216.978,7.33577,0.483454
39824732,4727.01,7.15182,0.0182628,0.0244903,22.5233,14.089,1.00896,1.01575,4.42205,-0.308989,6126.47,4,False,-338.373,6.16684,0.415578
139285832,332.01,0.776846,0.478169,0.0352837,22.5062,2.201,0.855482,0.873232,4.47889,-0.000676298,5317.47,177,False,-0.0962071,23.8658,1.6066
294324819,4313.01,6.82265,3.15986,0.162512,22.5048,2.783,1.39183,1.86103,4.02686,0.306806,5994.52,75,False,-46.7358,13.087,0.652942
120523488,4656.01,3.43916,0.0323727,0.0328486,22.5041,6.823,0.831903,0.806838,4.54003,0.0921984,5081.09,14,False,-55.2437,7.83538,0.933252
14956304,5896.01,0.996779,0.470047,0.0433092,22.4676,10.028,0.558276,0.588183,4.64513,-0.0121106,3662.0,46,False,-474.738,6.47567,0.342767
89043973,6897.01,8.33016,6.53791,0.0641428,22.4568,11.698,1.04045,1.09601,4.37181,0.0249839,5858.0,7,False,-184.195,7.29121,0.523364
148004811,2755.01,3.32136,3.26494,0.0517315,22.449,8.44,1.11036,1.10696,4.38967,0.195474,5897.79,14,False,-209.381,7.12261,0.495812
154181821,3897.01,7.66063,6.54757,0.0901508,22.4466,10.072,1.19189,1.93943,3.93427,-0.0856655,5992.33,10,False,-788.262,9.88298,0.208813
346972413,5180.01,2.77775,0.235448,0.0346176,22.4275,16.614,1.49594,1.48867,4.26549,-0.0873919,7524.57,5,False,-206.183,7.23055,0.495454
28900646,1685.01,0.669141,0.133759,0.0189113,22.4262,1.491,0.438336,0.460669,4.75466,0.0374827,3512.11,94,False,-538.237,7.30322,0.304351
97669493,5474.01,8.43316,2.79402,0.173217,22.4254,12.999,1.2939,2.40495,3.76808,-0.290901,6021.44,7,False,-18.2639,6.56596,1.79699
238898571,863.01,0.525122,0.454028,0.0249466,22.4224,1.192,0.91641,0.866968,4.52467,-0.00973014,5499.96,432,False,-465.884,10.8318,0.250789
447891218,3075.01,1.80305,0.504141,0.0492039,22.3938,10.623,1.24053,1.51919,4.15032,-0.00994406,6207.48,29,False,-191.266,7.37155,0.508659
167661160,2479.01,36.8382,4.07498,0.0996795,22.3784,3.261,1.01688,0.982094,4.459,0.0392694,5781.46,3,False,-537.647,7.1309,0.307026
456910600,6221.01,9.8327,3.8332,0.100345,22.361,6.648,1.08031,1.1681,4.32946,0.00981565,5966.4,12,False,-6.94305,8.46197,2.68585
275702126,3764.01,6.5712,5.94645,0.0571241,22.3456,13.18,1.33905,1.38526,4.29323,-0.0615457,6667.5,4,False,-433.753,7.81162,0.325963
88101924,5944.01,5.94304,4.52041,0.0500363,22.3123,18.116,1.0674,1.1482,4.3402,0.0171607,5933.0,4,False,-290.163,6.11285,0.444661
403405969,5021.01,12.9751,3.17798,0.110364,22.3004,12.298,1.29849,1.38103,4.2706,-0.131821,6794.77,5,False,-13.1666,7.43865,2.00837
232650365,1746.02,3.87767,0.105513,0.0191464,22.2994,1.562,0.379507,0.401065,4.80928,0.046012,3395.23,166,False,-102.811,13.2971,0.417257
441642457,2073.01,53.1991,34.1483,0.128038,22.2949,3.055,1.05115,1.09082,4.37885,0.190978,5781.83,5,False,-452.742,8.82627,0.295641
443607377,6954.01,4.02071,2.33686,0.0351478,22.2803,3.26,0.799753,0.782373,4.55415,0.00740797,5019.9,28,False,-1016.24,7.53656,0.215757
3224605,5552.01,28.6398,8.31827,0.214601,22.2771,6.137,0.998156,0.927841,4.5006,-0.060705,5811.91,6,False,-187.689,1.97083,0.694156
389999924,3176.01,4.76102,1.33939,0.0881349,22.2756,10.128,0.95702,1.12954,4.30404,-0.223345,5911.15,12,False,-406.744,5.57856,0.386763
6892385,5164.01,8.26695,3.60734,0.0683632,22.2723,3.576,0.915194,0.888647,4.49594,0.120662,5371.3,14,False,-360.578,7.33057,0.367698
309439436,5316.01,0.999986,0.662416,0.0322135,22.2343,10.972,1.17454,1.37866,4.21874,-0.0206596,6185.62,18,False,-294.128,6.6294,0.425427
179985715,249.01,6.61534,5.41972,0.0479771,22.1956,2.429,0.579171,0.601052,4.64158,-0.104615,3932.29,14,False,-702.953,8.61737,0.239014
7088246,1065.01,2.16042,1.4415,0.0967789,22.1693,7.28,1.01689,1.02247,4.42223,0.0328158,5808.51,32,False,-1903.16,9.19264,0.138699
237637903,4742.01,4.10458,1.35491,0.0615136,22.1477,12.731,1.29293,1.29748,4.32286,-0.0775737,6711.48,5,False,-13.2486,4.62954,2.35937
1712954983,3518.01,2.96617,0.24091,0.107773,22.1436,9.046,0.901481,0.88257,4.50228,0.0221577,5436.0,25,False,-13.0371,6.99001,2.05885
197039766,6908.01,3.71196,2.42772,0.0622698,22.1388,3.974,0.918783,0.900492,4.49245,0.0240162,5501.09,11,False,-256.384,7.80057,0.418862
197604890,7103.01,5.36138,4.49077,0.0483273,22.1354,4.641,0.760022,0.74474,4.57203,-0.000119277,4845.0,3,False,-3210.57,8.472,0.112412
53481079,5717.01,13.4787,1.09198,0.0835304,22.1255,3.631,0.912555,0.89372,4.49625,0.0234785,5479.3,5,False,-364.13,8.44787,0.334936
399954349,4593.02,3.01755,2.46582,0.38083,22.1196,2.004,0.757505,0.739022,4.5801,0.126286,4746.42,101,False,-205.266,12.9384,0.3
76882795,5410.01,4.10601,2.15795,0.0611576,22.1148,15.307,1.17604,1.15806,4.38033,-0.122014,6429.83,11,False,-54.7381,6.73907,0.982857
37718056,1908.01,3.64795,2.32443,0.0714383,22.1026,10.968,1.24272,1.51329,4.16111,0.108878,6132.04,9,False,-108.995,7.44585,0.659509
289590465,2102.01,6.70602,4.22352,0.0330065,22.0892,2.154,0.836295,0.80441,4.5491,0.0158987,5177.9,117,False,-175.991,11.8717,0.360806
171646471,5464.01,1.16065,0.107048,0.0212977,22.0799,10.515,0.508303,0.528231,4.69551,0.0395052,3665.14,19,False,-375.87,6.62759,0.372409
418255064,4563.01,743.484,30.5544,0.0792534,22.0777,5.329,0.756849,0.72767,4.59719,-0.126499,4982.32,3,False,-63.0614,12.8572,0.548181
158323182,5203.01,15.1256,2.8992,0.139698,22.0742,10.84,1.39065,1.99302,3.96451,0.0238418,6162.41,8,False,-545.008,7.46814,0.29211
224271611,347.01,4.04001,1.04706,0.00895649,22.0321,8.022,1.11114,1.28094,4.2607,-0.0632073,6106.21,22,False,-238.995,10.3862,0.352457
39699648,1778.01,6.52739,5.53914,0.0601841,22.0139,2.871,1.17376,1.26743,4.2914,0.133441,6072.77,7,False,-348.83,7.62285,0.360091
100974694,4677.01,4.05902,1.13882,0.0177697,21.9983,6.038,0.993065,0.961082,4.4665,0.180771,5586.63,29,False,-158.34,10.26,0.43723
362370757,4868.01,3.51648,1.08149,0.0639955,21.99,7.164,0.666027,0.671476,4.60625,-0.00595174,4395.0,30,False,-209.128,7.14354,0.480579
19547831,4240.01,10.1239,6.82357,0.041508,21.9896,16.913,1.43915,1.68578,4.12906,0.00198973,6764.8,5,False,-109.281,7.06223,0.670794
410303247,6473.01,1.09926,0.649364,0.0221144,21.9825,9.313,0.964985,0.95596,4.46,0.0258627,5636.0,25,False,-5415.8,6.53186,0.097858
420529106,6558.01,9.4809976989449,3.068980140167694,1.1510877311897,21.9677,2.923,0.688725,0.689021,4.59806,-0.0046544,4504.0,8,False,-373.907,7.22471,0.35625
47132361,5471.01,4.90172,4.3415,0.0351861,17.5742,16.895,1.29624,1.626,4.12256,-0.103983,6522.73,9,False,-166.281,5.75854,0.429368
302305400,5487.01,4.65493,3.67609,0.0874602,17.5645,8.612,1.0927,1.38839,4.18239,0.0338814,5902.99,9,False,-69.6665,7.37604,0.57567
350033870,5177.01,2.20859,0.189194,0.0889396,17.5557,2.212,1.1921,1.59998,4.10928,-0.0559639,6189.14,33,False,-726.128,7.45136,0.174995
284688043,5399.01,4.06259,1.84112,0.0938545,17.543,4.734,1.33325,2.13013,3.89234,-0.56087,6714.22,34,False,-2.76973,6.65499,3.71709
47601197,2350.02,4.84052,2.3779,0.0517822,17.5331,3.791,1.00889,1.00372,4.43052,0.275112,5566.95,9,False,-40.3288,13.969,0.266627
131419624,3368.01,7.26111,2.02855,0.0573604,17.5143,14.228,1.19367,1.65268,4.07667,-0.199089,6318.92,8,False,-26.551,7.60103,0.92175
50909831,3349.01,2.03396,0.948933,0.318167,17.5141,14.061,1.29225,1.78072,4.04422,-0.202013,6506.25,11,False,,,
116668723,5122.01,3.38862,0.658239,0.021809,17.5124,3.489,1.15224,1.23212,4.30805,0.0984426,6069.96,40,False,-269.653,10.885,0.188751
317019074,2348.01,1.20349,0.138888,0.0104166,7.21528,5.699,1.29462,1.35384,4.29077,-0.150598,6856.37,57,False,-1.18847,6.1787,0.683879
151284882,2595.01,3.85739,2.20016,0.807368,17.4846,2.455,1.01408,1.00917,4.43203,-0.0976961,5927.55,52,False,,,
81055189,4234.01,0.908436,0.79052,0.0461474,17.4723,9.698,1.15672,1.17292,4.36063,-0.298683,6573.05,22,False,-126.314,6.31057,0.466082
84788795,5446.01,4.49773,3.62286,0.0530472,17.4667,10.77,1.28805,1.39365,4.24926,-0.0612525,6574.35,7,False,-17.7957,5.6596,1.3565
61145589,5329.01,3.77796,1.21244,0.0246122,17.462,9.144,1.1346,1.14746,4.36697,0.0525334,6078.43,12,False,-322.107,6.2496,0.292023
129108133,6142.01,4.95875,1.37036,0.0350437,17.4617,9.203,0.922177,0.904566,4.49006,0.0241518,5511.0,5,False,-45.9616,6.29991,0.780539
259606227,6555.01,10.1299,3.20651,0.109209,17.4337,4.147,1.37956,1.52476,4.20019,-0.0896052,6802.0,9,False,-3.26678,7.98996,2.88952
329821992,7053.01,2.86412,1.13474,0.0616128,17.4336,3.055,1.49514,1.60803,4.19695,-0.111741,9416.0,6,False,-131.83,6.06148,0.464706
318022259,1730.03,12.5674,1.84314,0.0900871,17.4255,2.311,0.518122,0.535557,4.69121,-0.029385,3705.38,3,False,-333.433,9.77073,0.195932
160522555,3055.01,1.30783,0.66349,0.0234988,17.4018,6.62,1.03554,1.0018,4.44822,-0.110796,5989.77,21,False,-210.523,5.59724,0.380835
466966249,7224.01,5.56799,3.29126,0.0820722,17.3976,11.483,1.29822,1.46615,4.20247,-0.0740269,6500.0,3,False,-175.218,6.155,0.397887
95337971,5139.01,5.94708,5.4354,0.0300182,17.3664,3.994,0.54956,0.577818,4.65317,-0.182401,3863.05,15,False,-641.992,7.38444,0.183887
389777651,4166.01,5.2362,1.75979,0.0746873,17.3426,2.464,0.954169,0.924168,4.47733,0.196579,5426.4,50,False,-31.8327,11.4068,0.50202
375850439,2051.01,1.16336,0.326154,0.0670693,17.3341,2.702,3.99315,1.85083,4.50505,-1.03797,18739.7,154,False,-14.516,11.1749,0.789445
201604954,1066.01,4.60618,3.84762,0.110599,17.3332,8.597,1.03412,1.03083,4.41817,0.15109,5724.58,16,False,-1.13074,10.4276,4.77369
426901646,6749.01,8.6168,4.74469,0.0912052,17.3193,14.63,1.49514,1.60803,4.19695,-0.111741,7929.0,3,False,-124.339,6.35213,0.461628
181748381,6261.01,5.49088,4.05584,0.0654015,17.2865,9.26,1.12949,1.24367,4.29035,-0.0165905,6090.0,5,False,-93.1873,6.03044,0.548419
157768969,5744.01,5.74884,0.00253128,0.139092,17.2856,1.92,1.09678,1.19348,4.31577,0.000447415,6009.0,35,False,-48.8551,7.71984,0.648238
332705008,4850.01,7.6776,1.10391,0.0525785,17.2675,10.422,1.01165,1.12163,4.33489,-0.204539,6036.29,4,False,-58.7483,6.01427,0.693735
307915084,3838.01,0.827313,0.595975,0.0189898,17.241,8.534,1.17748,1.31692,4.25581,-0.0391949,6203.3,25,False,-493.818,6.69223,0.221672
464711858,3058.01,2.34817,1.83567,0.0431157,17.2395,9.966,1.34239,1.69619,4.09806,0.000579789,6423.62,23,False,-230.333,5.77696,0.353418
439943973,6647.01,3.9962732476610383,3.95511281927658,0.1285118124739546,17.2378,1.948,0.981423,0.975696,4.44845,0.0265197,5684.0,16,False,-74.3339,9.39808,0.428545
387423096,4644.01,0.318185,0.0296498,0.0203823,17.2338,1.294,0.695841,0.681444,4.60267,0.148973,4311.69,264,False,-156.063,7.85295,0.351985
7976072,4805.01,8.99813,4.1836,0.0849794,17.2335,9.514,1.05295,1.07622,4.38572,0.297172,5668.61,5,False,-262.264,6.93752,0.297363
14570132,5137.01,3.20921,0.736097,0.0142996,17.2263,4.953,0.808976,0.791108,4.55,0.00915529,5060.5,35,False,-882.698,8.00484,0.144815
320505267,6305.01,6.62389,0.55855,0.0601453,17.2209,8.803,1.04586,1.10838,4.36384,0.0247383,5874.0,6,False,-111.404,6.53782,0.475406
9032367,6731.01,1.63186,1.46747,0.117093,17.2141,6.545,0.74578,0.733126,4.57748,-0.00139322,4778.0,52,False,-180.195,9.11701,0.282543
288162228,5622.01,3.05942,2.58877,0.0902934,17.2124,8.863,1.16816,1.77473,3.99112,0.204342,5707.78,20,False,-107.458,8.50411,0.394679
348501452,6429.01,2.43501,0.835839,0.0421168,17.2007,9.617,1.34077,1.49681,4.20128,-0.0821772,6658.0,11,False,-106.668,6.2577,0.49782
300579472,4186.01,12.7503,6.98253,0.0714498,17.1987,2.199,0.87208,0.847182,4.51816,-0.0266597,5361.11,4,False,-28.6194,11.1078,0.544537
239529652,5917.01,4.03843,0.904344,0.0776454,17.1874,13.951,1.23741,1.39484,4.22596,-0.0580071,6345.0,4,False,-230.289,6.91859,0.316643
332365162,5753.01,7.4249,5.43414,0.0617338,17.342,8.798,1.0073,1.02029,4.42065,0.026488,5760.0,6,False,-0.943325,16.3304,0.838918
361467239,6760.01,5.28918,3.3836,0.0668198,17.1843,10.514,0.89611,0.877163,4.5052,0.0215171,5415.0,3,False,-268.121,6.80086,0.296574
180575165,6262.01,1.49459,0.852475,0.0488173,17.1841,2.772,1.49514,1.60803,4.19695,-0.111741,9532.0,79,False,-63.4041,8.2916,0.527217
18318288,6086.01,1.38886,1.11813,0.0151465,17.1625,3.638,0.558276,0.588183,4.64513,-0.0121106,3300.0,74,False,-52.5488,9.40642,0.506283
201175570,7041.01,9.69773,5.37368,0.310474,17.1575,1.94,0.728705,0.719926,4.58364,-0.00236919,4696.0,9,False,-127.411,7.07553,0.419156
238279960,7340.02,3.44375,1.84707,0.0661276,17.1424,2.761,0.827788,0.808926,4.54154,0.0127192,5143.31,7,False,-711.505,5.64628,0.20114
52005579,6251.01,12.7614,11.1984,0.0233453,17.1306,2.84,0.558276,0.588183,4.64513,-0.0121106,3376.0,8,False,-134.121,8.94098,0.331752
94823134,5501.01,24.2033,23.1498,0.101271,17.1163,8.407,1.17499,1.25713,4.30193,0.128566,6119.2,4,False,-17.9784,10.7845,0.723495
173671381,6212.01,3.64504,1.89239,0.0568742,17.1069,7.069,0.894064,0.875103,4.50632,0.0212731,5407.0,6,False,-84.0837,6.36192,0.551614
307951656,5517.01,4.58763,4.33833,0.0938345,17.1068,13.366,1.07373,1.36611,4.18994,0.126263,5800.21,5,False,-33.9485,6.17713,0.893954
404227343,4921.01,3.4984,3.29756,0.0257995,17.0718,14.375,1.54487,1.79551,4.10834,-0.539276,8198.64,7,False,-103.997,4.75722,0.567471
441462736,197.01,14.2781,3.15748,0.454166,18.7588,6.177,1.1587,2.91075,3.56699,-0.0579486,5001.12,4,False,-118.472,7.70709,0.476714
40083958,851.01,0.630277,0.209931,0.0114848,18.7572,3.186,0.875965,0.840728,4.53238,-0.108255,5481.42,65,False,-58.3046,7.81717,0.677051
55275863,5515.01,8.59263,8.30303,0.0712639,18.7256,2.693,0.872414,0.833782,4.5324,-0.0602195,5378.76,9,False,-13.3858,9.44568,1.24285
360473750,3453.01,4.36101,4.13202,0.100616,18.7195,11.807,1.594,1.84448,4.09873,0.00509432,7308.47,12,False,-108.355,6.40059,0.555969
464658144,6688.01,4.95951,1.523,0.0239131,18.7177,3.477,0.772516,0.756574,4.56641,0.00224778,4900.0,17,False,-57.0499,11.2839,0.465216
387377484,7329.01,4.86309,3.92752,0.122012,18.6848,9.668,1.15152,1.27729,4.2745,-0.026965,6142.0,4,False,-86.5904,7.0854,0.586643
124322274,4720.01,3.78337,0.301195,0.058312,18.6689,17.581,1.24425,1.4163,4.22161,-0.23089,6669.39,6,False,-85.8075,6.44361,0.621161
251848941,178.03,9.96163,8.83265,0.0481681,18.6658,2.265,0.637303,0.655298,4.60972,-0.0270008,4188.43,7,False,-115.243,11.9833,0.292313
136504576,2966.01,1.52526,1.38734,0.0512513,18.6596,9.455,1.3413,2.02344,3.93887,-0.175873,6300.13,35,False,-10.0126,5.99548,1.9894
188128470,6519.01,10.7659,3.5104,0.860858,18.6486,6.392,0.784669,0.768085,4.56094,0.00455028,4953.5,3,False,-35.6207,8.66608,0.796357
411955845,6781.01,2.76407,2.47079,0.027552,18.6449,13.752,1.15702,1.2857,4.27054,-0.0295586,6155.0,7,False,-270.397,6.82343,0.336214
318937509,516.01,1.04723,0.760886,0.112223,18.6391,6.85,0.468632,0.493071,4.71771,0.347889,3502.18,22,False,-52.6406,8.61309,0.653868
429501231,5425.01,0.455416,0.208129,0.0157318,18.6302,7.197,0.913897,1.02543,4.37125,-0.185617,5779.13,45,False,-65.9241,6.80104,0.68749
238164799,4362.01,7.54808,2.21431,0.100371,18.6243,2.591,1.39275,1.51506,4.20649,-0.00635516,6736.51,32,False,-82.1158,8.37805,0.53239
328012209,2309.01,20.2656,8.03833,0.127952,18.6136,3.97,1.23876,1.28317,4.30676,-0.0318369,6425.89,5,False,-116.741,6.9563,0.5066
427765233,6973.01,31.6528,16.6411,0.0855123,18.608,2.567,0.96156,0.951849,4.4624,0.0257258,5626.0,7,False,-306.536,13.0734,0.147783
140287227,2801.01,5.41349,1.54806,0.0581852,18.6039,8.514,0.898668,0.879738,4.50381,0.0218222,5425.0,4,False,-129.693,6.04936,0.517283
63100069,7170.01,1.91709,1.01844,0.0185092,18.6013,5.238,0.558276,0.588183,4.64513,-0.0121106,3653.0,20,False,-117.401,11.2187,0.319916
408656366,6993.01,0.369559,0.298565,0.0153159,18.5585,4.032,0.973546,0.966239,4.45398,0.0262049,5661.0,95,False,-69.4783,7.85716,0.605484
915110182,6547.01,1.43283,0.94482,0.0364884,18.538,15.401,0.706216,0.702542,4.59175,-0.00365462,4588.0,55,False,-196.943,9.67521,0.295703
302895184,5431.01,4.79134,0.625252,0.0614253,18.5365,15.807,1.29038,1.51916,4.16959,-0.166038,6605.43,5,False,-30.0737,6.32477,1.06386
120317234,5999.01,6.88344,4.8991,0.048785,18.5334,3.523,1.14803,1.27197,4.27701,-0.025323,6133.77,31,False,-364.879,7.86663,0.260937
356835341,4908.01,19.7113,11.3999,0.13527,18.5231,10.935,1.24081,1.44857,4.20365,-0.370626,6895.82,7,False,-3.90305,3.92564,3.98594
298729646,5653.01,7.49934,2.88466,0.0664671,18.5185,4.76,1.07376,1.07123,4.40744,-0.0683393,6071.26,45,False,-0.461238,17.0352,3.73797
124146529,3108.01,6.89867,0.734422,0.0427049,18.5143,8.909,0.875601,0.836942,4.53294,0.205291,5156.23,4,False,-297.125,5.54089,0.351887
156377968,5645.01,4.53677,1.91754,0.0651152,18.4814,7.496,1.03107,1.08868,4.36746,0.139282,5741.74,6,False,-402.809,5.6096,0.299616
305048116,362.01,14.2339,10.8297,0.0327835,18.4653,7.8,0.954924,0.964871,4.44532,0.0289468,5633.61,6,False,-419.175,8.71534,0.222455
63232997,7271.01,7.13168,1.91597,0.0672747,18.4546,10.406,1.09871,1.19646,4.31416,-0.000652144,6014.0,4,False,-211.912,5.58242,0.413904
154474036,4578.01,8.62397,2.18361,0.0361695,18.4306,2.672,0.954861,0.911672,4.4948,-0.107746,5732.8,28,False,-1925.99,9.4401,0.0955216
9006668,238.01,1.2731,0.539404,0.0308623,18.416,1.488,0.775929,0.75623,4.57174,-0.0300465,4977.1,72,False,-12.0662,10.9459,1.05873
258051471,4843.01,8.35488,6.59513,0.0650766,18.4089,11.592,1.24561,1.50459,4.17127,-0.138461,6488.13,5,False,-304.005,9.17686,0.247541
272994016,6365.01,3.05043,2.26734,0.0593045,18.4077,10.019,0.941697,0.928002,4.47635,0.024932,5568.0,4,False,-194.82,7.1141,0.378871
57193198,4076.01,4.39678,0.21079,0.320774,18.4063,13.008,1.07532,1.19878,4.30503,-0.0793246,6076.78,15,False,-48.2234,9.31869,0.619972
149969625,5178.01,14.0668,3.26393,1.59821,18.3975,2.648,0.834132,0.795829,4.55647,0.101384,5070.56,4,False,-479.196,9.27468,0.194621
9166136,6850.01,6.08031,4.11283,0.0468836,18.365,2.84,0.641185,0.652273,4.61522,-0.00737166,4275.7,7,False,-920.214,9.70666,0.133165
23170835,2430.01,1.10068,0.644551,0.0234566,18.3297,4.559,1.29408,1.4858,4.2009,-0.111245,6656.64,38,False,-175.091,6.76049,0.409597
363029616,5829.01,1.3511,1.11746,0.0386277,18.3283,3.17,0.79864,0.781318,4.55465,0.00719709,5015.0,29,False,-159.505,5.81935,0.464213
294691204,5018.01,6.5859,0.0920389,0.0375308,18.3084,7.023,1.09225,1.42646,4.16317,-0.419061,6424.19,12,False,-72.961,7.16819,0.614778
75522633,5043.01,3.85433,2.50739,0.698813,18.302,5.931,0.71409,0.76437,4.51264,-0.480512,5250.52,13,True,-28.022,14.5106,0.342717
141186075,4307.02,4.65458,2.6972,0.0687773,18.2937,0.604,1.02856,1.07533,4.37983,-0.25465,6125.86,197,False,-13.9704,14.9453,0.438165
21832928,2128.01,16.3414,3.62006,0.0939416,18.2421,2.061,1.03074,1.07931,4.38072,-0.164451,6063.91,4,False,-198.234,7.63437,0.352758
295541511,1117.01,2.22812,1.13982,0.0516145,18.2355,2.552,1.01595,0.989874,4.45302,0.145317,5697.89,25,False,-526.714,8.00502,0.208137
454224694,2460.01,0.515335,0.133092,0.0129492,18.2088,4.31,1.05551,1.01407,4.44427,-0.118547,6043.34,46,False,-121.008,5.80954,0.529133
224603921,7389.01,26.3453,25.839,0.129304,18.2028,1.471,1.05297,1.1246,4.35337,0.024416,5895.0,39,False,-3.59864,6.46351,3.37467
297361900,4366.01,2.63744,1.31706,0.0403045,18.1803,4.476,1.11508,1.76437,3.97408,0.177484,5564.02,48,False,-72.4403,8.09382,0.558665
178266267,5539.01,7.11238,2.85894,0.0590665,18.1469,2.442,0.876921,0.930824,4.43505,-0.061142,5493.58,16,False,-57.0274,9.43885,0.54507
63283780,5994.01,7.97265,6.76638,0.050325,18.14,4.62,0.701346,0.698777,4.59351,-0.00393302,4564.61,27,False,-22.5023,10.5234,0.772583
231559817,4836.01,5.10353,1.88684,0.138982,18.1352,8.267,1.49514,1.60803,4.19695,-0.111741,8086.0,8,False,,,
38161230,5157.01,2.5194,1.89898,0.0212203,18.1293,8.38,1.2522,1.41324,4.21941,-0.0620721,6380.0,25,False,-17.3472,7.37872,1.25208
233602827,1749.03,2.38891,0.996314,0.0251097,18.11,1.266,0.499211,0.501429,4.73179,-0.606965,4007.89,345,False,-12.5605,5.07178,1.80778
321250206,3786.01,2.10063,1.57954,0.0377865,18.0626,6.172,1.16925,1.32672,4.24969,0.0170984,6147.49,29,False,-185.021,8.1165,0.342465
237700098,4752.01,5.04679,1.57077,0.069289,18.0466,12.444,1.0538,1.06931,4.39358,-0.0148635,5930.02,4,False,-94.5331,6.90055,0.539117
95122849,5478.01,8.39435,7.3958,0.913467,18.0425,12.463,1.15781,1.57764,4.1038,0.157798,5866.24,9,False,-38.5068,10.2877,0.594167
82622707,3748.01,2.37859,1.78098,0.0260726,18.0424,13.159,1.69643,1.30429,4.43061,-0.413218,9233.3,13,False,-59.6289,9.92614,0.496551
459836041,5771.01,6.68664,1.11008,0.0592402,18.0058,8.816,1.03402,1.08133,4.38128,0.0252755,5839.0,7,False,-127.868,6.52309,0.476528
149845414,2545.01,7.99411,4.34727,0.0779856,18.0036,2.594,1.0916,1.11424,4.3784,0.00426217,6036.44,6,False,-279.422,6.84948,0.312036
5709314,6517.01,2.6181,1.66574,0.0218795,17.9909,12.687,1.29229,1.46188,4.20264,-0.0728921,6478.0,11,False,-166.431,6.24854,0.426509
69747919,1407.01,9.97833,2.87442,0.0867485,17.9761,2.134,1.09169,1.41441,4.16768,-0.237758,6195.18,10,False,-21.4033,10.9212,0.734793
219697927,6066.01,1.8331,0.555905,0.0660835,17.9706,1.863,1.23318,1.38958,4.22784,-0.0568457,6335.0,63,False,-36.5068,8.11807,0.776037
52307802,4360.01,3.07495,2.98034,0.0271932,17.9515,1.304,0.258925,0.284625,4.94028,-0.103775,3290.79,72,False,-2391.13,9.64395,0.0792079
142937186,2427.01,1.30598,0.282897,0.0168194,17.9446,1.687,0.598627,0.634257,4.6111,-0.0420617,4033.14,19,False,-269.902,6.10858,0.336938
154923406,4590.01,25.92124510139589,19.91177092975117,0.0406623079655935,17.9385,,0.796422,0.77403,4.56354,0.0795138,4967.29,15,False,-8067.16,9.04609,0.0461433
265633507,3233.01,0.979051,0.274852,0.0318557,17.9296,22.041,1.64581,1.98586,4.05196,-0.143173,7694.44,27,False,-186.981,5.8205,0.414732
289666986,5775.01,2.43615,0.717068,0.0717459,17.9116,10.042,0.558276,0.588183,4.64513,-0.0121106,3550.0,15,False,-102.32,7.75236,0.472028
247356332,5213.01,4.53338,0.196304,0.0267959,17.9109,12.761,1.3495,1.17929,4.40856,-0.460581,7560.45,6,False,-625.481,5.60185,0.229739
102719996,4150.01,9.79415,7.42429,0.0801407,17.9097,9.092,1.13534,1.30218,4.25685,-0.138796,6274.24,9,False,-307.696,8.12436,0.260789
94986319,421.02,5.23687,3.20603,0.0519068,17.9051,2.016,0.891599,0.852135,4.52326,0.134187,5263.2,13,False,-104.15,9.57386,0.383627
234540647,6761.01,4.34576,3.45037,0.0866596,17.9043,18.164,1.32354,1.48439,4.20176,-0.0788758,6594.0,4,False,-34.3608,4.90888,1.05627
271749758,6970.01,11.722,6.65997,0.0520215,17.8893,9.689,0.832715,0.813593,4.53933,0.0136527,5165.0,10,False,-266.817,7.2995,0.303211
154383539,1436.01,0.867588,0.545662,0.0416885,17.8883,1.292,0.758119,0.736428,4.58453,-0.0828131,4939.24,182,False,-118.91,9.15714,0.375915
208151094,5052.01,4.0669,3.48313,0.113154,17.8769,12.108,0.916795,0.974523,4.41767,-0.181537,5765.43,11,False,-481.395,7.55782,0.219636
67517533,3660.01,3.94976,1.19521,0.0842454,17.8708,7.783,1.19778,1.30104,4.28763,-0.0790573,6444.65,13,False,-153.174,6.98873,0.412186
230087765,5740.01,1.68944,0.878792,0.0273406,17.8698,1.419,0.69872,0.696747,4.59446,-0.0040831,4552.0,515,False,-125.394,12.6862,0.217255
63898957,261.01,3.36394,1.33097,0.0629055,17.8684,2.479,1.06972,1.12252,4.36354,-0.078772,6079.21,13,False,-27.5442,12.1457,0.521969
445990611,5460.01,6.29879,4.49162,0.108957,17.8601,14.672,1.33898,2.0521,3.93059,-0.216121,6337.53,7,False,-11.5737,7.24992,1.53853
153976959,1435.01,0.685821,0.0757216,0.0281335,17.8575,1.075,0.852757,0.813668,4.54347,0.146081,5098.03,255,False,-423.165,8.45497,0.21351
322825139,4707.01,0.471055,0.326702,0.0185699,17.8139,6.749,1.1723,1.37063,4.22575,-0.526266,6894.69,44,False,-52.9281,5.9841,0.769352
117275513,5067.01,4.68876,4.55002,0.0575369,17.8106,2.833,0.83383,0.812813,4.53767,0.251218,4995.45,25,False,-11.0807,7.96807,1.46181
271169413,4559.01,3.96491,0.526812,0.0303063,17.8053,1.623,0.398445,0.411879,4.80555,-0.207598,3510.06,16,False,-170.644,7.03424,0.386323
68646526,4611.01,5.229,4.90495,0.0703722,17.7943,2.507,1.15504,1.2417,4.30308,-0.00212913,6164.57,12,False,-161.09,6.74546,0.407985
98753307,2639.01,15.3756,10.7667,0.0906231,17.7816,14.386,0.897368,0.890409,4.48963,-0.0582739,5525.76,3,False,-183.772,10.5873,0.248563
446157122,6245.01,3.21499,2.66219,0.012548,17.7743,3.457,0.558276,0.588183,4.64513,-0.0121106,3106.0,75,False,-457.233,10.3034,0.163178
81744640,4812.01,3.3138,2.51994,0.087801,17.7662,8.951,1.13348,1.30156,4.25658,0.026978,6080.88,14,False,-69.5967,6.84626,0.617316
351077390,5828.01,1.19519,0.634743,0.0452282,17.7652,5.24,0.870023,0.850898,4.51941,0.0184058,5313.0,21,False,-141.467,6.07724,0.460867
104208182,1738.01,3.69859,1.98782,0.0234953,17.7574,4.051,0.598182,0.638821,4.60213,0.0265662,4007.1,23,False,-9856.56,8.50954,0.0434126
421056636,6748.01,4.59206,1.01578,0.0559795,17.7486,13.113,1.08866,1.18097,4.32252,0.00506556,5988.0,5,False,-1064.64,7.12995,0.151811
364955057,6879.01,13.5853,3.10525,0.110634,17.7193,3.749,1.0391,1.09292,4.3738,0.0250453,5854.0,6,False,-226.079,7.6704,0.312755
363851359,1920.01,2.54415,0.85361,0.0421365,17.7187,10.826,1.05216,1.13355,4.34252,0.0966794,5841.84,20,False,-89.4115,12.6584,0.251787
647636934,3747.01,1.55031,1.02383,0.0390324,17.7168,10.026,1.8927,1.6994,4.24539,-0.0240609,8783.61,23,False,-45.0815,9.79377,0.5596
443213925,2523.01,4.64108,0.287607,0.058771,17.6992,2.885,1.03768,1.0726,4.38727,0.158632,5763.05,14,False,-233.02,7.22379,0.321101
119292328,512.01,7.18876,2.9369,0.0617888,17.6979,1.541,0.897135,0.861264,4.51682,0.0769746,5339.96,16,False,-8699.98,7.63265,0.0502933
466840711,839.01,2.48558,1.17657,0.0473785,17.6872,23.972,1.41484,1.55018,4.1992,-0.0963627,6933.0,51,False,-9.74151,3.47915,2.26629
67535663,4299.01,6.60195,5.59901,0.138521,17.664,4.742,1.29629,1.38787,4.26339,-0.164894,6824.4,9,False,-58.5673,9.15864,0.525165
288348498,1551.01,1.67545,0.396134,0.0288971,17.6633,6.062,1.4381,1.76301,4.08932,-0.154028,6913.03,21,False,-249.149,7.87095,0.290216
412828754,5040.01,3.3816,2.54989,0.0664927,17.6494,18.747,1.3452,1.86623,4.015,-0.00304409,6271.62,5,False,-16.0934,4.97421,1.53679
261369656,1119.01,10.9566,8.71241,0.332397,17.6308,6.863,1.34265,2.01158,3.94483,-0.320784,6498.85,8,False,-13.5886,6.94821,1.41907
92439980,5813.01,27.0524,23.3381,0.0790988,17.6173,2.856,0.957793,0.947326,4.46505,0.0255753,5615.0,6,False,-317.537,8.00725,0.252095
349488688,2319.02,11.6072,7.6127,0.195474,17.5863,3.451,1.13714,1.38438,4.2038,-0.176577,6259.6,5,False,-144.538,11.8346,0.224345
262715204,4538.01,7.13858,2.95599,0.04847,19.2858,3.731,0.79518,0.771452,4.55639,-0.0640894,5054.99,7,False,-347.806,8.81979,0.262266
395385033,5252.01,8.54023,6.64886,0.1347,19.2825,15.381,1.49344,1.5211,4.24434,-0.0317991,7308.77,3,False,-87.7099,6.24872,0.654894
441798995,2269.03,10.4029,3.09458,0.0266032,19.276,1.796,0.519405,0.534955,4.69496,-0.301454,3826.43,93,False,-7.04171,6.2307,2.50046
9441591,6376.01,4.71856,2.91543,0.112169,19.2731,9.604,1.10864,1.21177,4.3059,-0.00630387,6039.7,6,False,-118.655,7.92192,0.489249
452903647,4790.01,1.6104,0.452022,0.0469484,19.2518,11.266,1.23589,1.57304,4.12274,0.00289692,6161.81,29,False,-337.561,7.87802,0.289329
54962195,663.03,7.10246,2.06731,0.0445122,19.2358,2.212,0.49948,0.516148,4.70809,-0.0546301,3668.04,14,False,-156.05,9.5861,0.362088
346855283,6646.01,17.7506,7.85755,0.1172,19.219,6.58,1.424,1.55677,4.19895,-0.0981166,6967.0,5,False,-152.401,10.8377,0.318276
330690135,5170.01,14.7565,14.0134,0.137236,19.2166,5.023,1.0789,1.13363,4.35708,0.122711,5896.47,7,False,-3094.16,7.97861,0.094182
422656370,2030.01,1.32535,0.277929,0.203897,19.2094,3.638,1.43994,1.72445,4.10589,0.000853973,6714.81,180,False,-51.2383,9.01279,0.674279
29953537,7033.01,0.731278,0.0726583,0.0271196,19.1951,1.656,0.921149,0.903333,4.49078,0.0241107,5508.0,147,False,-136.88,7.41336,0.472374
118754987,6490.01,7.84585,7.73634,0.0962626,19.1795,13.495,1.27249,1.43848,4.21043,-0.067647,6428.0,3,False,-16.3951,5.57158,1.63351
268159158,6090.01,4.70829,0.862987,0.0537214,19.1755,9.611,0.915292,0.896475,4.49476,0.0238049,5490.0,39,False,-174.556,7.71225,0.406472
293547742,6263.01,3.01787,0.530304,0.0587015,19.1712,1.034,0.733078,0.723307,4.58206,-0.00211925,4717.0,62,False,-167.813,8.44043,0.388142
32090583,218.02,8.3522,3.10018,0.0354518,19.1415,1.972,0.249161,0.278522,4.94634,-0.0039605,3247.06,115,False,,,
251852984,323.01,2.77244,1.53437,0.149541,19.1255,3.002,0.732625,0.720738,4.57706,0.12519,4602.52,35,False,-1065.67,9.0434,0.14407
170434745,6100.01,1.228,1.09924,0.0430467,19.1094,1.93,0.847005,0.827723,4.53195,0.0156605,5223.0,145,False,-167.474,8.33382,0.390161
78290597,6933.01,9.76563,3.42955,0.103977,19.1028,6.582,1.05026,1.11842,4.35736,0.0245388,5887.0,4,False,-223.811,6.75899,0.386137
192833836,7384.01,6.23352,4.87485,0.0498252,19.0927,5.591,0.558276,0.588183,4.64513,-0.0121106,3211.0,19,False,-1804.17,8.5444,0.115799
25911962,4546.01,0.745634,0.658981,0.0205248,19.091,5.467,1.64002,1.7413,4.16017,0.0538525,7518.04,57,False,-12.118,7.64687,1.61817
31637479,4182.01,27.8487,21.5747,0.0796111,19.0834,2.656,1.05092,1.22493,4.27493,-0.0654683,5968.46,12,False,-180.33,10.3748,0.303766
293931909,4744.01,4.79829,4.55853,0.0932315,19.082,15.11,1.37871,1.88397,4.01103,-0.0558552,6318.41,4,False,-90.509,5.91281,0.651212
32046665,6796.01,3.78053,3.58739,0.0550261,19.0801,10.06,0.950601,0.938692,4.4701,0.0252878,5594.0,5,False,-11.3133,11.4631,1.11841
6898572,6680.01,4.49848,3.13044,0.131741,19.0715,12.371,1.39922,1.53892,4.19964,-0.0933709,6875.0,10,False,-187.798,9.67576,0.321093
345329200,3942.01,3.10824,0.64576,0.0921353,19.0709,6.233,1.29827,1.3586,4.28424,-0.173864,6859.73,43,False,-84.7028,8.75236,0.527748
306248357,6538.01,5.71752,4.72883,0.110504,19.0479,9.009,1.18413,1.32708,4.25102,-0.0423272,6219.0,5,False,-79.2303,6.31826,0.673585
374180079,5520.01,14.6981,11.85,0.0812377,19.0421,2.863,0.716947,0.701119,4.58866,0.277407,4395.98,8,False,-5.67883,15.3613,0.799872
420051632,2429.01,7.08467,0.0715577,0.0595073,19.0404,2.287,0.914645,0.869905,4.51616,0.141092,5332.77,12,False,-187.331,6.66079,0.423596
469813927,6772.01,3.94029,0.897036,0.0777489,19.039,5.838,0.916059,0.897248,4.49434,0.0238964,5493.0,5,False,-79.3721,6.39578,0.668403
388106759,810.02,90.8479,81.3222,0.229035,19.0253,2.436,1.03278,1.24948,4.25055,-0.125011,5978.09,12,False,-8.05076,5.01056,2.48833
325682877,4363.01,2.11866,1.36002,0.0294865,19.0172,1.877,0.617929,0.644132,4.60246,0.089346,4009.96,39,False,-146.445,9.11354,0.383741
312612366,6630.01,7.7033,2.47331,0.0893425,18.9867,16.49,1.32973,1.48886,4.20159,-0.0800622,6617.0,3,False,-111.465,6.92735,0.536501
201508515,2539.01,0.988619,0.650196,0.12051,18.9833,3.079,1.00999,1.28202,4.21414,-0.0186462,5798.41,67,False,-23.931,8.84938,0.995111
71582156,5726.01,5.4911,1.08821,0.0379092,18.967,2.953,1.04586,1.10838,4.36384,0.0247383,5874.0,21,False,-4769.54,8.08155,0.0734687
38584799,6633.01,6.54849,3.34715,0.0843811,18.9597,1.625,0.761952,0.746569,4.57116,0.000246541,4853.5,140,False,-0.000788889,21.8388,0.989833
232194097,4708.01,3.356,1.17823e-07,0.0588284,18.9359,11.973,1.13564,1.12751,4.38443,-0.0359269,6182.28,6,False,-986.868,6.43651,0.185621
408261725,4513.01,9.76036,1.4824,0.0479353,18.9315,2.514,0.855079,0.816553,4.54786,-0.097065,5383.47,7,False,-1364.94,8.0678,0.13714
22705558,1699.01,4.54701,0.471299,0.0511975,18.9259,3.244,0.998267,0.977998,4.45318,0.120305,5659.99,14,False,-359.406,7.3131,0.286245
284454822,4093.02,17.7045,12.0112,0.0842194,18.9173,2.706,0.834513,0.798755,4.55098,-0.0842911,5254.86,48,False,-179.998,14.9756,0.137619
79660831,6774.01,4.58422,3.75232,0.0436465,18.9134,9.496,1.03876,1.09215,4.3743,0.0250606,5853.0,4,False,-104.608,6.60298,0.565595
173103335,5146.01,10.0547,1.64654,0.0518643,18.9121,2.252,0.538901,0.559214,4.67284,-0.13077,3802.75,7,False,-420.199,10.0048,0.20298
62085710,6677.01,5.45106,3.96881,0.176044,18.8923,4.651,1.36825,1.51661,4.20051,-0.0874387,6760.0,15,False,-212.531,7.38903,0.369343
324422520,6553.01,3.63425,1.34192,0.080902,18.8677,2.355,1.03064,1.07361,4.38626,0.025429,5829.0,22,False,-9.20008,6.01898,2.11599
258796169,4616.01,1.55382,0.330465,0.0157723,18.8385,1.409,0.169781,0.194313,5.08639,-0.103252,3131.8,46,False,-317.998,7.96043,0.28515
144682439,3425.01,0.76541,0.570241,0.0179412,18.8376,9.225,1.397,1.34592,4.32498,-0.258323,7456.37,56,False,-61.7024,8.08502,0.646431
305492348,3219.01,3.2956,2.92314,0.081543,18.808,20.954,1.64253,1.59578,4.23773,-0.0304469,7825.38,8,False,-128.676,5.08458,0.567703
219875976,5728.01,11.4975,1.74054,0.0525536,18.8048,2.325,0.558276,0.588183,4.64513,-0.0121106,3444.0,75,False,-5.2925,5.54069,3.00574
34524670,4758.01,5.76489,3.05127,0.0581933,18.8016,14.25,1.24611,1.38577,4.24983,-0.179218,6703.62,4,False,-281.905,6.11673,0.353283
251848941,178.04,3.23842,1.97798,0.0392763,18.7786,1.752,0.637303,0.655298,4.60972,-0.0270008,4188.43,22,False,-119.114,11.9833,0.292313
119178132,5658.01,1.60656,1.48072,0.0193012,18.7633,11.151,0.558588,0.593566,4.63169,0.0732247,3801.49,9,False,-15.9042,6.71801,1.46973
124515764,2355.01,1.27097,0.641291,0.0442593,19.7058,4.162,1.176,1.17212,4.3649,-0.0339762,6276.71,33,False,-213.093,7.08527,0.404677
452375478,2463.01,10.608,9.13012,0.303945,19.6837,7.45,1.7931,3.02213,3.72251,0.157118,6529.33,13,False,-405.173,6.88682,0.296998
470987100,1732.01,4.11922,0.786063,0.0412043,19.6786,2.401,0.588367,0.614907,4.62031,-0.0115424,3921.27,17,False,-329.68,6.82614,0.33085
121990418,6968.01,2.3533,0.223069,0.0651826,19.6762,3.868,1.06392,1.14283,4.3431,0.0191399,5924.0,84,False,-1.74417,16.169,1.67296
60377863,4851.01,21.6091,9.2523,0.131961,19.6593,2.638,1.09418,1.10639,4.38657,0.0736645,5981.52,7,False,-246.285,8.31255,0.338247
200322593,540.01,1.23915,0.911257,0.0112046,19.652,0.973,0.169317,0.19495,5.08308,0.0415229,3080.62,88,False,-6830.31,13.8372,0.0327926
238279960,7340.01,7.48898,4.15334,0.0354403,19.6508,4.324,0.827788,0.808926,4.54154,0.0127192,5143.31,3,False,-1054.92,5.64628,0.20114
122785299,4592.01,8.88495,1.47991,0.0415802,19.6296,12.954,0.833902,0.850531,4.49651,-0.0158256,5269.82,18,False,-1.39448e+24,8.65168,4.33202e-12
60984804,6260.01,2.39552,1.61649,0.111558,19.6285,2.167,1.49514,1.60803,4.19695,-0.111741,7707.0,25,False,-595.307,7.54119,0.231265
66151343,2846.01,2.67927,0.0754028,0.0587688,19.6046,13.883,1.29205,1.31785,4.30117,-0.07158,6636.33,25,False,-266.878,8.79949,0.30934
666567477,3745.01,1.68841,0.353676,0.052998,19.5997,8.111,0.873181,0.839018,4.53039,0.115102,5229.92,14,False,-596.007,5.9452,0.261096
101520163,5129.01,7.41212,1.96348,0.036988,19.596,3.828,1.0717,1.16201,4.3299,-0.136031,6118.79,15,False,-511.24,6.89954,0.262201
182078202,4302.01,38.7619,22.461,0.0915478,19.5911,2.472,0.937192,0.88533,4.51616,0.0621213,5500.93,8,False,-6438.57,8.51244,0.0643515
260647166,1233.04,3.79585,1.03126,0.0480379,19.5876,1.744,0.913363,0.869174,4.519,-0.175551,5681.13,17,False,-4206.95,7.66386,0.0856914
385459345,4906.01,11.9755,10.2036,0.134141,19.5826,9.48,0.929285,1.05838,4.34451,-0.287324,5899.13,7,False,-506.866,7.20648,0.25669
160077104,2287.01,11.8121,5.62223,0.0618162,19.5793,1.843,1.11398,1.16599,4.34588,0.029335,6070.32,29,False,-5989.59,10.1035,0.0570676
333674399,4511.02,10.9778,9.64442,0.0649074,18.7412,2.736,0.935166,0.957357,4.44269,0.0322571,5578.45,9,False,-1002.17,6.93754,0.173943
198485881,2257.01,35.1894,7.91994,0.067757,19.5656,2.614,0.309367,0.334469,4.87671,-0.102995,3349.5,6,False,-271.341,8.65669,0.309716
356682805,5274.01,6.13135,4.56017,0.0563552,19.5628,4.708,0.69476,0.70307,4.57262,0.182533,4382.32,13,False,-14413.4,9.85401,0.0376879
233182695,2070.01,6.38392,1.07231,0.0369845,19.5543,2.369,1.05412,1.11125,4.36592,0.0995866,5874.42,39,False,-326.306,10.6914,0.229333
129711632,6811.01,1.16018,0.949956,0.0156542,19.527,9.551,0.558276,0.588183,4.64513,-0.0121106,3692.0,18,False,-211.436,5.95546,0.436886
446918603,6639.01,8.01466,7.8278,0.0775837,19.5246,11.042,1.03132,1.07515,4.38527,0.0253983,5831.0,3,False,-476.142,6.51722,0.278384
337648770,5538.01,23.9021,10.484,0.0318994,19.523,10.121,0.734467,0.720004,4.58193,-0.0405661,4735.18,3,False,-424.991,7.89226,0.263537
459947163,5482.01,7.99228,2.14427,0.0377527,19.5193,9.493,1.03108,1.12522,4.34281,0.0468101,5839.72,11,False,-30.009,7.10067,1.0831
360221713,4993.01,3.10625,1.26224,0.102588,19.5173,13.524,1.13921,1.79389,3.97224,0.0826747,5726.72,14,False,-247.903,7.20093,0.365943
198456933,2276.01,76.8654735149052,42.36188935878664,0.1366019356624092,19.5142,,0.913077,0.867192,4.51887,0.0391586,5421.34,14,False,-14609.2,9.33669,0.0392417
77156829,696.01,0.860241,0.558929,0.0132312,18.8274,0.946,0.329653,0.35003,4.86767,-0.211902,3419.45,107,False,-171.0,8.02152,0.387164
272679240,2275.01,20.1547,0.794713,0.0263802,19.4953,2.777,0.715196,0.704534,4.58887,-0.204013,4792.24,28,False,-7.19543,5.18764,2.70857
154869806,7153.01,27.6175,17.8653,0.0895869,19.48,4.432,0.909921,0.891068,4.49768,0.0231643,5469.0,7,False,-488.394,8.47016,0.232647
64071894,458.01,17.52887851874638,3.249820970061465,0.0456999677953515,19.4673,,0.816388,0.800207,4.5418,0.0900734,5046.56,8,False,-6692.06,13.029,0.0366821
322593401,5933.01,5.59013,3.81997,0.027238,19.4458,8.992,0.738492,0.727492,4.58011,-0.00180979,4743.0,9,False,-184.205,6.80913,0.436079
21291176,3800.01,1.67152,0.330871,0.0442306,19.4443,5.882,1.44335,1.45152,4.26496,-0.126332,7216.13,25,False,-9.04251,5.6394,2.29558
28294709,4607.01,5.51096,0.528382,0.0512509,19.4419,3.445,1.24603,1.28784,4.31995,-0.0555744,6583.62,15,False,-68.0937,7.58824,0.677612
344927749,6265.01,5.79357,1.8156,0.0808782,19.4332,1.807,1.2552,1.41698,4.21808,-0.0628968,6387.1,26,False,-223.245,8.8599,0.331174
102672709,1686.01,6.70533,2.51294,0.0810146,19.4249,3.646,1.24211,1.37839,4.23676,0.196447,6079.83,10,False,-922.921,8.33711,0.170279
317089770,4712.01,8.87187,8.29614,0.0797485,19.4191,7.622,1.09524,1.17252,4.33054,-0.0171557,6052.13,4,False,-51.3178,6.8515,0.830406
52738649,4729.01,6.92731,2.05483,0.0297812,19.4128,11.207,1.07438,1.02657,4.44497,0.03252,5950.02,4,False,-148.474,6.81602,0.48471
118963720,5461.01,7.46053,2.15871,0.0954241,19.4008,8.41,1.39186,1.73446,4.08828,-0.014639,6514.02,14,False,-74066.6,10.7274,0.0148513
307849973,4567.02,23.5422,16.2263,0.060575,19.3959,2.519,0.559324,0.590944,4.64087,-0.112215,3871.39,15,False,-343.634,12.4241,0.175768
26469462,5117.01,11.7688,6.75077,1.15575,19.3956,4.384,1.1348,1.14134,4.37459,0.0213625,6129.76,13,False,-80.2675,11.3015,0.425469
427320001,2112.01,14.0122,12.2906,0.161,18.792,2.926,1.39026,1.5446,4.20048,-0.230633,7242.0,17,False,-13.3197,12.0549,0.904723
317417916,2781.01,2.76387,0.742721,0.0269787,19.3887,5.938,0.588949,0.621019,4.61553,0.0187012,3931.97,8,False,-191.556,6.64415,0.431205
75580659,6502.01,5.07159,2.47068,0.14048,19.3746,13.533,1.49514,1.60803,4.19695,-0.111741,7304.0,6,False,-94.344,5.95675,0.649661
333674399,4511.01,20.9041,1.42579,0.0983272,18.3482,2.992,0.935166,0.957357,4.44269,0.0322571,5578.45,5,False,-936.679,6.93754,0.173943
297950791,5045.01,3.47813,0.0392014,0.0718251,19.3426,15.204,1.34653,1.42015,4.25835,-0.0439667,6785.96,9,False,-404.144,6.54085,0.297491
429358906,782.01,8.02398,4.58786,0.0322269,19.3413,2.931,0.379755,0.403016,4.80586,0.0909105,3395.21,10,False,-121.086,7.54332,0.50331
150428135,700.04,27.8097,27.6952,0.0636195,19.3388,0.974,0.397114,0.406067,4.81145,-0.253699,3514.92,29,False,-13.0738,3.99198,2.08192
44514807,4855.01,7.58722,6.79835,0.0429277,19.3257,15.402,1.44524,1.76797,4.09229,0.133843,6581.8,9,False,-61.3614,7.80613,0.694508
299023386,1995.01,3.10565,0.764631,0.0441335,19.3254,13.302,2.6849,3.86874,3.68229,-0.00750179,9084.75,47,False,,,
241062925,6345.01,6.23781,4.03318,0.0661366,19.2863,4.475,0.866954,0.847808,4.52109,0.0180398,5301.0,7,False,-36.7889,7.61727,0.915454
412054152,2477.01,34.777,1.21112,0.0868094,16.0763,5.346,1.69756,1.60107,4.25571,0.143941,7791.96,4,False,-340.086,7.93008,0.206451
231833236,2648.01,4.81217,3.78647,0.632625,16.0437,6.504,1.05153,1.13074,4.34958,-0.184103,6146.81,21,False,-0.0307997,19.4448,2.2867
344927749,6265.02,4.1792,1.38899,0.0756916,16.0424,1.583,1.2552,1.41698,4.21808,-0.0628968,6387.1,35,False,-103.876,8.8599,0.331174
98159959,6424.01,2.03968,0.665821,0.0581365,16.0326,10.154,1.31411,1.4776,4.20202,-0.0770704,6559.0,25,False,-9.18884,6.76712,1.52693
356311210,1261.01,18.0575,5.95552,0.548,16.0236,2.437,1.01402,0.996175,4.44273,0.0217379,5791.88,46,False,-494.795,12.743,0.0688702
308301091,6076.01,720.56,20.1055,0.127308,16.0181,7.371,1.34277,1.49825,4.20122,-0.0825589,6665.4,3,False,-515.402,9.48396,0.134392
259502942,6367.01,2.16533,1.21565,0.0736444,16.0112,8.664,0.558276,0.588183,4.64513,-0.0121106,3510.0,14,False,-71.3114,9.51882,0.36249
387295547,6799.01,0.664786,0.417997,0.021607,16.0085,4.504,1.23233,1.38853,4.22821,-0.0566134,6333.0,97,False,-35.0692,8.05976,0.639267
458458156,5656.01,3.24852,1.98598,0.0774649,16.0026,3.914,0.878665,0.855764,4.51371,0.240037,5167.37,9,False,-120.421,8.34676,0.327515
409315469,4210.01,1.07542,0.170322,0.0211183,15.9967,8.946,0.778334,0.924291,4.38931,-0.0206192,5183.88,21,False,-92.9282,6.13779,0.481027
327126871,6336.01,39.8112,14.282,0.064909,15.9889,10.875,1.49514,1.60803,4.19695,-0.111741,8796.0,4,False,-2.15937,9.38302,2.68427
242190195,4944.01,4.07475,3.86373,0.0245857,15.9869,9.612,0.910541,0.879889,4.50369,-0.218076,5715.36,4,False,-329.082,6.18626,0.25252
458647887,2586.01,9.58345,3.21757,0.0395797,15.9837,7.253,1.29795,1.77475,4.04268,0.265028,5868.09,8,False,-42.9416,7.97237,0.580204
230064711,5991.01,7.08937,6.11803,0.0707939,15.9575,1.492,1.08672,1.17799,4.32413,0.00616512,5983.0,59,False,-8.72856,11.6085,0.737687
261108236,1082.01,16.346981645122995,6.5000452930506,0.0713199896523626,15.943,,0.59842,0.621917,4.62291,-0.0741097,4000.53,34,False,-0.642382,11.9746,5.31957
356747847,1958.01,14.6481,12.6257,0.386831,15.9239,16.373,1.17907,5.35115,3.05305,-0.0866708,4852.83,9,False,-3.88744,6.61611,2.54797
459215281,3891.01,2.76941,0.905637,0.0565316,15.9046,2.755,0.893748,0.878515,4.49605,0.142687,5294.54,50,False,-50.6424,9.22513,0.444361
17652022,5691.01,3.44311,0.0677232,0.117361,15.8999,8.627,0.972279,0.964718,4.45487,0.0261542,5657.3,4,False,-2.97745e+17,9.22662,5.69894e-09
57299130,7043.01,17.384,12.7742,0.0893312,15.8993,2.028,0.848335,0.829062,4.53123,0.0158191,5228.2,6,False,-23091.3,10.1478,0.0176385
441697509,3899.01,5.2078,1.03445,0.056762,15.8939,2.469,0.914554,0.882244,4.50906,0.0299922,5477.83,19,False,-123.844,9.15398,0.284268
174070181,6740.01,3.35167,1.72157,0.0684673,15.8887,9.728,0.945464,0.932525,4.47371,0.0250825,5579.0,6,False,-24.6022,5.0711,1.0469
374155286,6584.01,3.68413,3.45391,0.0387829,15.8817,9.6,1.04113,1.09756,4.37081,0.0249532,5860.0,7,False,-176.317,6.29402,0.338249
164249928,6797.01,0.992619,6.94068e-08,0.0545831,15.8756,4.5,0.876672,0.857593,4.51579,0.0191989,5339.0,45,False,-18.7918,7.35363,0.951052
30947715,2356.01,3.6635,0.0300402,0.0831745,15.8473,3.614,1.19222,1.19887,4.35177,0.0643464,6229.74,20,False,-263.517,6.57489,0.267159
326809267,6301.01,7.14296,3.42612,0.105999,15.8463,11.894,1.32623,1.48633,4.20169,-0.0793916,6604.0,3,False,-44.9407,6.46319,0.663794
254141733,6682.01,4.21608,0.72936,0.250032,15.8399,2.844,0.885112,0.86609,4.51119,0.0202055,5372.0,9,False,-180.653,8.22209,0.265478
179319057,1961.01,6.70404,4.46058,0.0372292,15.8132,11.703,1.64025,2.56235,3.82012,-0.00783129,6547.48,4,False,-272.717,5.49534,0.292191
394672497,3485.02,6.0378,3.74323,0.0416492,15.8095,1.568,0.755593,0.728379,4.58504,0.210119,4639.01,21,False,-26.5286,7.99286,0.727125
273690178,7396.01,14.859,7.38472,0.0750955,15.8024,5.938,0.881788,0.862743,4.51301,0.019809,5359.0,9,False,-130.568,8.59138,0.296106
98833877,5577.01,0.358554,0.053173,0.00973675,15.8003,5.17,1.2381,1.55966,4.12674,-0.525097,6880.11,178,False,-34.0414,7.14927,0.706576
144077896,6578.01,2.75431,2.24428,0.0344538,15.8003,2.935,0.558276,0.588183,4.64513,-0.0121106,3573.0,23,False,-239.831,7.27775,0.257477
35973654,6501.01,4.4575,3.81714,0.0761034,15.7806,9.685,1.08286,1.17203,4.32734,0.00836423,5973.0,11,False,-128.025,6.90496,0.368106
322063810,253.01,3.51042,1.49369,0.0382188,15.778,1.138,0.589573,0.616024,4.6264,-0.0835449,3966.35,26,False,-526.947,9.02033,0.137453
60542708,5903.01,2.517708680327692,1.5870330621735065,0.4068525050845361,15.7695,9.434,1.04417,1.10451,4.36633,0.0248151,5869.0,10,False,-26.3674,8.87692,0.643218
127226712,5406.01,0.804425,0.222366,0.0274908,15.7664,9.735,1.49401,1.48331,4.2706,-0.0680501,7453.51,50,False,-430.535,6.68871,0.204354
238854767,4653.01,16.3763,1.68964,0.0626728,15.7562,4.722,1.19577,1.27149,4.30739,-0.0447867,6404.09,12,False,-40.4716,9.09292,0.497564
295593712,4418.01,7.6109,0.925497,0.930861,15.7416,2.319,0.836296,0.811,4.54294,-0.0503483,5262.87,14,False,-250.851,9.27263,0.191065
458424950,3893.01,9.05764,7.90786,0.0484373,15.738,4.927,0.673823,0.679823,4.59269,-0.0985192,4412.24,5,False,-506.143,7.84072,0.163913
159054620,5992.01,8.02786,0.968928,0.0589074,15.7372,9.888,0.884089,0.86506,4.51175,0.0200835,5368.0,27,False,-3.63144,6.90418,2.52456
74534430,687.01,36.29946423396215,7.855294173844113,0.0912460011908958,15.7371,,0.59613,0.615965,4.62901,-0.284341,4080.77,5,False,-23.7617,11.2171,0.445508
295507430,4966.01,7.31373,3.64998,0.108735,15.72,12.474,1.44623,2.22177,3.89529,-0.0237443,6250.43,8,False,-8.01139,5.71234,1.78182
146523262,2465.01,3.75864,0.589003,0.0586093,15.7091,3.929,1.1521,1.1737,4.35386,0.0505858,6122.28,6,False,-197.894,5.5559,0.337935
45465399,4879.01,5.37631,1.99337,0.0582312,15.6976,8.218,1.34376,1.40217,4.27044,-0.0622366,6815.31,23,False,-92.1037,7.556,0.399041
317060587,1052.01,9.1398,7.63182,0.0687134,15.6898,2.37,1.19383,1.25564,4.31604,0.0466649,6284.05,11,False,-58.1117,10.2755,0.335647
167415965,214.02,9.69595098395284,7.169383787521658,0.0621553645722855,15.6862,,0.838416,0.795081,4.56014,-0.088493,5282.95,115,False,-16.7673,12.9639,0.322879
356990855,5342.01,0.589468,0.361863,0.0143785,15.6609,7.321,1.34399,2.05983,3.92891,-0.377648,6629.57,112,False,-11.0143,6.2465,1.40287
102734241,6002.01,10.9048,9.40094,0.0318891,15.6541,5.055,0.558276,0.588183,4.64513,-0.0121106,3272.0,18,False,-67.2041,8.26698,0.425129
8621049,3770.01,0.918362,0.492715,0.0575993,15.6491,4.748,0.872743,0.84283,4.5259,-0.175512,5546.47,56,False,-180.148,8.95291,0.23369
31553893,1058.01,11.1296,5.77637,0.112189,15.6424,9.151,1.64734,2.97177,3.70464,0.0435053,6233.23,10,False,-5.87627,10.5772,1.07873
323569398,6445.01,26.3927,17.1358,0.0393157,15.6403,8.608,0.933136,0.917723,4.48237,0.0245898,5543.0,3,False,-298.023,6.98086,0.23452
243014114,4512.01,19.562,3.13365,0.115495,17.0616,2.756,0.714326,0.693799,4.59748,0.270756,4343.42,5,False,-327.186,7.21519,0.254437
437011608,5082.01,4.28938,3.48139,0.790812,17.059,1.604,0.973625,0.935278,4.47805,0.0867177,5578.42,24,False,-423.169,8.48535,0.194687
85293053,1772.01,8.03269,1.25332,0.149918,17.0582,2.204,0.994741,0.946074,4.47734,0.120302,5607.78,8,False,-129.214,9.8025,0.299517
44797824,865.01,0.74558,0.00390758,0.12902,17.056,2.962,0.833562,1.11677,4.25098,-0.192795,5526.79,92,False,-9.30407,9.72801,1.19924
291471222,6264.01,5.69288,5.23361,0.0947403,17.0388,2.761,1.32785,1.4875,4.20164,-0.0797012,6610.0,45,False,-2.47778,10.2945,2.48541
358938714,3455.01,0.42249,0.354594,0.0166453,17.0354,7.58,0.890394,1.01557,4.36402,0.0533562,5454.87,62,False,-272.439,5.7501,0.319752
87873211,5077.01,5.88797,3.77671,0.0589495,17.0333,4.207,1.19232,1.75619,4.01868,0.282112,5737.08,15,False,-468.242,8.73732,0.179048
281242007,4206.01,2.41935,0.585467,0.0701326,17.0196,11.58,1.24365,1.3592,4.25432,0.203993,6145.78,9,False,-24.3787,6.23446,1.04878
4464022,4542.01,5.92048,0.896653,0.634071,17.0082,11.377,0.756563,0.87002,4.43027,-0.133098,5171.79,9,False,-0.00112984,20.4777,1.2415
435339558,6962.01,21.9907,19.463,0.0684613,17.0038,4.044,0.865163,0.846005,4.52206,0.0178262,5294.0,5,False,-0.316817,16.9565,1.05684
356472238,5382.01,14.5416,14.2405,0.0979688,17.0021,4.945,1.24437,1.65343,4.0852,-0.106393,6245.43,4,False,-207.864,6.87511,0.328813
330944099,6196.01,3.61187,3.46135,0.0951668,16.9996,13.365,1.08518,1.17561,4.32541,0.00704476,5979.0,21,False,-160.449,5.65099,0.419898
383216635,5865.01,6.63145,5.45826,0.0499836,16.9928,6.841,1.11031,1.21434,4.30451,-0.00724949,6044.0,4,False,-184.082,9.51664,0.258082
286763141,6284.01,3.44759,2.04158,0.0345046,16.9885,1.38,0.558276,0.588183,4.64513,-0.0121106,3548.0,49,False,-53.6889,9.2413,0.500163
72889156,5756.01,7.64213,3.78545,0.0222564,16.9852,12.504,0.558276,0.588183,4.64513,-0.0121106,3517.0,4,False,-9.08984,8.05728,1.48026
294471966,1446.02,4.50574,2.07673,0.0426862,16.9838,1.767,0.852641,0.820912,4.53792,0.169705,5104.42,66,False,-6446.64,8.56047,0.0488971
438629686,6582.01,19.6498,16.1959,0.041721,16.9788,10.248,1.49514,1.60803,4.19695,-0.111741,8968.0,3,False,-80.4183,7.03526,0.522186
235333495,2599.01,4.15639,0.0102006,0.126261,16.9764,14.409,1.79729,3.29202,3.64991,0.00457485,6510.29,5,False,-90.0811,5.94332,0.546898
3680800,5856.01,0.549883,0.400109,0.0809506,16.9742,2.868,1.02353,1.05738,4.39673,0.0257513,5808.0,56,False,-1.96148,9.78296,3.13634
366484980,4411.01,13.775,9.358,0.0962558,16.9663,2.639,1.19399,1.40251,4.21884,-0.0338768,6288.27,14,False,-2025.82,8.51856,0.087513
453105377,2850.01,6.632894740589452,1.3134298411257486,0.0141406309588012,16.9452,,0.697448,0.742421,4.53047,-0.172797,4792.5,15,False,-80.2614,6.33171,0.557923
94483093,6554.01,2.6141,2.40026,0.0529211,16.9402,2.644,0.969779,0.961717,4.45663,0.0260543,5650.0,18,False,-104.744,6.63872,0.472983
264193444,7430.01,21.506,17.3796,0.6963,16.9246,2.851,0.736618,0.726043,4.58078,-0.00191691,4734.0,10,False,-210.285,8.834,0.261165
119130170,5449.01,2.54378,1.48743,0.0699663,16.9164,11.897,1.34064,1.576,4.15597,-0.141447,6726.8,16,False,-194.304,6.6601,0.344533
139314045,6518.01,2.19757,0.686027,0.0371625,16.864,5.56,0.828626,0.80972,4.54116,0.012878,5147.0,13,False,-96.6921,5.21018,0.557248
61687533,2849.01,2.95297,0.191729,0.0724201,16.8542,14.697,1.24329,1.30254,4.29987,0.00381885,6432.92,7,False,-69.7524,8.00878,0.499471
362103298,4573.01,10.7155,10.0719,0.0471521,16.85,1.39,0.598704,0.624665,4.62293,-0.149788,4051.7,54,False,-3.53837,7.45604,2.72979
31142436,7047.01,5.27281,2.18574,0.0817041,16.8313,3.126,0.865163,0.846005,4.52206,0.0178262,5294.0,12,False,-7.57296,7.51739,1.71231
140019355,2885.01,6.33503,5.65072,0.0438126,16.8247,12.606,2.18928,1.96227,4.18551,-0.0162282,9595.08,5,False,-220.301,7.36195,0.298379
66242670,6453.01,6.86889,5.35031,0.114072,16.8234,12.273,1.33081,1.48963,4.20156,-0.0802686,6621.0,5,False,-120.171,6.73635,0.431977
281596890,6857.01,10.0462,5.45744,0.0365988,16.819,12.849,0.558276,0.588183,4.64513,-0.0121106,3428.0,4,False,-344.462,6.98933,0.247519
143724857,4809.01,4.47226,0.359398,0.0781109,16.8164,7.952,1.24348,1.39921,4.22742,-0.0171514,6342.7,12,False,-6.8496,10.6779,1.19552
357048995,5727.01,6.43561,4.8272,0.881847,16.8161,1.064,0.991012,0.987208,4.44171,0.0269029,5712.0,154,False,-0.704409,15.3979,1.6674
142117976,2273.01,46.5566,29.554,0.185746,16.8047,1.996,1.05418,1.14786,4.33197,-0.475351,6428.5,8,False,-7822.8,12.7518,0.0213568
281837575,5143.02,2.38433,0.233584,0.0404956,16.8013,2.974,0.854724,0.838144,4.51893,0.115565,5174.15,27,False,-24169.2,8.61766,0.0245312
405269313,6865.01,2.44657,1.19695,0.0365094,16.7927,4.039,0.622403,0.637754,4.622,-0.00844524,4185.5,21,False,-97.8016,7.11973,0.459858
407591297,5388.01,2.59468,0.196348,0.0182333,16.7838,1.176,0.297291,0.318032,4.89662,-0.199403,3359.7,18,False,-1266.75,9.31413,0.0978871
368320811,2036.01,1.26104,0.339886,0.0263522,16.7785,4.444,1.49272,2.0382,3.98772,-0.064279,6752.59,28,False,-57.851,7.39807,0.582859
371164829,5414.01,10.7814,10.552,0.089673,16.7706,8.724,0.636639,0.663546,4.59415,0.126069,4123.99,7,False,-40.0701,7.87037,0.668036
196066560,6077.01,2.2058,0.552388,0.0791732,16.7671,2.261,0.558276,0.588183,4.64513,-0.0121106,3761.0,68,False,-172.576,8.88566,0.28108
419878733,7181.01,5.1806,1.78825,0.0990443,16.7614,3.723,1.07242,1.15594,4.33602,0.0143018,5946.0,6,False,-14.5472,5.63026,1.42506
120960812,1237.02,6.23874,2.04313,0.078663,16.7548,2.561,1.17669,1.2832,4.28324,-0.0404527,6273.89,33,False,-113.22,8.19957,0.377606
802227190,3777.01,2.33656,0.428627,0.0469077,16.7307,10.185,1.28995,1.48526,4.1888,-0.184584,6651.99,18,False,-91.4518,7.45157,0.456439
172353721,5405.01,9.0712,1.05415,0.0871458,16.722,10.113,0.936939,0.947978,4.45026,-0.0283186,5626.07,9,False,-22.4065,10.5115,0.631377
321669174,2081.02,5.10971,3.60368,0.02847,16.7199,1.246,0.468626,0.478472,4.74647,-0.459955,3778.42,113,False,-6.65458,5.56073,2.20997
233500935,2297.01,22.0488,14.3636,0.0750151,16.6888,2.084,0.777654,0.755231,4.57019,0.130152,4823.39,39,False,-2.38807,9.97039,2.54063
60286662,5162.01,8.5623,3.91168,0.0619151,16.6656,6.387,0.932332,0.893916,4.50066,-0.117886,5669.03,12,False,-620.265,9.85114,0.127722
280647591,6536.01,4.23842,4.10266,0.0731617,16.6211,11.067,1.10489,1.20599,4.30901,-0.00417073,6030.0,12,False,-253.331,6.26994,0.304217
344034178,6679.01,2.30908,1.6494,0.0386893,16.6063,3.361,0.932793,0.917312,4.48261,0.0245761,5542.0,18,False,-154.391,8.53719,0.304419
119638424,4724.01,3.57236,2.80096,0.0595428,16.6039,3.63,0.937957,0.915777,4.48693,-0.0121792,5608.91,18,False,-12.396,7.69426,1.24427
168158622,4871.01,1.76897,0.675613,0.0877241,15.0565,7.633,1.1736,1.56385,4.11022,-0.164971,6238.72,29,False,-31.5263,6.88656,0.694461
165827520,3494.01,7.74879,3.86699,0.0479009,15.0542,1.954,0.259259,0.289549,4.92915,0.0393064,3254.18,8,False,-809.259,10.7118,0.0712279
464542805,6574.01,13.0953,4.27857,0.0475709,15.0447,8.599,1.135,1.25208,4.28639,-0.0191841,6103.0,4,False,-5.98746,7.52096,1.58475
410901394,6471.01,3.07584,1.39697,0.0550393,15.0412,5.354,1.00222,1.0087,4.42813,0.0267182,5745.0,24,False,-7.24615,6.41513,1.62642
49771092,542.01,1.63183,0.773756,0.0246285,15.0368,10.029,0.892747,0.862653,4.50882,0.237653,5186.0,38,False,-144.209,7.42502,0.29724
78601408,5475.01,10.0532,0.00547242,0.0656222,15.0354,9.586,1.24277,1.5451,4.14334,-0.0411342,6263.37,7,False,-43.1666,8.2928,0.487004
72806004,6500.01,4.41575,0.0525733,0.024303,15.028,6.318,0.952314,0.940748,4.4689,0.0253563,5599.0,13,False,-106.572,8.00799,0.319501
208297760,4417.01,5.29044,1.09544,0.672147,14.9771,1.849,0.77377,0.746761,4.57793,0.0710382,4838.76,20,False,-0.636095,13.6685,1.7803
44313455,2142.01,9.3004,4.56239,0.0377698,14.9618,1.496,0.32842,0.347699,4.87292,-0.35165,3466.01,8,False,-154.04,8.81531,0.232152
366568760,5121.01,8.40715,3.95204,0.108238,14.9352,14.161,1.01649,3.86212,3.26515,-0.000615424,4831.76,17,False,-3.57381,6.05272,2.56475
286545058,5921.01,5.00521,1.96532,0.0772637,14.9282,10.603,1.15575,1.28376,4.27145,-0.0289601,6152.0,5,False,-19.5151,4.83783,1.10369
107018378,4556.01,3.79245,2.95796,0.0190945,14.9131,1.658,0.199069,0.223659,5.03363,-0.101229,3202.5,24,False,-275.236,7.33377,0.213648
390151888,6543.01,15.5523,3.0258,0.108171,14.9123,3.376,1.00696,1.01952,4.42115,0.0265033,5759.0,4,False,-9062.14,11.2153,0.0180999
436764867,5958.01,2.30619,0.517475,0.0312409,14.8878,2.3,1.02624,1.06356,4.39274,0.0256285,5816.0,19,False,-62.6415,8.22519,0.397464
210904767,7038.01,8.60003,6.14889,0.07282,14.8639,4.691,1.41134,1.54765,4.1993,-0.0956921,6920.0,11,False,-1294.01,7.42923,0.096395
49735922,6834.01,6.33927,2.57626,0.0566326,14.8311,3.658,0.863885,0.844718,4.52276,0.0176737,5289.0,14,False,-326.139,11.5967,0.0837136
277833995,5524.01,2.29799,0.18669,0.0206044,14.81,2.153,0.548461,0.572273,4.65484,-0.0242389,3781.62,44,False,-87.7655,7.63301,0.360498
278726770,6654.01,9.51606,0.864148,0.0381667,14.7857,1.619,0.68406,0.685416,4.59975,-0.00492101,4481.6,43,False,-13.08,5.07664,1.31677
33227166,4999.01,5.50217,4.60318,0.37053,14.7838,6.263,1.29172,1.73261,4.06014,0.119684,6018.54,13,False,,,
166648874,1806.02,8.19608,4.37912,0.0282242,14.7823,3.037,0.359255,0.378495,4.83372,0.0882411,3356.32,6,False,-191.914,7.27979,0.253605
308191940,4374.01,13.269,3.27487,0.0556169,14.7668,8.144,2.48612,2.27566,4.1058,-0.00742548,10200.0,10,False,-5.04063,5.77838,2.09729
468350765,7155.01,3.89487,0.169579,0.0380731,14.7198,2.776,0.733286,0.723468,4.58198,-0.00210735,4718.0,30,False,-141.236,7.27779,0.293688
77550515,4834.01,3.11785,2.89007,0.0480179,14.7051,8.677,0.876869,1.02825,4.34477,0.115784,5358.32,6,False,-186.341,5.56089,0.313727
187309502,7469.01,3.58724,0.921617,0.0402474,14.6857,10.079,0.80341,0.785837,4.55251,0.00810087,5036.0,5,False,-419.08,7.05775,0.174059
157572174,2861.01,6.61738,5.14226,0.0633549,14.6518,9.246,1.24677,1.34383,4.27272,0.160386,6271.38,8,False,-4.5856,10.6704,0.983849
286712787,5159.01,5.83651,5.65061,0.0509904,14.6257,1.497,0.83652,0.824243,4.52452,-0.0487665,5263.66,12,False,-139.483,7.15682,0.296615
347553438,2432.01,1.81674,1.47377,0.0855883,14.6144,5.979,1.64603,2.84589,3.74036,0.0909164,6242.2,25,False,-59.3419,6.76106,0.481654
298437387,5629.01,2.28498,1.22936,0.0193889,14.6072,3.536,0.897506,0.874007,4.506,0.220052,5256.84,6,False,-664.281,7.48032,0.129063
383358873,7253.01,5.42423,3.9714,0.0523868,14.6045,4.76,0.888693,0.869695,4.50924,0.0206325,5386.0,3,False,-453.746,6.95839,0.167648
186815660,5485.01,2.58393,1.0067,0.0299607,14.6015,8.513,1.09132,1.28697,4.24659,-0.187352,6183.11,17,False,-19.9493,7.05122,0.816257
453348525,3792.01,0.772907,0.370477,0.017531,14.5974,5.39,1.01181,1.04416,4.40292,-0.326196,6180.91,45,False,-31.7817,8.97286,0.476093
167342439,707.02,17.4757,3.46209,0.0925338,14.5817,1.384,0.971577,0.947362,4.46681,0.219797,5487.6,47,False,-1.03772,14.3005,0.211354
219225319,4676.01,13.294045935156335,8.149316693600124,0.0541245420838266,14.5671,,0.873431,0.843023,4.5247,0.275415,5114.13,4,False,-66.5072,6.61276,0.460217
255560319,6703.01,49.6178,40.5109,0.274324,14.5626,1.103,0.916595,0.897864,4.49398,0.0239287,5494.7,13,False,-2.49657,6.11278,3.0976
152852327,2643.01,9.17205,5.02307,0.151542,14.5572,12.552,1.03703,3.65943,3.32201,-0.00455052,4861.53,6,False,-6.21188,6.9342,1.5714
123234747,7192.01,16.3425,11.9123,0.0634327,14.5546,3.623,1.07242,1.15594,4.33602,0.0143018,5946.0,10,False,-50.7456,8.0362,0.433192
144155193,4878.01,4.72971,3.6412,0.032205,14.5453,12.242,1.05278,1.05154,4.40938,0.0525208,5865.3,5,False,-178.916,5.10422,0.330627
142748283,2096.01,3.11907,1.47632,0.0191557,14.5271,1.573,0.218255,0.240551,5.00641,-0.0553922,3216.22,66,False,-257.506,9.48872,0.146863
284592989,7031.01,1.79103,0.714888,0.0240873,14.5175,8.539,0.558276,0.588183,4.64513,-0.0121106,3718.0,8,False,-85.4241,8.07482,0.328096
329691586,3202.01,1.51716,0.718582,0.0251973,14.5118,6.806,1.13525,1.07293,4.42839,-0.244673,6442.44,17,False,-82.466,5.85904,0.44862
14203588,7071.01,5.53341,1.84394,0.151618,14.4927,2.558,1.49514,1.60803,4.19695,-0.111741,10409.0,17,False,-3.13316,5.73597,2.75354
4486230,6880.01,14.9167,12.9047,0.0808946,14.4866,2.354,0.900969,0.882055,4.50256,0.0220967,5434.0,10,False,-2690.35,7.91656,0.0590525
367439938,6915.01,2.49156,1.81192,0.0308469,14.4789,4.535,1.49514,1.60803,4.19695,-0.111741,8013.0,43,False,-4.86964,5.9086,2.04182
308883808,2609.01,1.1602,0.645186,0.063084,14.4426,2.899,1.05399,1.12223,4.35396,-0.0721389,6016.49,61,False,-1.49259,6.92729,4.06264
143282930,2509.01,1.53396,0.132485,0.042471,14.4198,4.08,1.24484,1.78929,4.02081,-0.29326,6461.23,42,False,-57.5308,6.88869,0.469283
142211778,6273.01,3.05205,2.37557,0.172597,14.4176,7.599,0.995794,0.99402,4.43759,0.0270098,5726.0,17,False,-26.3526,7.42229,0.652996
140284353,2695.01,0.557056,0.0228362,0.0231421,14.3759,7.881,0.874078,1.31476,4.12821,-0.219643,5581.63,39,False,-7.95686,5.77626,1.53708
167597352,3247.01,5.33279,1.45998,0.0529241,14.3756,17.922,1.23927,1.8929,3.97657,-0.194809,6258.34,4,False,-58.251,5.90704,0.524345
372172128,2196.01,1.1986179475450045,0.861247191368106,0.0641642114683459,15.6402,2.239,1.03425,1.00286,4.44463,0.127184,5741.26,66,False,-62.95,7.96814,0.456535
453677947,3128.01,2.315424336495109,0.3301107994496612,0.2121249397465504,15.6247,3.309,1.01726,1.36123,4.16826,-0.450966,6223.87,74,False,-29.0967,7.64422,0.707331
96885837,7284.01,0.876147,0.715166,0.016092,15.6129,9.512,1.22092,1.37433,4.23326,-0.0534775,6306.0,20,False,-57.0513,6.61302,0.563216
438412198,5118.01,1.57492,0.159854,0.141833,15.6095,2.305,1.29549,1.55591,4.15532,-0.0920817,6499.38,114,False,-11.8648,12.7872,0.403708
328934980,5739.01,8.43062,0.753141,0.0869437,15.5828,2.223,1.13547,1.2528,4.28605,-0.0194076,6104.12,5,False,-108.099,9.21676,0.287653
23814735,2075.01,4.79815,1.5978,0.035557,15.5804,2.34,0.598259,0.631757,4.61243,-0.0387186,4021.87,11,False,-223.26,7.9918,0.23768
370907864,5998.01,9.338,4.70333,0.0563103,15.5426,2.912,0.597519,0.618518,4.63097,-0.00986754,4066.0,11,False,-128.853,7.95089,0.313831
301247383,6745.01,5.14967,3.73385,0.0598611,15.5289,13.384,1.06546,1.14522,4.34181,0.0182603,5928.0,5,False,-45.2388,6.4098,0.642923
415399713,5527.01,346.144,46.0908,0.143639,15.5197,2.869,0.935482,0.906115,4.49127,0.092172,5452.77,3,False,-1058.98,7.51703,0.114717
17129975,6969.02,4.55476,3.07853,0.0481423,15.496,12.54,1.32946,1.48866,4.20159,-0.0800107,6616.0,6,False,-2.19015,13.2715,0.894711
130797885,3376.01,4.72485,3.39831,0.0646093,15.4772,14.851,1.23972,1.47558,4.17943,-0.285632,6639.89,6,False,-125.032,6.3362,0.383679
360156606,1227.01,27.3614,18.823,0.0745414,15.4723,6.527,0.409158,0.436418,4.76754,0.397962,3381.48,5,False,-6611.78,10.0014,0.0313591
258983679,2593.01,1.47111,1.09629,0.0351485,15.4539,7.13,1.39526,2.16497,3.90785,-0.170709,6406.73,16,False,-630.268,5.95081,0.176691
251111783,4714.01,7.92126,1.82706,0.0677159,15.4377,16.988,0.837261,0.925672,4.41746,0.0493291,5275.19,3,False,-43.6573,7.06199,0.601444
419840740,6114.01,8.95384,6.15286,0.05968,15.4303,8.195,1.07126,1.15416,4.33699,0.0149616,5943.0,6,False,-7.31843,11.1204,0.808005
45492609,2922.01,1.36052,1.36047,0.124647,15.4238,2.044,1.09949,1.13708,4.36352,0.0396737,6028.2,104,False,-41.7226,9.07405,0.466754
406140233,5508.01,3.18318,2.31973,0.0716058,15.4173,12.364,1.11402,1.26214,4.27384,-0.00901291,6057.14,6,False,-93.3111,6.97254,0.411169
97486178,2426.01,4.08168,1.9803,0.0585822,15.4093,2.489,0.979083,0.976244,4.44707,0.0538866,5677.11,11,False,-219.545,7.62686,0.245821
70678449,5516.01,4.37766,4.11138,0.0547263,15.399,11.159,1.23875,1.99053,3.92368,-0.120714,6052.02,12,False,-9482.69,9.23558,0.0294982
159303995,7460.01,46.157,18.1487,0.161575,15.3813,3.96,1.02148,1.05269,4.39975,0.0258445,5801.93,7,False,-3.64637,6.99299,2.3912
359403471,4929.01,2.56248,1.51724,0.0492628,15.3518,8.55,0.793956,0.835772,4.48218,-0.249014,5361.41,10,False,-179596.0,5.64304,0.0106757
151759246,5800.01,2.62826,1.66636,0.0417316,15.3437,1.28,0.754734,0.740047,4.57425,-0.000881426,4821.0,23,False,-52.3597,9.73558,0.366752
178170828,4401.01,0.450264,0.166127,0.0509283,15.3423,1.106,0.895861,0.870491,4.50948,0.134688,5313.19,236,False,-13.0883,10.4409,0.664513
122706449,7398.01,2.60686,1.9224,0.0523996,15.3293,7.449,1.01406,1.03574,4.41068,0.026181,5780.0,39,False,-86.0394,7.92119,0.375886
5592720,4986.01,6.5926,3.93867,0.0466252,15.3164,18.251,1.23741,1.39484,4.22596,-0.0580071,6345.0,3,False,-7.63244,4.88099,1.90994
198162530,5738.01,0.768118,0.278175,0.027209,15.3111,1.142,0.558276,0.588183,4.64513,-0.0121106,3717.0,920,False,-3.19242,5.66415,2.99641
377097547,5507.01,1.5068,1.42324,0.0141838,15.3089,1.259,0.348418,0.364081,4.85325,-0.156853,3410.51,44,False,-133.262,7.53893,0.315778
29106627,6070.01,9.51298,5.8027,0.0619737,15.3074,2.864,0.794778,0.77766,4.55639,0.00646545,4998.0,7,False,-2992.87,10.4131,0.0417064
9833284,3762.01,0.682398,0.378234,0.0490922,15.3018,3.682,1.57608,2.02382,4.01821,-0.0130757,6824.66,81,False,-29.4016,8.60775,0.59009
37291237,5057.01,1.14615,0.883268,0.250204,15.2942,9.803,0.833325,2.29094,3.63154,0.0556342,4788.2,20,False,,,
31515092,2552.01,2.37011,1.63286,0.0343464,15.2929,2.951,0.597479,0.631567,4.6089,-0.00957926,3998.5,31,False,-132.464,7.25525,0.327651
49066806,6530.01,5.3328,4.30207,0.0450749,15.2666,2.855,0.623131,0.638317,4.62173,-0.00840358,4189.0,18,False,-16.7581,9.56731,0.676165
75697959,5433.01,4.14573,1.34255,0.0430233,15.2608,12.511,0.678203,0.682068,4.60013,-0.146926,4548.09,9,False,-189.506,6.67474,0.292086
446463666,4883.01,4.49674,1.93929,0.0829804,15.2567,13.364,1.24472,1.41991,4.22641,-0.281259,6824.27,11,False,-156.988,7.80616,0.278723
428812049,6911.01,16.2523,9.12833,0.150532,15.2421,2.655,1.35101,1.50419,4.20099,-0.0841374,6696.0,15,False,-62.3916,7.7456,0.448126
34980970,5343.01,12.8363,4.45896,0.0714588,15.2296,2.447,0.718319,0.706927,4.59761,-0.0836697,4734.86,9,False,-291.583,7.95188,0.199277
237920046,873.01,5.9312,1.83749,0.566046,15.2196,0.972,0.50881,0.527923,4.69721,-0.0141298,3684.04,96,False,-5.03965e-05,24.023,2.3914
219742885,4580.01,0.916799,0.712131,0.0323907,15.2174,0.58,0.976919,0.946857,4.47506,0.179975,5554.07,969,False,-218.341,8.43552,0.214811
122617317,4311.02,0.990288,0.634823,0.0482755,15.207,1.118,0.815767,0.808979,4.52926,-0.0432655,5180.09,130,False,-34.4511,10.3024,0.398104
431693152,4685.01,7.03082,5.63712,0.0669365,15.2018,4.325,0.956628,0.895541,4.51214,0.0848952,5517.02,6,False,-173.233,6.50657,0.309508
161477033,553.02,11.976,0.408764,1.65139,15.1996,1.6,0.89772,0.858925,4.52085,0.19521,5245.21,10,False,-2363.18,7.69443,0.07198
468983280,5489.01,3.15221,2.06435,0.0271084,15.1988,1.528,0.408284,0.423627,4.79105,-0.103074,3480.86,43,False,-1066.95,8.51413,0.0954647
52976395,2765.01,1.01906,0.556328,0.0223453,15.1967,8.284,1.39303,1.41243,4.27038,-0.34009,7464.07,19,False,-102.895,6.12249,0.420416
418604868,5817.01,15.5469,2.22214,0.124018,15.1537,2.442,1.02387,1.05815,4.39623,0.0257359,5809.0,3,False,-10301.3,9.28098,0.0269667
23937608,5842.01,2.80928,1.45512,0.0461468,15.1422,6.429,1.02793,1.06742,4.39025,0.0255518,5821.0,17,False,-98.8871,6.70874,0.39869
265460043,2272.01,32.7869,9.38878,0.502978,15.1138,4.437,1.49587,2.50574,3.80916,-0.0668871,6231.73,5,False,-55.1384,8.77563,0.403641
286864983,772.03,2.7912262558344865,0.3011524589090497,0.0445461890201533,15.1131,2.712,0.813636,0.79479,4.54563,0.0356825,5074.21,34,False,-2.34768,12.6128,0.956958
307375528,6931.01,2.2206,1.51705,0.059908,15.0846,10.253,1.22134,1.37486,4.23308,-0.0535936,6307.0,9,False,-52.2605,6.59156,0.555957
281909674,534.01,4.03507,2.52406,0.056242,16.5922,13.042,1.11425,1.12443,4.38324,-0.0593694,6188.0,15,False,-80.1369,7.11898,0.498376
167714792,945.01,0.929814,0.888337,0.0196702,16.5869,5.262,1.34396,1.59066,4.15713,-0.307349,7069.97,73,False,-58.3087,6.27519,0.638143
148129139,4774.01,8.60005,1.50413,0.0832664,16.5788,4.953,1.03649,1.0314,4.42173,0.0688416,5818.05,9,False,-67.6815,8.2884,0.475391
420108587,4164.01,3.51569,0.392477,0.585532,16.5519,3.074,0.995188,1.59902,4.01878,-0.771005,6392.82,179,False,-22.257,10.7744,0.589436
262928973,6901.01,3.27279,1.10516,0.0349703,16.5063,1.66,0.698303,0.696426,4.59461,-0.00410691,4550.0,53,False,-78.0059,9.38221,0.379972
121731834,6003.01,5.85995,2.73863,0.0853659,16.5055,2.636,1.15448,1.28182,4.27237,-0.0283616,6149.0,45,False,-4.49246,7.73556,2.19454
304339227,4629.01,714.697,19.4045,0.119359,16.5001,2.829,1.06895,1.09442,4.38227,-0.113132,6087.49,3,False,-107.516,8.74588,0.351342
258634801,7358.01,7.05477,1.53584,0.0489998,16.4913,4.733,0.96245,0.952918,4.46178,0.0257614,5628.6,10,False,-50.3357,8.99949,0.499961
303327435,4910.01,5.47566,3.79925,1.01383,16.4469,7.122,0.854751,0.902252,4.45496,-0.13032,5507.09,16,False,-61.9998,7.5979,0.530683
267617257,6359.01,2.4392,1.3305,0.0776531,16.4447,13.228,1.49514,1.60803,4.19695,-0.111741,8184.6,5,False,-66.5686,7.19005,0.535197
286201103,6008.01,0.857373,3.82896e-06,0.0214576,16.4399,2.195,0.558276,0.588183,4.64513,-0.0121106,3098.0,262,False,-224.156,9.52163,0.216248
262880065,2256.01,13.955,9.35255,0.0877139,16.4266,2.668,0.859255,0.840057,4.52528,0.0171216,5270.9,5,False,-16.8326,12.9143,0.415711
432758245,6254.01,1.53611,0.847207,0.0197586,16.4246,2.322,0.871046,0.851928,4.51886,0.0185278,5317.0,41,False,-128.897,9.1668,0.299976
22712134,6287.01,1.64074,0.526078,0.0188893,16.4005,10.192,1.20232,1.3512,4.2415,-0.0483671,6262.0,24,False,-176.505,7.21156,0.324007
234825296,536.01,9.24323,5.08964,0.0353346,16.3948,13.487,1.05113,1.13169,4.34685,0.162215,5796.32,7,False,-424.504,8.63323,0.175968
213111428,5023.01,2.27642,0.656137,0.0177557,16.3848,9.527,0.288376,0.32243,4.8827,0.203182,3249.74,18,False,-54.653,8.9476,0.475785
42054565,280.01,10.18426892913835,7.730244828708388,0.0350295586917067,16.3832,,0.854685,0.805853,4.55549,-0.0768585,5322.73,11,False,-206.757,9.92278,0.210329
100589633,2726.01,3.90025,1.83744,0.445293,16.3768,22.586,1.19287,1.29434,4.28449,-0.0795697,6389.58,6,False,-54.0892,6.95235,0.606132
128135100,2824.01,2.20879,1.89276,0.106921,16.3755,8.03,1.02741,1.18015,4.29573,0.142288,5729.71,24,False,-47.3816,7.68266,0.598438
34729329,2731.01,0.995383,0.42669,0.0611094,16.3675,1.376,0.912662,0.858703,4.52708,0.0192558,5429.47,68,False,-131.564,7.33691,0.369399
318836983,5532.01,5.65399,1.31783,0.0438739,16.3481,2.335,0.598802,0.637514,4.60346,0.0156507,4007.84,23,False,-112.806,11.4299,0.217481
39516274,5997.01,5.65502,1.51041,0.0327733,16.3479,1.584,0.724124,0.716385,4.58529,-0.00263104,4674.0,23,False,-17.3473,8.8963,0.867857
41387532,4389.01,11.3975,2.08217,1.1432,16.3059,3.151,1.15914,1.28893,4.26901,-0.0305562,6160.0,12,False,-3.62233,13.7315,0.736967
388816604,4540.01,2.50482,1.40613,0.0472208,16.3047,3.555,0.79314,0.846614,4.47088,-0.256906,5381.91,56,False,-0.529633,15.5338,1.43353
28945511,2934.01,1.12399,0.805141,0.0159129,16.2969,6.252,1.05638,0.984252,4.47321,-0.129876,6079.03,45,False,-1418.53,7.68681,0.106615
305048087,237.01,5.43615,1.11827,0.0245209,16.2961,1.676,0.179294,0.205287,5.06369,-0.0557152,3142.81,17,False,-106.771,8.46288,0.356175
374908396,6621.01,4.28078,0.385778,0.0733855,16.2941,2.653,0.65749,0.664876,4.60933,-0.00643973,4354.0,35,False,-10.1094,12.6321,0.572195
194234471,6192.01,3.56318,1.86221,0.0246658,16.2885,6.105,0.685809,0.686768,4.59912,-0.00482103,4490.0,6,False,-251.829,5.709,0.31186
148960849,5614.01,4.17219,2.45764,0.0459647,16.2719,3.071,0.698584,0.695759,4.59473,0.282234,4334.92,44,False,-416.816,8.12518,0.186403
91251292,4639.02,13.078,11.9837,0.0892037,15.8752,3.365,1.0762,1.04584,4.42731,-0.135079,6134.76,7,False,-125.061,7.47078,0.352721
65440953,3665.01,0.87499,0.267429,0.0342824,16.2393,3.971,0.835321,0.799322,4.54782,-0.0399374,5194.82,17,False,-109.361,6.92508,0.418398
115628210,5409.01,0.594385,0.0168545,0.0162014,16.2349,6.577,1.17547,1.19448,4.34725,-0.15093,6408.58,139,False,-95.165,7.10759,0.439982
430093142,5408.01,0.959876,0.451886,0.0254208,16.2288,19.284,2.23174,3.17278,3.76604,0.0162649,8113.33,41,False,-5.19242,4.95029,2.58516
264171144,2281.01,210.836,130.467,0.502956,16.2258,3.672,1.13445,1.51483,4.12539,-0.500786,6565.38,6,False,-0.31772,16.1606,1.37933
76899250,6735.01,3.33432,0.308374,0.0322325,16.2254,12.747,1.3028,1.46945,4.20234,-0.0749039,6517.0,8,False,-739.04,7.66317,0.146983
286864983,772.01,11.0897,4.55697,0.57409,16.2168,4.006,0.813636,0.79479,4.54563,0.0356825,5074.21,9,False,-4.0814,12.6128,0.956958
88114177,5531.01,4.53524,3.15042,0.0609691,16.2091,1.53,1.00838,1.02626,4.4137,-0.0632136,5878.47,21,False,-89.4551,9.20122,0.348607
33716474,4561.01,8.93566,4.75298,0.0396149,16.2085,1.874,0.914195,0.863536,4.52625,-0.00889287,5484.16,69,False,-5.20134,5.89132,2.36238
210873792,900.01,4.84941,2.80599,0.071447,16.2048,2.677,0.637803,0.660852,4.60757,0.0762576,4164.01,18,False,-5138.88,8.30914,0.0513382
91251292,4639.01,3.99065,3.9899,0.0926723,16.0334,2.422,1.0762,1.04584,4.42731,-0.135079,6134.76,24,False,-129.754,7.47078,0.352721
401509690,5035.01,5.80337,0.218985,0.0690727,16.1848,9.919,0.912626,0.958236,4.42958,0.080118,5477.89,5,False,-25.4008,7.35157,0.840631
294434193,6937.01,1.38098,0.691162,0.0321128,16.1828,7.119,1.49514,1.60803,4.19695,-0.111741,7445.4,66,False,-108.661,1.62332,0.656152
298897095,7462.01,2.62413,0.635787,0.0227319,16.1806,6.056,0.892683,0.873712,4.50707,0.0211084,5401.6,42,False,-102.04,8.37029,0.363394
306663205,2815.01,3.40317,2.49307,0.0326368,16.1395,14.337,1.13246,1.2482,4.28822,-0.0179871,6097.0,6,False,-10.1165,4.54432,1.81106
372831381,5926.01,3.8526,2.28345,0.817019,16.1229,5.136,0.899946,0.881025,4.50311,0.0219747,5430.0,13,False,,,
366410512,5101.01,10.1368,2.52074,0.10311,16.092,4.947,1.24575,1.44111,4.21147,-0.0449275,6439.88,15,False,-73.1606,6.77517,0.513438
318022259,1730.02,2.15552,2.06379,0.0287443,16.3664,1.478,0.518122,0.535557,4.69121,-0.029385,3705.38,28,False,-247.998,9.77073,0.195932
352011875,5995.01,6.24673,2.82813,0.193629,16.0767,1.961,0.71775,0.711458,4.58759,-0.00299536,4643.39,44,False,-7.37845,4.71508,2.12009
12938488,5977.01,0.431719,0.0261896,0.0545931,12.454,6.975,0.558276,0.588183,4.64513,-0.0121106,3180.0,216,False,-3.21793,10.9904,0.452244
255685030,799.01,5.55014,2.87249,0.648438,12.4384,1.187,0.95722,0.909155,4.50192,0.120406,5518.7,88,False,-0.771037,9.78258,2.77671
358253047,4351.01,20.1463,8.60832,0.120049,12.4301,1.96,0.89485,0.863131,4.51752,0.146208,5294.8,13,False,-5.4187,10.5165,0.427581
244170332,5530.01,0.477438,0.0398295,0.0201037,12.4182,1.154,0.518657,0.537073,4.69243,-0.169478,3761.64,160,False,-18.5917,8.15389,0.478618
280024247,6048.01,5.50024,3.82295,0.0657768,12.4116,3.42,1.19091,1.337,4.24655,-0.0452313,6235.0,16,False,-36.6303,8.22206,0.329413
468889418,5156.01,22.81,15.6108,0.0210211,12.3955,4.939,1.03527,0.997126,4.45246,-0.458388,6369.3,6,False,-0.484975,10.3684,4.5327
382688257,6520.01,7.56647,2.82885,0.752938,12.392,5.17,0.841122,0.8218,4.53516,0.0149589,5200.0,8,False,-6.25727,6.6948,1.16943
195187769,5550.01,13.956,5.17171,0.0674607,12.3799,2.364,1.05241,1.0813,4.38424,-0.0192916,5941.35,8,False,-170.711,6.9656,0.194155
53287554,5172.01,4.72173,3.57001,0.053019,12.3664,2.195,0.694658,0.688668,4.59475,-0.0555971,4518.86,7,False,-3.12476,11.295,0.337495
427578289,5360.01,4.00011,2.32971,0.793029,12.3597,6.543,1.12743,1.25343,4.28533,-0.185092,6304.6,19,False,,,
82452140,2289.01,63.3956,8.47771,0.106521,12.3534,3.099,0.993167,0.990509,4.44003,0.0805677,5692.97,3,False,-35.766,8.62497,0.296809
100769500,6128.01,4.5053,4.41399,0.0440688,12.3494,5.809,0.991423,0.987701,4.44143,0.0269194,5713.2,5,False,-25.5826,5.6859,0.631774
330218897,5819.01,3.42001,0.592159,0.032129,12.3209,2.397,0.908386,0.889523,4.49852,0.0229813,5463.0,22,False,-52.0757,7.54085,0.313473
372759746,4575.01,27.9761,10.9974,0.186264,12.3027,2.201,1.07319,1.12212,4.35811,0.0593714,5906.97,8,False,-25.8112,8.00981,0.405118
437786834,5463.01,1.1008,0.147138,0.0315875,12.2903,10.837,1.3906,1.68822,4.1192,-0.205964,7032.8,38,False,-38.9342,6.5595,0.436589
81593515,3754.01,2.53987,1.27214,0.123568,12.2632,11.374,1.68747,2.51189,3.84822,0.0996022,6643.76,5,False,-12.0414,6.9798,0.749656
14570099,5558.01,26.1949,21.4699,0.0713142,12.2578,2.493,0.697383,0.696778,4.59314,-0.0827097,4611.79,5,False,-32.117,7.11464,0.432974
37749396,260.01,13.475798303864778,6.352320061236029,0.0384750196268839,12.2254,,0.577855,0.595442,4.64446,-0.217695,3956.07,6,False,-0.340533,12.1335,0.841684
158657354,5986.01,38.5836,28.6001,0.220338,12.1826,6.123,1.24955,1.40994,4.22059,-0.0613427,6373.72,6,False,-14.5121,7.70624,0.573833
318836983,5532.02,2.39299,1.61754,0.0351032,12.1798,1.705,0.598802,0.637514,4.60346,0.0156507,4007.84,54,False,-3.54936,11.4299,0.217481
443582629,5519.01,5.8512,2.60765,0.0479542,12.1746,1.32,0.337849,0.349932,4.86892,-0.304261,3450.57,19,False,-219.591,7.7641,0.139298
131034657,4842.01,5.33012,1.47208,0.0363834,12.1639,21.171,1.21872,2.96297,3.56105,-0.0673661,5044.12,4,False,-57.8528,5.77862,0.396747
463868678,6591.01,5.78972,3.05402,0.156627,12.1413,4.722,0.975944,0.969117,4.4523,0.0263007,5668.0,5,False,,,
298074836,5716.01,6.76634,0.254935,0.0246215,12.108,3.444,0.558276,0.588183,4.64513,-0.0121106,3331.0,36,False,-11.9195,9.01103,0.441881
420191136,7171.01,23.5366,3.26413,0.129806,12.1007,3.433,1.49514,1.60803,4.19695,-0.111741,7487.0,4,False,-1.70255,6.38731,2.77733
207238953,4407.01,7.13646,0.686826,0.042125,12.0734,2.063,0.997054,0.969183,4.46277,0.224174,5579.52,34,False,-0.340066,11.7065,3.39889
229650439,1438.02,9.40588,6.57349,0.887793,12.0538,0.88,0.832084,0.804721,4.54212,-0.00627288,5169.32,104,False,-2.33671e-14,17.3822,0.71703
22903436,7032.01,17.7144,5.55568,0.853227,12.0526,1.617,0.693306,0.692562,4.59641,-0.00439256,4526.0,5,False,-9.05751e-08,13.0519,0.197452
286813592,5709.01,3.38101,3.25224,0.0368091,12.0525,1.961,0.558276,0.588183,4.64513,-0.0121106,3600.0,29,False,-50.1947,8.0211,0.269421
400093502,6068.01,10.6682,4.45381,0.05083,12.0515,3.615,1.35693,1.50845,4.20083,-0.0852722,6718.0,15,False,-98.7373,7.38047,0.220992
202282233,6234.01,6.62897,0.666143,0.0886045,12.0085,7.279,0.927999,0.911556,4.48597,0.0243845,5528.0,3,False,-23.8715,6.29086,0.562186
203289099,5111.01,3.35569,1.42611,0.0362506,11.9915,1.944,0.53791,0.563746,4.66598,-0.0632087,3779.62,24,False,-137721.0,8.02981,0.00497466
34986694,6717.01,0.4707492175694975,0.0520203490524574,0.0074977549869084,11.9749,5.518,0.558276,0.588183,4.64513,-0.0121106,3254.0,186,False,-552.477,9.306,0.0530127
63898957,261.02,13.0276,6.65816,0.096655,11.972,2.578,1.06972,1.12252,4.36354,-0.078772,6079.21,4,False,-0.200419,12.1457,0.521969
438170612,5127.01,17.5329,17.4227,0.0786686,11.9719,2.412,1.07801,1.13002,4.3598,-0.0832276,6095.6,9,False,-20.5974,8.90442,0.326048
139158696,7067.01,15.3574,3.35074,0.0678402,11.9413,13.778,0.908131,0.889265,4.49866,0.0229508,5462.0,4,False,-63.5585,5.84416,0.361037
261257684,904.02,84.1088,41.148,1.43846,11.923,1.764,0.528635,0.544385,4.68339,-0.0754828,3741.57,4,False,-57.1761,8.53564,0.211745
224279091,4658.01,6.01425,3.92379,0.0746104,11.9186,2.296,0.892907,0.853354,4.5241,-0.0930409,5505.71,16,False,-8.26668,9.3482,0.449583
60446303,7285.01,2.13808,0.751909,0.0290991,11.9179,6.467,1.35424,1.50651,4.2009,-0.0847564,6708.0,12,False,-35.9398,6.02842,0.467666
303523128,5078.01,1.52507,0.690913,0.244628,11.8949,1.182,0.679022,0.682206,4.60088,-0.075352,4490.27,74,False,-4.41833,10.4889,0.355442
67181830,6912.01,7.6379,4.46777,0.0501632,11.8157,2.27,1.06392,1.14283,4.3431,0.0191399,5924.0,10,False,-302.435,8.44236,0.090686
276735500,5010.01,6.71335,3.60902,0.0972386,11.8136,7.457,0.639912,0.666444,4.59948,0.0537678,4194.82,8,False,-2.8724,10.5191,0.431228
119973835,6078.01,9.69367,9.02052,1.02691,11.8125,1.229,0.844191,0.82489,4.53348,0.015325,5212.0,7,False,-8.90924e-12,12.5128,0.106101
219344917,871.01,14.362745185903805,6.136899858582256,0.0661008063588975,11.8009,,0.755643,0.730862,4.58806,-0.0336659,4853.17,13,False,-16.5797,10.4853,0.156981
251848941,178.02,20.7241,7.61531,0.0891361,7.66577,1.894,0.637303,0.655298,4.60972,-0.0270008,4188.43,4,False,-4.94958e-50,11.9833,0.292313
144441148,1837.01,5.84325,0.73234,0.405245,11.7766,2.687,1.29203,1.691,4.08042,0.00571507,6209.2,6,False,-0.0130379,13.438,0.880407
88999533,6400.01,5.03671,1.45702,0.131719,11.7717,11.139,1.49514,1.60803,4.19695,-0.111741,7455.0,5,False,-10.074,6.14573,0.880785
166648874,1806.03,0.501895,0.355198,0.0145446,11.7609,1.558,0.359255,0.378495,4.83372,0.0882411,3356.32,87,False,-69.4446,7.27979,0.253605
323687123,5557.01,4.01797,1.96908,0.0209033,11.7603,1.251,0.169533,0.194556,5.08531,-0.00787259,3095.95,22,False,-21.7432,7.5246,0.437503
266023807,5978.01,0.739482,0.51678,0.0285087,13.7238,1.333,0.963615,0.954316,4.46096,0.025808,5632.0,127,False,-39.0457,7.14893,0.500152
439366538,2374.01,4.31361,2.33212,0.0341797,13.7053,7.923,0.795465,0.762433,4.56956,0.229574,4805.75,9,False,-30.2067,9.14796,0.396113
330637910,5561.01,2.00747,1.78057,0.0191387,13.6979,7.505,0.466979,0.482356,4.73625,-0.0521665,3589.82,43,False,-131.956,7.0613,0.271064
115623434,2279.01,3.14345,0.471195,0.304491,13.6313,1.803,0.813257,0.776911,4.56138,0.126009,4941.57,59,False,-0.134207,15.0384,2.24973
159851831,5741.01,23.9495,6.17783,1.32534,13.6301,2.024,0.704342,0.701094,4.59243,-0.00376174,4579.0,7,False,-15.4952,12.3048,0.163991
147923561,5715.01,6.28235,0.798696,0.0384886,13.5714,1.911,0.558276,0.588183,4.64513,-0.0121106,3827.0,32,False,-46.9285,8.5106,0.350126
58824746,4638.01,10.283,5.95048,0.0672749,13.5574,2.717,0.915411,0.893411,4.49604,-0.0357424,5549.73,8,False,-7.49087,8.49541,0.936433
54145416,6507.01,5.26822,3.88041,0.0388921,13.5539,6.484,0.779331,0.763029,4.56334,0.0035389,4930.0,5,False,-165.167,5.55927,0.291503
284592754,5643.01,17.1063,15.475,1.1589,13.5366,6.767,0.893606,0.94809,4.42749,-0.365654,5873.46,3,True,-7.0578e-58,19.6558,0.383847
416195843,7028.01,2.4596,1.01268,0.0395953,13.5353,4.337,0.876928,0.85785,4.51565,0.0192294,5340.0,21,False,-59.3287,7.03622,0.398641
37089434,2596.01,16.2783,4.51532,1.09731,13.529,3.675,0.794953,0.794557,4.53702,0.209412,4899.56,6,True,-0.785454,10.9749,2.60994
67031480,6063.01,2.11422,0.53545,0.0165093,13.5249,7.332,1.49514,1.60803,4.19695,-0.111741,10207.0,14,False,-12.3299,7.43892,0.852419
77156829,696.03,4.96521,3.64851,0.0196703,13.5171,1.13,0.329653,0.35003,4.86767,-0.211902,3419.45,19,False,-45.3047,8.02152,0.387164
12421862,198.01,10.2012,2.25081,0.052763,13.4855,1.144,0.448374,0.456711,4.76377,-0.256767,3613.48,10,False,-29.1243,11.1068,0.210726
265619984,4736.01,2.86491,2.04818,0.0757484,13.4832,13.577,1.17689,1.397,4.20803,-0.0144408,6162.83,7,False,-8.84315,5.57364,1.33183
229167359,2594.01,2.68234,2.07321,0.0241565,13.4706,6.808,1.49514,1.60803,4.19695,-0.111741,8528.0,7,False,-59.3809,5.57374,0.48416
165317334,761.01,10.5557,8.91499,1.22138,13.4659,1.678,0.598312,0.633828,4.60952,-0.024868,4019.33,14,False,-38.7537,8.98311,0.342334
159989004,2686.01,3.59855,1.46292,0.528373,13.426,5.64,1.08816,1.33139,4.21595,-0.313453,6285.58,30,False,-2.86329,10.0749,1.11871
164458714,4589.01,17.8336,4.60577,0.0958712,13.4062,2.586,1.19032,1.386,4.21936,-0.114472,6328.71,11,False,-41.1699,8.75493,0.344266
235077268,2793.01,0.356077,0.127636,0.0145458,13.3928,5.21,0.91874,0.943482,4.447,-0.097561,5659.04,60,False,-79.5943,6.31252,0.373777
98669309,5173.01,4.02767,2.96381,0.093129,13.3736,8.017,0.931603,0.959399,4.43616,0.257626,5380.21,9,False,-35.72,8.86995,0.358761
310497279,6539.01,2.3663,0.875954,0.053579,13.3735,14.15,1.49514,1.60803,4.19695,-0.111741,7743.0,11,False,-22.2378,6.12574,0.739773
27064468,5126.01,5.51375,1.48572,0.64842,13.3721,3.317,1.15713,1.21105,4.32869,0.04147,6142.86,19,False,-0.501448,13.2392,0.276165
308010949,6579.01,3.47132,0.354779,0.0576652,13.3693,17.992,1.4547,1.5789,4.19809,-0.103997,7081.0,7,False,-73.0307,7.02179,0.35012
360224870,6762.01,5.17941,2.26566,0.0359604,13.3629,13.984,0.558276,0.588183,4.64513,-0.0121106,3599.0,4,False,-166.897,6.18604,0.260312
116048097,6080.01,8.055708984669678,2.529806306911514,0.0725725365563263,13.3538,,0.980053,0.974051,4.44941,0.0264649,5680.0,25,False,-108.621,7.87861,0.246796
166778944,4662.01,4.70341,1.50821,0.040909,13.3481,2.751,0.678729,0.680855,4.60054,0.0157252,4407.37,11,False,-116.832,6.96764,0.277171
376421071,4927.01,0.816693,0.649213,0.0242635,13.3316,9.939,1.34475,1.77971,4.05275,-0.268732,6703.49,64,False,-17.8808,7.80997,0.632759
404518509,4320.01,25.04,20.7196,1.45857,13.3276,1.56,1.03397,1.01827,4.42992,-0.00285339,5862.52,7,False,-0.00236211,17.3811,1.59114
120692092,5984.01,3.41307,1.48835,0.0457678,13.3153,5.984,0.894831,0.875875,4.5059,0.0213646,5410.0,44,False,,,
289345412,7348.01,3.33812,2.26988,0.0127752,13.2899,6.28,0.674565,0.678076,4.60317,-0.00546375,4436.0,6,False,-214.543,5.96341,0.234122
455030519,4704.01,2.68833,1.77187,0.0278622,13.276,14.573,1.442,1.97029,3.98717,0.219424,6106.2,8,False,-51.2437,6.17007,0.469874
408548144,7143.01,1.13768,0.972323,0.0222664,13.2663,2.537,0.634584,0.64717,4.6176,-0.00774896,4244.0,103,False,-93.8984,6.94106,0.306991
276909255,7298.01,5.25543,0.468282,0.0472892,13.2394,2.89,0.866186,0.847035,4.5215,0.0179482,5298.0,18,False,-47.0324,6.94315,0.435104
22038430,7052.01,2.89635,2.37323,0.275444,13.2388,1.233,0.63979,0.651194,4.61572,-0.00745141,4269.0,44,False,-22.5231,11.0132,0.225642
352107384,7410.01,3.50367,0.19956,0.0166006,13.232,6.227,1.0933,1.18812,4.31866,0.00242662,6000.0,8,False,-52.9288,6.97718,0.40678
143526233,6420.01,6.96456,3.66231,0.0416543,13.2047,10.7,1.09098,1.18454,4.32059,0.00374609,5994.0,4,False,-138.017,5.54535,0.30581
416534875,4586.01,5.39093,0.392463,0.0506985,13.1951,2.138,0.857612,0.841235,4.51755,-0.0610927,5359.89,18,False,-66.378,7.93372,0.304712
69995219,5352.01,2.03801,1.08245,0.0273009,13.1776,9.185,1.17526,1.22008,4.33005,-0.492578,6890.51,9,False,-48.3917,6.5473,0.45152
141074654,6557.01,12.5382,2.56319,0.0607713,13.1387,3.842,1.10025,1.19884,4.31287,-0.00153179,6018.0,6,False,-194.569,7.75556,0.180708
468979441,5493.02,9.4046,5.21645,0.088445,13.1017,2.312,1.03786,1.03234,4.42491,-0.0894892,5999.73,22,False,-32.047,7.74363,0.451579
220459976,285.01,32.3405,16.5997,0.372691,13.0348,1.429,0.589542,0.620973,4.61752,-0.0466519,3960.53,23,False,-0.908114,7.99722,4.35264
400073524,4952.01,0.653507,0.347365,0.0293355,12.9965,6.903,1.69046,1.52671,4.29207,-0.0659981,8226.92,77,False,-2.13993,4.58502,3.44048
134596619,4848.01,3.72355,2.35928,0.086045,12.9923,7.293,1.64574,1.4201,4.3438,-0.213544,8500.99,27,False,-154.757,8.01919,0.187393
321086563,2565.01,3.92617,2.34203,0.158072,12.99,7.55,1.33558,1.81649,4.02685,0.21223,5913.03,13,False,-133.403,7.74877,0.212894
415875608,6331.01,5.44692,2.91594,0.0702204,12.9887,8.179,0.981423,0.975696,4.44845,0.0265197,5684.0,4,False,-51.5856,6.83885,0.405267
330885564,3199.01,0.675757,0.476511,0.0169588,12.9874,6.603,0.916462,0.876787,4.51376,-0.0252289,5526.03,39,False,-32.8879,5.84555,0.593859
423445163,6489.01,2.91789,1.29154,0.0330688,12.9684,3.295,0.707341,0.703411,4.59135,-0.00359035,4593.4,22,False,-26.4307,9.25305,0.346282
404715325,6961.01,17.2367,12.8859,0.111722,12.9592,4.129,1.05895,1.13518,4.34723,0.0219658,5911.15,5,False,-36.5696,7.98923,0.391112
165317334,761.02,1.83209,0.391902,0.0279618,12.9545,1.286,0.598312,0.633828,4.60952,-0.024868,4019.33,65,False,-30.6907,8.98311,0.342334
17409453,5080.01,9.72663,0.60769,0.0936354,12.9326,6.117,1.09056,1.21075,4.29908,-0.0130667,6025.24,10,False,-60.0868,8.77314,0.25348
27476314,5351.01,2.8827,2.36959,0.0338357,12.9063,14.062,1.24772,1.45301,4.20232,-0.187301,6624.36,6,False,-84.8748,6.37278,0.333816
9907513,5590.01,1.27499,1.08906,0.0251649,11.5813,2.372,0.713719,0.692746,4.60002,0.28224,4334.95,48,False,-29.8773,7.70309,0.339018
198162530,5738.02,28.583,7.71784,0.0860034,12.8896,2.032,0.558276,0.588183,4.64513,-0.0121106,3717.0,29,False,-2.09983,5.66415,2.99641
259238498,7397.01,26.7186,25.2699,1.40157,12.8894,2.364,1.23487,1.39168,4.22709,-0.0573102,6339.0,42,False,-42.1976,9.83994,0.222852
106829921,6411.01,8.21684,3.94128,0.0687749,12.8775,11.595,1.13966,1.25919,4.28304,-0.0213787,6114.0,5,False,-167.07,7.31942,0.201492
320208949,3867.01,5.72963,2.08514,0.0348531,15.8419,6.768,0.958805,0.991413,4.42042,0.129917,5562.15,7,False,-0.405353,15.4164,1.57063
250306572,4376.01,1.60895,0.584613,0.25445,12.8663,3.388,1.93693,2.15394,4.04776,0.0136374,8270.93,48,False,-14.8303,8.16281,0.595925
86075481,3744.01,3.90987,3.59363,0.0992043,12.8485,10.246,1.69153,2.21556,3.95542,0.00245385,7119.5,14,False,-53.4447,7.23613,0.363186
271052158,7461.01,6.00424,4.33661,1.12695,12.839,1.648,0.84612,0.826832,4.53243,0.015555,5219.54,41,False,-14.6791,7.92806,0.625661
164767175,266.02,6.13585,0.0185069,0.588276,12.83,0.981,0.953664,0.934109,4.46929,-0.0309159,5645.14,15,False,-4.48608e-35,14.1936,0.111467
294309873,5435.01,1.26993,0.6894,0.0491879,12.8238,4.799,1.94895,1.36815,4.44924,-0.655079,11000.1,49,False,-1.19915,11.5552,0.830074
332880327,3195.01,0.667889,0.413862,0.0281898,12.8235,18.506,2.1923,3.31363,3.7265,0.0177744,7977.54,40,False,-34.1442,5.36262,0.608417
331619598,7151.01,7.14674,6.79325,0.0832992,12.784,4.939,1.19809,1.34594,4.24337,-0.0472057,6252.0,15,False,-109.56,7.06185,0.256805
284441182,1470.01,2.52726,1.71479,0.0889671,12.7826,1.216,0.448659,0.455431,4.7674,-0.406514,3693.35,51,False,-48.6662,8.28744,0.305229
345450130,5525.01,2.75217,1.90084,0.0167596,12.7701,1.653,0.379628,0.40214,4.8069,0.0918511,3388.56,46,False,-93268.1,8.9436,0.00583875
91697121,5441.01,2.86322,0.366448,0.0246166,12.7289,14.3,1.16826,1.51059,4.13768,-0.280095,6397.71,15,False,-5.70662,7.41274,1.15192
100097716,354.01,3.03563,1.10906,0.515883,12.7133,5.844,1.0544,1.366,4.18437,-0.0406579,5920.53,22,False,-0.254065,12.8858,1.20103
337216118,4640.01,2.68572,0.0214771,0.0807855,12.7104,2.283,1.09859,1.05656,4.4335,0.0797933,5993.56,31,False,-45.9058,7.52431,0.362888
23725901,4743.01,6.21545,0.120728,0.0652806,12.7069,20.781,1.68539,1.9773,4.06309,-0.241731,7966.28,3,False,-5.60918,6.3281,1.39634
65416038,4190.01,15.6062,2.87096,0.0744291,12.6977,2.208,0.832863,0.797087,4.55099,0.136047,5027.86,6,False,-140.063,7.58249,0.202717
81963214,6955.01,5.11779,3.88978,0.131243,12.697,10.503,1.31109,1.47543,4.20211,-0.0764926,6547.8,4,False,-23.0007,5.73669,0.697901
204698337,2535.01,16.4663,13.4958,0.115021,12.6856,5.621,0.87663,0.841338,4.52672,-0.0197334,5356.72,5,False,-0.0407636,13.7471,0.790232
9830791,3766.01,3.54752,0.892676,0.0888339,12.6767,5.73,0.958527,0.919306,4.49161,0.0260492,5615.31,10,False,-45.3165,10.3413,0.164507
385658469,2875.01,3.41723,0.599316,0.0865291,12.6762,16.238,2.08621,2.39544,3.99176,0.0187236,8651.66,8,False,-33.5818,5.59351,0.582582
172033454,6065.01,8.20659,6.46923,0.0877321,12.6731,2.059,1.11721,1.22492,4.2992,-0.0108048,6061.0,20,False,-51.1574,8.34261,0.286598
308994098,790.02,40.9222,27.126,0.29144,12.6524,2.396,1.2958,1.41206,4.24997,-0.256723,7012.39,9,False,-0.0,15.7141,0.0425762
144276942,361.01,1.53515,0.338103,0.0724162,12.6514,1.576,0.635673,0.663524,4.5959,0.0215079,4178.26,85,False,-77.0591,7.77642,0.261636
124128680,7382.01,1.03685,0.238895,0.033371,12.6284,1.561,0.81227,0.794228,4.54852,0.00977933,5075.0,20,False,-77.4736,6.09064,0.349918
176868951,5534.01,0.369306,0.0096704,0.0464561,12.6275,1.393,0.793917,0.762878,4.56836,-0.0154374,4992.26,222,False,-294.262,10.3702,0.0615253
166648874,1806.01,15.1513,8.69725,0.047658,12.5967,3.05,0.359255,0.378495,4.83372,0.0882411,3356.32,3,False,-97.1675,7.27979,0.253605
67881560,6018.01,2.33227,0.988287,0.0257546,12.5795,1.926,0.791491,0.774547,4.55787,0.0058427,4983.53,20,False,-35.3836,7.82351,0.380727
229172128,7466.01,13.6227,5.26401,0.0683262,12.5619,2.539,0.877695,0.858623,4.51523,0.0193209,5343.0,4,False,-80.7284,6.39758,0.323086
3728481,6561.01,3.17514,2.02278,0.0233149,12.5579,3.455,0.795005,0.777876,4.55629,0.00650849,4999.0,8,False,-34.762,4.98175,0.612091
293514367,4703.01,5.11529,3.168,0.0608138,12.5061,13.716,1.2404,1.53878,4.1454,-0.136757,6411.48,4,False,-33.8447,5.70256,0.557357
198512478,5392.01,17.5609,4.78168,1.01065,12.4736,1.081,0.894967,0.874064,4.50554,-0.00423445,5444.16,19,False,-1.08632,11.5021,0.69796
262715204,4538.02,3.47157,0.206775,0.0401107,12.4701,2.463,0.79518,0.771452,4.55639,-0.0640894,5054.99,17,False,-43.6108,8.81979,0.262266
45896295,2921.01,3.03158,2.30522e-06,0.369783,12.462,5.223,1.13396,1.21946,4.31027,0.110387,5995.98,36,False,-9.76367e-06,21.1714,2.13446
39200363,2133.01,3.83116,2.7404,0.498514,12.4594,1.563,0.675547,0.680077,4.59886,0.263777,4207.33,25,False,-6.62309,10.5877,0.371694
152563846,4185.01,16.5414,4.6754,0.164427,12.4579,1.756,0.715591,0.697299,4.6041,-0.239002,4849.53,7,False,-1162.93,9.9691,0.0340419
160428500,7069.01,8.72017,6.48145,0.0648522,14.3614,2.812,0.903271,0.884373,4.5013,0.0223712,5443.0,8,False,-71.2296,8.91018,0.304537
30791047,5222.01,13.3693,10.0936,0.346527,14.3408,12.287,2.49159,2.2706,4.10931,0.233512,9819.67,6,False,-27.9756,9.28902,0.457043
189013224,426.01,1.29672,0.759986,0.153252,14.3171,2.492,1.0124,0.967868,4.46635,0.150335,5643.76,38,False,-105.301,7.28614,0.321952
298428237,4574.01,0.76899,0.525252,0.0239037,14.3091,1.435,0.528744,0.543339,4.68346,-0.0436738,3728.69,144,False,-70.3583,6.78096,0.423216
83148519,4001.01,4.89836,3.86605,0.0567689,14.3081,5.464,1.05479,1.03108,4.43079,0.0715271,5859.76,6,False,-66.3788,7.51821,0.393233
170789802,4508.01,3.46726,3.3643,0.00818489,14.2976,2.68,0.307531,0.331722,4.87688,-0.0522242,3326.46,13,False,-333.068,6.73326,0.193724
32497972,876.01,29.4829,19.2557,0.0455818,14.2931,3.016,0.567316,0.592422,4.64049,-0.12481,3883.81,4,False,-204.587,7.13768,0.234198
164280385,6174.01,3.52499,0.480791,0.0700342,14.2838,6.359,0.965704,0.956824,4.45949,0.0258915,5638.1,7,False,-46.9308,5.53151,0.605503
272840455,7457.01,6.87338,4.94468,0.123653,14.2763,8.527,1.09871,1.19646,4.31416,-0.000652144,6014.0,30,False,-2.79335,5.19992,3.08087
192969211,5591.01,12.8677,11.1552,0.110918,14.2477,4.538,1.01243,0.989411,4.44895,0.205283,5632.7,6,False,-52.869,7.22145,0.457215
357347296,5668.01,4.17535,3.16851,0.088588,14.2466,4.147,1.05801,1.3446,4.19655,0.0992938,5792.42,8,False,-23.811,7.26929,0.68696
8348911,2266.01,2.32634,2.11604,0.0186058,14.241,1.877,0.229034,0.255025,4.98263,-0.00604326,3219.72,45,False,-0.00650904,17.5932,1.54239
335813325,5708.01,2.69518,2.50799,0.0123022,14.2351,2.85,0.925601,0.908678,4.48766,0.0242887,5521.0,15,False,-547.445,7.50745,0.134247
154940895,4572.01,13.4756,6.61017,0.046457,14.2333,1.605,0.429737,0.436098,4.78864,-0.497729,3707.2,20,False,-35.8441,9.2937,0.392782
91481801,5099.01,14.46,0.879619,0.292091,14.2178,4.757,1.39191,1.97735,3.97926,-0.366799,6826.54,10,True,-8.16959,9.70471,0.794673
428867906,6060.01,3.39062,2.08257,0.0584917,13.9323,3.801,1.49514,1.60803,4.19695,-0.111741,7373.8,16,False,-221.466,6.86971,0.222106
458686847,5528.01,1.2916,0.946262,0.0217036,14.1652,1.83,0.429378,0.412051,4.83931,-0.949304,3988.79,87,False,-53.1157,7.27566,0.447249
271431851,6081.01,7.88654,6.43853,0.0990334,14.1517,8.35,0.951629,0.939925,4.46938,0.0253289,5597.0,27,False,,,
315398848,3314.01,1.37062,0.812737,0.0859657,14.1464,4.665,0.880765,0.861713,4.51356,0.0196869,5355.0,33,False,-77.2251,7.95306,0.332027
407966340,554.02,3.04404,0.357965,0.0301091,14.1393,1.446,1.19368,1.36445,4.23709,-0.130297,6400.37,45,False,-99.7532,7.21988,0.325669
458686504,5167.01,4.81925,0.0691396,0.793177,14.1301,14.988,1.39466,1.71652,4.10515,-0.00318076,6630.11,5,False,-29.5051,7.8374,0.553694
20375215,6709.01,2.34772,0.361457,0.0340637,14.1235,1.064,0.750153,0.736506,4.5759,-0.00114327,4799.0,39,False,-82.7455,8.63084,0.284288
143059017,4865.01,1.2653,0.734052,0.0281597,14.1117,8.314,0.85217,1.02349,4.3373,-0.0177301,5406.93,19,False,-118.551,8.64468,0.23574
352239069,1404.01,6.89103,1.84283,0.452848,14.0805,1.928,1.05465,1.04515,4.42303,-0.0604148,6018.57,110,False,-0.110146,15.5631,1.95412
279095914,4675.01,3.57795,3.19835,0.0455112,14.0748,2.148,0.5783,0.596994,4.64254,-0.0750173,3895.69,12,False,-15.5436,7.31805,0.834668
386131764,2633.01,18.1962,7.83014,0.0918466,14.0684,9.793,1.69755,1.59007,4.2593,-0.0222368,8128.31,4,False,-25.7959,11.5192,0.240642
194203348,1546.01,1.13305,0.114817,0.0383608,14.0684,4.127,1.24614,1.6552,4.08188,-0.167491,6359.37,17,False,-57.447,5.84285,0.512938
422159302,7183.01,10.6303,0.162241,0.152008,14.0417,3.457,1.49514,1.60803,4.19695,-0.111741,9088.0,9,False,-38.2222,10.7427,0.253739
268143410,5536.01,3.14798,1.6607,0.0702496,14.0085,5.823,1.98211,2.37646,3.96991,-0.17528,8549.57,29,False,-242.319,12.1177,0.0568274
157769780,5735.01,2.12082,0.189845,0.0122083,13.9979,3.287,0.558276,0.588183,4.64513,-0.0121106,3222.0,74,False,-42.5656,8.9717,0.365668
392681545,6054.01,7.50279,1.68493,0.241613,13.9863,1.93,1.13867,1.25768,4.28375,-0.0209139,6111.67,10,False,-63.3882,9.72083,0.252923
248250955,4552.01,0.302343,0.209931,0.0596117,13.9724,0.557,0.238891,0.261597,4.97603,-0.194843,3288.14,221,False,,,
397522142,4973.01,7.93437871208965,5.418298625015546,1.237692102723729,13.9672,3.098,0.954411,0.948445,4.45584,0.0478678,5580.47,16,False,-0.433519,12.8237,3.406
274151135,1105.01,10.8949,5.41193,0.917235,13.65,1.801,0.753731,0.726004,4.5881,0.0704944,4722.87,22,False,-3.7261500000000004e-23,23.1251,0.971074
161032923,1080.01,3.96525,0.853193,0.018861,13.9195,1.331,0.169726,0.194298,5.08647,-0.0989392,3126.2,17,False,-3.137,8.7395,1.62753
70420766,2304.01,9.40705,1.44854,0.0554931,13.8959,3.789,1.17364,1.21535,4.3314,0.0727301,6171.53,6,False,-53.7564,7.79116,0.393871
459837008,2267.01,3.47832,2.81082,0.09924,13.8947,0.919,0.189451,0.214502,5.04832,0.0950302,3115.35,81,False,-0.0,31.1879,0.337675
452867348,6408.01,8.09369,5.6089,0.0409417,13.8727,9.78,0.558276,0.588183,4.64513,-0.0121106,3821.0,3,False,-116.866,5.59808,0.359401
360475034,3452.01,2.93719,0.643948,0.155512,13.8429,17.659,1.34253,1.83443,4.02535,0.0664326,6145.77,10,False,-19.2428,5.95971,0.868733
317134140,2514.01,6.40396,3.96117,0.0708206,13.8416,2.4,0.933396,0.929511,4.46667,0.0179745,5559.27,14,False,-59.2025,8.3697,0.336002
374180079,5520.02,19.4835,7.55178,0.0960415,13.8242,2.497,0.716947,0.701119,4.58866,0.277407,4395.98,8,False,-0.0120313,15.3613,0.799872
139879080,6899.01,2.8626,2.21692,0.0472173,13.8215,1.237,0.919437,0.901277,4.49199,0.0240423,5503.0,38,False,-16.0087,8.57631,0.637754
295593712,4418.02,25.6979,18.8917,1.05912,13.7814,2.115,0.836296,0.811,4.54294,-0.0503483,5262.87,4,True,-122.696,9.27263,0.191065
407997410,5299.01,2.57926,2.49821,0.0276127,13.7777,5.408,0.933358,0.960398,4.43781,-0.0236786,5628.66,13,False,-17.2328,9.53058,0.4964
332496784,6339.01,2.59454,0.4151,0.064422,13.7742,4.801,1.13796,1.2566,4.28426,-0.0205807,6110.0,8,False,-25.2301,5.50016,0.790207
138820713,5730.01,1.9271,0.414747,0.0277599,13.763,2.302,0.558276,0.588183,4.64513,-0.0121106,3572.0,21,False,-73.8144,7.39832,0.349161
343717397,6747.01,0.702477,0.422679,0.0139688,13.759,5.875,1.0462,1.10915,4.36334,0.024723,5875.0,29,False,-69.0421,5.59478,0.463421
119069946,4762.01,4.3591,2.33194,0.0719336,13.7511,3.57,1.10861,1.12398,4.37492,0.0366054,6031.75,11,False,-84.2801,7.17348,0.337274
123357864,6005.01,16.0512,1.47099,0.917972,11.1679,1.608,0.753693,0.739242,4.57462,-0.000940936,4816.0,21,False,-0.301481,11.1675,0.307644
396556650,3654.01,2.24994,0.675422,0.212785,11.705,4.58,0.96019,0.950204,4.46336,0.0256711,5622.0,20,False,-16.5157,8.81599,0.34544
143072696,4763.01,5.86686,1.32425,0.118076,11.7032,16.515,1.54329,1.85448,4.08572,-0.201765,7522.53,3,False,-35.4777,5.7389,0.476797
27534138,5993.01,28.4663,24.8431,0.178394,11.6944,3.973,1.1749,1.31299,4.25767,-0.0379799,6197.21,9,False,-6.76125,8.46563,0.633566
72504017,6545.01,5.61775,1.96013,0.043749,11.6459,3.498,1.22472,1.37907,4.23158,-0.0545228,6315.0,13,False,-61.6154,6.98511,0.280403
441158994,6898.01,18.051,6.2426,0.0917128,11.639,2.525,0.588773,0.611758,4.63413,-0.0103674,4024.0,4,False,-4.71015e-07,12.7293,0.230167
366302410,6986.01,1.21161,0.296788,0.0191973,11.6273,13.109,0.558276,0.588183,4.64513,-0.0121106,3521.0,13,False,-20.4524,8.08828,0.37758
143271144,541.01,1.35341,0.665998,0.0258661,11.5975,9.653,0.774548,0.962464,4.34558,-0.458338,5618.58,65,False,-2.15739,10.1808,0.576054
160165689,5586.01,8.91658,3.22525,0.0711313,11.5524,5.864,0.973354,0.931754,4.48653,-0.0119436,5699.22,13,False,-17.861,8.20969,0.383289
156199502,2105.01,15.9153,6.81459,0.0239235,11.5162,1.985,0.792706,0.765201,4.56263,0.231166,4796.48,12,False,-24.324,9.00664,0.244326
35483319,2777.01,1.92889,1.25009,0.0300453,11.5089,5.611,0.76252,0.747107,4.5709,0.000354135,4856.0,11,False,-68.8853,6.39003,0.290897
28116365,4297.01,16.5275,5.69164,0.0725689,11.4455,2.73,0.835385,0.797638,4.55037,0.165319,5008.74,3,False,-106.487,7.77321,0.167204
71013298,2467.01,1.75566,0.324487,0.0264089,11.4257,1.743,0.815588,0.778973,4.56237,0.20457,4904.76,27,False,-1124.16,8.94761,0.034476
143143769,1926.01,1.33723,1.00652,0.0280762,11.4187,2.563,0.832986,0.805455,4.54539,0.0632966,5119.98,67,False,-16.8552,7.75593,0.433209
52869977,2852.01,0.400837,0.241415,0.0247599,11.3876,10.928,1.19677,1.87448,3.97233,-0.0901593,6062.87,50,False,-28.2273,6.81099,0.412118
234160911,2600.01,5.33772,2.8419,0.0390507,11.3761,3.517,0.755567,0.740691,4.57395,-0.000833817,4825.0,3,False,-10.8666,4.98103,0.960074
368435330,1797.02,1.03761,0.166556,0.0314177,11.3641,1.405,1.05141,1.03087,4.42787,0.0236687,5889.04,44,False,-30.692,6.90561,0.384314
131347421,3348.01,2.61542,2.01804,0.0402229,11.3556,10.316,1.59,1.75823,4.1332,-0.0506688,7414.97,10,False,-15.619,6.22773,0.631804
387294150,6904.01,16.8267,1.75302,0.050216,11.3535,2.923,0.572115,0.598881,4.64014,-0.0113196,3944.0,5,False,-122.733,7.18935,0.176434
287959034,5677.01,3.86597,0.608032,0.521648,11.3136,3.044,1.07743,1.1112,4.37714,-0.181312,6213.52,9,False,-3.07558e-09,23.1493,2.08691
166053959,5383.01,2.81149,2.09862,0.0806305,11.2511,1.4,1.23958,1.45346,4.19306,-0.371646,6773.15,65,False,-28.3511,8.00692,0.291467
435878153,6258.01,0.557087,0.092907,0.0160997,11.2492,2.615,0.558276,0.588183,4.64513,-0.0121106,3392.0,77,False,-2.02263e-186,11.8681,0.021292
59842822,2513.01,2.55772,0.390261,0.409138,11.2257,2.414,1.18719,1.57603,4.11023,0.036424,6038.32,28,False,-3.20754,9.02036,0.682879
161738745,6544.01,3.62526,0.913089,0.0453373,11.224,2.333,0.780626,0.764255,4.56276,0.00378422,4935.7,8,False,-8.10803,4.39658,1.20735
417829948,7459.01,9.01535,7.20494,0.186285,11.2043,2.161,0.792052,0.775078,4.55762,0.005949,4986.0,11,False,-10.3149,8.75296,0.378774
434110695,4657.01,8.10898,3.76728,0.755643,11.1927,2.698,1.05533,1.32929,4.20842,-0.275041,6166.73,18,False,-1.02752,10.4687,0.549587
128531633,4334.01,8.21925,2.36216,0.0640039,7.84546,5.884,1.49331,1.88329,4.04546,-0.0434942,6803.11,8,False,-2.38705,6.93229,0.345428
165312726,6891.01,8.30677,5.75544,0.0532172,11.1406,6.026,0.978341,0.971995,4.45061,0.0263965,5675.0,12,False,-5.87596e-06,15.0133,0.922753
262435954,2478.01,2.64738,0.720513,0.125791,11.1277,1.947,1.03234,1.06098,4.39518,0.195379,5721.89,19,False,-9.98425,6.91033,0.66355
302003748,3050.01,5.92948,5.30641,0.605074,11.1269,6.149,0.995704,1.43093,4.11431,-0.17178,5846.91,35,False,-0.187495,11.3524,0.587742
439867639,2445.01,0.371133,0.298631,0.0151112,11.0739,1.302,0.248851,0.278622,4.9453,-0.052678,3262.51,118,False,-2.56257,9.17509,0.683611
468983280,5489.02,4.92122,4.69416,0.0309638,11.0633,1.39,0.408284,0.423627,4.79105,-0.103074,3480.86,29,False,-156.66,8.51413,0.0954647
257774438,4648.01,15.3887,13.4785,0.0817588,11.0007,2.328,1.01437,1.03524,4.40955,-0.173206,6017.79,5,False,-28.0199,9.64814,0.122267
142420436,6426.01,3.88026,0.763895,0.076353,10.9963,17.543,1.2484,1.40851,4.2211,-0.0610268,6371.0,7,False,-6.53475,6.43531,0.912838
27039476,4604.01,2.22516,0.27576,0.0367587,10.951,1.704,0.954783,0.901399,4.50186,0.159333,5439.93,20,False,-89.6703,7.34994,0.178916
269343479,7037.01,4.1279,1.95407,0.0287152,19.9101,4.569,1.04282,1.10142,4.36832,0.0248765,5865.0,19,False,-84.5095,7.05199,0.658401
218354669,5553.01,1.76172,1.2008,0.0389594,9.94184,1.306,0.717665,0.717892,4.57871,-0.191144,4860.22,48,False,-10.9513,7.59569,0.350714
139104940,6001.01,3.06626,0.699612,0.522265,9.93902,9.595,1.1134,1.2191,4.30194,-0.00900879,6052.0,63,False,-0.681026,9.60505,0.411365
71512186,525.01,14.8747,2.72221,0.105124,9.92777,3.185,1.24419,1.60622,4.10873,-0.12029,6311.75,4,False,-33.8859,6.99601,0.240023
459735346,5808.01,7.18996,6.84653,0.314628,9.89203,2.118,0.9893,0.985152,4.44292,0.0268345,5707.0,7,False,-0.5453,9.64478,0.435045
418133917,3991.01,2.27746,0.707314,0.10057,9.8872,8.846,1.59053,3.38265,3.54457,-0.000561673,5651.0,59,False,-1.04529,7.67837,1.64819
443127052,2505.01,2.89722,0.557168,0.0413984,9.86136,3.208,1.08699,1.41867,4.16325,0.0515159,5860.11,23,False,-6.86171,6.80452,0.594736
91555165,2345.01,1.05285,0.0700373,0.0315036,27.0998,0.779,0.716396,0.716127,4.57977,-0.0060289,4667.62,120,False,-9.03751,13.8649,2.20148
8995204,6832.01,5.13928,1.51711,0.0468489,9.84102,3.044,0.586691,0.610148,4.63488,-0.0104865,4014.0,23,False,-118.315,8.56212,0.0552022
73250068,5566.01,14.5807,0.850703,0.397756,9.83818,6.464,1.0498,1.1904,4.29761,-0.125839,6039.23,3,False,-2.18423,8.88182,0.385407
306338882,856.01,5.43142,0.827323,0.994451,9.80193,8.277,1.38069,4.61134,3.22816,0.0418837,4940.88,14,False,-1.08993,9.13739,0.475893
26390980,6291.01,5.26351,4.80662,0.0599405,9.72361,6.214,0.80909,0.791216,4.54995,0.00917681,5061.0,3,False,-3.91592,6.91056,0.766536
72542944,6512.01,2.48518,1.9886,0.376531,9.70726,6.418,1.26953,1.4348,4.21174,-0.066834,6421.0,21,False,-7.63314,6.89419,0.514835
262137985,6943.01,5.70331,1.037,0.115724,9.70452,9.192,1.36528,1.51447,4.20059,-0.0868713,6749.0,3,False,-13.5508,6.06613,0.484054
318413374,2884.01,2.93752,0.063129,0.0533668,9.70375,14.223,1.28813,1.60546,4.11977,0.113232,6126.12,8,False,-12.5792,6.10521,0.498542
470381900,1696.01,2.49842,1.44104,0.0111847,9.69715,3.372,0.228886,0.259159,4.97343,0.0452204,3209.8,18,False,-5.89164,7.6001,0.44592
405542683,7147.01,1.34231,1.03862,0.15222,9.6655,4.673,0.558276,0.588183,4.64513,-0.0121106,3576.0,33,False,-3.8566,8.32609,0.368501
99654378,5182.01,7.3111,2.83045,0.940682,9.62081,2.111,0.951606,0.91011,4.49555,0.0167528,5592.8,21,False,-0.0255773,10.9486,0.841023
43276438,5701.01,15.0486,1.77177,0.612201,9.6155,3.853,1.15465,1.28208,4.27224,-0.0284414,6149.4,10,False,-0.484291,8.74478,1.95322
233266582,7078.01,6.39348,2.27828,0.0398594,9.61339,7.368,1.03673,1.08751,4.37729,0.0251527,5847.0,4,False,-140.08,5.36009,0.168549
270355392,4643.02,10.73870980538472,4.9379721544487625,0.0313170973779688,9.59455,,0.508305,0.526218,4.70052,-0.109535,3715.11,14,False,-92.2644,7.52776,0.101209
340458804,4510.01,194.055,173.208,0.837445,9.5927,2.599,1.54268,1.43131,4.30693,-0.285209,8162.93,4,False,-0.427343,7.7282,5.79461
4610830,6833.01,8.28135,5.55525,0.411533,9.56936,2.652,0.861839,0.842658,4.52387,0.0174297,5281.0,5,False,-0.660277,9.41729,0.195763
368628986,6983.01,31.1571,18.2573,0.125113,9.55127,2.977,1.2256,1.38016,4.23119,-0.0547644,6317.08,4,False,-7.07524,9.07131,0.0917451
154437244,5989.01,6.78602,4.02427,1.01939,9.51268,2.21,1.16465,1.29733,4.26505,-0.0331498,6173.0,32,False,-0.0563744,10.2482,0.630613
230055368,5720.01,1.43445,0.453018,0.016596,9.50858,2.447,0.558276,0.588183,4.64513,-0.0121106,3421.0,28,False,-4.4411,7.34577,0.545042
329148988,2285.01,27.2392,7.9864,0.664416,9.50105,1.091,0.448544,0.463533,4.7528,-0.0118558,3540.28,8,False,-0.0066624,10.637,0.524877
142868621,2446.01,18.6859,10.0423,0.602907,9.49726,2.795,1.01574,0.98196,4.4568,-0.0109809,5820.32,3,False,-0.00783901,10.2227,0.345536
254113311,1130.02,4.08118,1.07875,0.333756,9.4397,1.247,0.658589,0.677067,4.59234,0.023226,4286.36,22,False,-1.94209e-28,14.8757,0.497663
469333534,4894.01,3.55439,0.609348,0.475171,9.41921,7.85,1.24046,1.35811,4.2504,-0.0211886,6364.99,24,False,-1.34938,8.04993,0.806296
39926974,4526.01,2.25783,0.267258,0.0206617,9.39862,2.355,0.298029,0.323072,4.88251,0.0521089,3280.22,16,False,-0.124122,9.70575,0.452369
388898854,5712.01,8.20777,0.111054,0.0799593,9.3536,2.861,1.11552,1.22233,4.30042,-0.0100067,6057.0,14,False,-2.51624,7.55876,0.654391
362223355,4171.01,3.78333,0.0187623,0.50909,9.31115,2.023,0.8361,0.805505,4.54594,0.162616,5042.85,76,False,-1.5225699999999997e-39,11.6077,0.176082
451645081,783.01,8.08892,3.93593,0.925429,9.30033,1.515,0.693772,0.682519,4.60029,0.0308075,4411.96,12,False,-1.93653e-06,11.1701,0.420942
418761354,4533.01,2.17476,1.50149,0.0377612,9.26051,1.794,0.696526,0.693158,4.59281,0.0372316,4486.95,24,False,-7.64212,7.71842,0.282037
47482754,6727.01,15.3901,11.8322,0.981163,9.2293,2.049,1.01778,1.04424,4.4052,0.0260122,5791.0,5,False,-7.95326e-06,9.89636,0.161602
149450435,6644.01,42.6203,15.9697,1.51305,9.20152,2.298,0.853143,0.833903,4.52861,0.0163926,5247.0,16,False,-2.18393e-27,17.4803,0.773638
21535395,1776.01,2.80429,1.03814,0.0269727,9.18178,1.175,0.917659,0.917173,4.47313,-0.188987,5749.65,17,False,-3.01647,8.01569,0.375979
61109252,5394.01,15.2027,2.85519,1.08127,9.1718,2.726,1.03359,1.04843,4.40287,-0.110776,5980.23,6,False,-2.0846e-10,14.8677,0.931323
155012162,5548.01,18.976,10.1852,0.0538545,9.16534,2.706,0.996778,1.01393,4.41873,0.268398,5565.81,4,False,-35.9343,6.84345,0.184389
464593883,3291.01,9.05132,1.44289,1.30147,9.15785,4.503,0.867209,0.848065,4.52095,0.0180703,5302.0,12,False,-1.79427e-09,15.1255,1.03551
46999289,3398.01,6.26572,3.07537,0.342755,9.15,1.621,0.697248,0.696517,4.58912,0.0882037,4464.72,16,False,-0.0672216,12.4965,3.14175
150559728,6451.01,5.49075,2.46577,0.0799104,9.13473,15.201,1.39303,1.53446,4.19981,-0.0921844,6852.0,4,False,-13.5553,5.01168,0.548435
421951960,4183.01,11.8176,0.336828,0.362318,9.13218,2.045,1.17264,1.22615,4.32545,-0.0470419,6295.05,7,False,-1.13393e-05,12.2335,0.766616
174426662,3386.01,0.885558,0.0833151,0.0136377,9.09904,5.416,1.09313,1.1036,4.39079,-0.108653,6174.43,57,False,-1.6749,8.51867,0.28579
192487723,6313.01,4.96008,0.0868213,0.154013,9.05604,12.691,1.49514,1.60803,4.19695,-0.111741,8120.6,5,False,-1.66603,5.41139,1.80229
254174907,6800.01,4.15713,3.34356,0.0501663,9.02143,7.203,1.35262,1.50535,4.20095,-0.0844469,6702.0,4,False,-10.4415,6.29877,0.417864
271761420,3962.01,3.34988,1.15893,0.548505,10.918,7.867,1.89265,1.9735,4.11017,-0.0228131,8340.77,45,False,-15.691,8.23472,0.32979
44764338,2804.01,4.82227,3.35263,0.2245,10.9117,1.49,1.24178,1.35079,4.25602,0.155003,6159.73,31,False,-6.52665e-06,15.7455,1.15834
286712787,5159.02,3.64695,1.44093,0.0478468,10.8794,1.176,0.83652,0.824243,4.52452,-0.0487665,5263.66,19,False,-35.7028,7.15682,0.296615
381360757,5069.01,8.85587,0.54251,0.109515,10.8622,3.022,1.34584,1.72167,4.08476,-0.0776811,6509.72,14,False,-2.07381,6.80524,1.69787
368287008,2015.01,3.34914,0.180427,0.663869,10.8594,,0.279525,0.310755,4.89991,0.0459319,3268.87,18,False,-0.83135,10.765,0.0901258
17307715,5562.01,13.8533,2.81858,0.0651867,10.8281,2.006,0.54765,0.559105,4.67721,-0.40425,3948.96,6,False,-21.4511,8.42779,0.249706
6785559,5085.01,4.51171,0.530936,0.0672301,10.7416,2.394,1.09063,1.25863,4.26554,0.192775,5816.71,22,False,-53.0375,9.33355,0.0914757
117979455,422.01,0.633337,0.291871,0.0134079,10.7359,4.695,1.05437,1.29135,4.23124,-0.127722,6019.34,77,False,-0.590751,9.89011,1.2935
237332812,4352.01,11.9469,5.87327,1.53902,10.7275,0.909,0.83665,0.823378,4.52817,-0.195698,5449.54,8,False,-1.07938,10.3372,0.282163
311130133,4318.01,1.13437,0.848192,0.0346098,10.7251,1.539,0.874631,0.843579,4.52011,0.131144,5196.32,42,False,-282.122,6.70372,0.111955
388811663,5155.01,9.795673731331195,9.026778474839452,0.0570299611875669,10.7205,,0.637049,0.654975,4.60709,0.0975836,4100.78,8,False,-1.35638,10.2968,0.248379
449197831,2458.01,3.7375,3.14694,0.0396076,10.7037,2.701,1.13326,1.26351,4.27999,-0.0152913,6115.88,7,False,-22.7763,6.2645,0.44742
352239069,1404.02,14.3794,13.1812,0.665526,10.6755,1.922,1.05465,1.04515,4.42303,-0.0604148,6018.57,59,False,-0.00269623,15.5631,1.95412
159873822,2048.01,13.8595,9.65959,0.737784,10.6209,2.878,0.795893,0.764529,4.5724,0.0895995,4929.07,10,False,-4.47638e-144,12.4489,0.0716912
282940781,5655.01,29.120926037957243,20.29434400775124,0.0787799811357196,10.6106,,0.694331,0.681268,4.59966,0.24708,4244.59,9,False,-0.0525304,11.2612,0.539511
334414389,4811.01,0.982826,0.118163,0.0288907,10.5879,20.182,1.02794,4.72027,3.09626,-0.206903,4893.99,50,False,-3.64661,8.20581,0.679018
312289279,6151.01,1.42975,1.24271,0.0953675,10.5796,2.236,1.09639,1.19288,4.31609,0.000667326,6008.0,110,False,-0.880533,7.00892,3.19221
271017537,7336.01,0.542372,0.533606,0.040806,10.4887,0.505,0.784783,0.768193,4.56089,0.0045718,4954.0,323,False,-0.174088,10.969,1.09353
252913663,6909.01,4.42684,1.00478,0.0408147,10.5368,8.213,0.561495,0.590672,4.64397,-0.0119266,3893.0,3,False,-39.1175,6.91919,0.274931
354293303,3715.01,2.31198,2.04166,0.0201061,9.15332,9.838,1.24028,1.39841,4.22469,-0.0587969,6351.8,19,False,-1.08513,8.46933,0.491926
243208884,6964.01,4.76421,1.84662,0.0194387,10.4563,3.008,0.900522,0.881605,4.5028,0.0220433,5432.25,8,False,-12.832,6.49782,0.542488
150096001,6872.01,11.0249,5.72297,0.0420804,10.4455,3.523,0.558276,0.588183,4.64513,-0.0121106,3798.0,7,False,-10.3957,8.45689,0.305948
258940847,6649.01,5.96794,2.45892,0.701078,10.4347,2.085,1.23377,1.39032,4.22757,-0.0570083,6336.4,11,False,-0.198621,10.8043,1.08798
459189798,5777.01,6.8773,0.176611,0.568254,10.4314,1.662,0.627088,0.641375,4.6203,-0.00817744,4208.0,32,False,-0.321195,10.3802,0.899941
419877797,7178.01,5.17132,2.19632,0.978803,10.3998,2.015,1.08015,1.16786,4.32959,0.00990362,5966.0,6,False,-91.7274,5.08758,0.260908
304430662,6769.01,5.69554,3.90974,0.84781,10.3989,11.559,0.915803,0.89699,4.49448,0.0238659,5492.0,4,False,-7.83964,6.29297,0.740104
455033897,4690.01,11.5342,4.43276,0.0360169,10.3962,6.389,1.24309,1.33943,4.27327,-0.0927559,6543.65,4,False,-9.56229,6.1734,0.680579
300293197,211.01,6.54365,4.76286,0.790954,10.3823,1.045,1.04585,1.10835,4.36385,0.0247388,5873.97,156,False,-1.84672e-275,50.5985,1.13542
38510224,711.01,18.384145865219303,4.601821496921903,0.0704591044534878,10.3703,,0.656204,0.664182,4.61171,0.0113883,4252.48,54,False,-0.00104799,11.5585,0.421527
400683848,4243.01,1.0817985756826514,0.6021696848357583,0.007980643468373,10.3399,5.624,1.29141,4.55763,3.21048,-0.146555,5004.41,174,False,-0.882605,7.54015,2.49643
262584907,6837.01,0.965244,0.4744,0.161982,10.282,0.86,1.04522,1.10691,4.36478,0.0247675,5872.1,61,False,-3.02625,8.35917,0.618644
305830609,7436.01,4.06441,0.145816,0.0300955,10.2749,9.623,1.30495,1.471,4.20228,-0.0753165,6525.0,4,False,-6.78236,5.51483,0.932362
367753709,1757.02,5.01187,3.49953,0.470866,8.4152,0.959,0.698652,0.691743,4.59435,0.172033,4392.18,146,False,-0.00204801,11.8404,1.319
404421005,4628.01,6.33121,1.74306,0.595752,10.2488,2.044,0.970982,0.943728,4.47008,0.0605756,5610.92,10,False,-8.11563e-06,12.4534,0.534689
314992600,7180.01,3.25889,1.1555,0.0618361,10.2238,2.999,1.08363,1.17322,4.3267,0.00792441,5975.0,7,False,-4.72832,6.91827,0.801716
269243313,5825.01,9.7244,6.27399,0.986205,10.1844,2.718,1.14038,1.26029,4.28252,-0.0217199,6115.71,6,False,-0.498488,10.0884,0.20203
155093420,5533.01,1.6099,1.39747,0.0578108,10.1447,2.871,1.44635,1.73234,4.11467,-0.148873,7094.9,92,False,-0.534136,9.48848,1.20053
363548415,5168.01,6.77133,1.62509,0.0575918,10.1135,4.531,0.837192,0.83977,4.50848,-0.02443,5271.6,10,False,-2.27856e-08,10.9336,0.154213
20203297,2268.01,7.13111,1.84487,0.741896,10.0948,1.723,1.09716,1.07926,4.40924,0.0479619,5999.92,12,False,-0.0142915,11.4829,0.751533
367739494,2080.01,63.58145772542846,6.189356019612888,0.0666164423263723,10.0555,,0.752718,0.722159,4.59454,0.0111995,4765.23,11,False,-1.7365,9.21847,0.400643
263218688,4493.01,1.50758,0.97824,0.0479623,10.0277,5.915,1.24117,2.78256,3.62732,0.177992,4946.8,15,False,-7.08155,5.75065,0.817146
27635334,6967.01,4.73348,1.94231,0.0748361,9.99096,2.99,0.91704,0.898399,4.49367,0.0239465,5496.0,23,False,-4.66102e-189,19.5352,0.326018
343628284,1448.01,8.16221,1.56099,0.459837,9.97787,1.561,0.377966,0.393108,4.81634,0.0447309,3389.11,25,False,-0.336866,9.92853,0.496225
55488511,557.01,3.3449,1.36337,0.0259634,9.97666,2.346,0.558247,0.577943,4.65396,-0.0551119,3815.81,15,False,-0.774053,8.52177,1.51375
310231275,2265.01,0.830641,0.519897,0.0825701,7.29789,1.593,1.07119,1.56596,4.06811,-0.11575,5907.2,71,False,-0.000889096,8.44029,0.397894
219778329,2091.01,177.129,17.9736,0.612126,7.29305,0.879,1.02774,1.10098,4.35814,-0.00557889,5872.66,8,False,-0.143768,8.97572,2.91403
176148945,3380.01,2.00926,0.997841,0.0361636,7.22645,5.532,1.49514,1.60803,4.19695,-0.111741,8516.0,12,False,-4.2611,2.49801,1.22238
115583726,2280.01,18.5742,4.17779,0.0559016,7.18072,6.439,1.79158,3.3755,3.62302,0.050642,6296.43,9,False,-3.32574e-05,7.84013,0.174175
80682484,2810.01,8.43033,7.22556,1.25506,7.17158,1.055,1.07509,1.0373,4.43323,-0.0316477,6008.42,18,False,-4.28871e-08,9.06824,0.364625
25212199,6491.01,7.64005,6.59579,0.105191,7.15353,7.209,1.06856,1.14998,4.33924,0.016501,5936.0,3,False,-0.0270714,7.64647,0.317787
153949511,1277.02,14.9338,5.02008,1.19423,7.14635,1.22,0.918145,0.868573,4.52264,0.0840839,5404.72,12,False,-0.0,15.8987,0.138757
190721237,2670.01,12.8816,9.51574,1.3285,7.14604,3.429,1.23191,1.388,4.2284,-0.0564972,6332.0,7,False,-5.14058e-11,15.8491,1.37372
239277658,7165.01,3.30296,1.06692,0.180707,7.12653,4.731,1.00628,1.01797,4.42215,0.026534,5757.0,56,False,-0.200725,7.56781,1.33075
174546820,4807.01,17.7156,0.579831,0.627302,7.11019,3.245,0.674831,0.688349,4.58151,-0.160864,4502.29,4,False,-1.40577e-13,14.3369,1.00509
356786657,4040.01,7.11807,5.0841,0.684684,7.10964,1.418,0.896252,0.839533,4.54136,0.0571151,5334.03,139,False,-0.00626385,12.4354,2.43361
154741689,2170.01,9.35245,8.24987,1.1022,7.07835,1.391,1.09062,1.08177,4.40301,0.125019,5914.01,36,False,-2.36926e-16,10.3209,0.404502
58726656,6870.01,6.75122,5.02918,0.635725,7.06333,2.823,1.28877,1.45872,4.20322,-0.0721186,6466.5,10,False,-0.0894296,7.504,0.493828
212253390,2211.01,3.10462,0.653384,0.0348578,7.04784,1.077,0.855196,0.823073,4.5349,0.0385755,5212.3,30,False,-0.000469224,9.3164,0.739584
313425396,5393.01,29.9234,20.9164,0.811483,6.94725,1.188,1.15287,1.21693,4.32246,0.025939,6151.62,12,False,-0.171539,7.79997,1.89439
355867695,1260.03,49.8163,47.5325,1.04797,6.82292,1.715,0.637486,0.656578,4.60605,0.0197477,4159.26,4,False,-1.03992e-15,12.4317,0.716106
207425167,1812.02,11.5538,5.36333,0.193388,6.80484,1.358,0.776553,0.753502,4.57806,0.0073952,4949.16,36,False,-3.69354e-14,21.7306,2.02509
137020480,5625.01,3.46453,0.0328889,0.585378,6.70552,2.674,1.53641,2.38768,3.85413,0.0304992,6284.11,19,False,-0.00179712,8.3403,0.618931
374158843,3086.01,10.950699843889142,9.511570707709556,0.0556024390549691,6.69578,,0.715507,0.703684,4.59177,0.106435,4539.43,14,False,-0.0891825,7.28421,0.658136
179034327,444.01,17.9934,9.49202,0.721372,6.68761,1.761,0.798059,0.781577,4.55429,-0.00854196,5062.32,4,False,-6.93049e-23,9.11171,0.250057
302201081,6199.01,3.83118,1.22413,0.413394,6.68094,1.912,0.883578,0.864545,4.51203,0.0200225,5366.0,36,False,-5.62048e-19,16.0666,1.07533
384513078,1106.01,11.0678,8.30174,0.0697265,6.66338,12.317,1.25892,4.91962,3.14136,-0.139693,4944.61,7,False,-3.31224e-74,8.37638,0.0944294
367522211,6382.01,35.3316,3.17329,0.547439,6.6556,7.193,1.35262,1.50535,4.20095,-0.0844469,6702.0,3,False,-7.36489e-06,7.75262,0.264633
21505121,2734.01,4.58027,3.46664,0.0503339,6.63908,5.079,1.1133,1.1507,4.35849,0.184817,5939.5,4,False,-0.148695,6.88578,0.445624
408469564,7182.01,14.7372,9.32537,0.976279,6.63252,1.293,1.15745,1.28634,4.27023,-0.0297581,6156.0,6,False,-2.25099e-26,10.0646,0.327402
380671216,5495.01,9.6569059,3.328143360707365,0.089125,6.57406,,0.996925,0.981667,4.45252,0.0374452,5749.64,14,False,-0.00828341,8.94005,1.13904
265011923,4797.01,2.99281,1.21139,0.482556,6.55005,8.738,1.15219,1.49866,4.14193,0.0193318,6033.74,17,False,-1.09026,6.03676,0.367472
26078330,6979.01,8.75458441106228,3.535372488178372,0.0728020582074925,6.52993,,1.0506,1.11919,4.35686,0.0245235,5888.0,15,False,-0.0257955,7.10784,0.367005
462553953,4156.02,12.7577,4.65655,1.10818,6.47015,1.259,1.07214,1.04373,4.42755,0.101834,5877.02,36,False,-2.83262e-07,11.4918,1.03773
241638905,4937.01,5.08692,2.6654,0.296078,6.45502,12.724,1.53905,2.44723,3.83156,0.0276677,6243.36,11,False,-1.14773,5.51288,0.64215
428673146,6713.01,2.14207,1.85654,0.246964,6.45459,0.627,0.782566,0.766093,4.56189,0.00415176,4944.24,44,False,-1.21154e-13,9.27556,0.391237
337385330,5112.01,15.5078,12.915,0.893344,6.44354,1.419,0.579542,0.606688,4.63237,-0.0442761,3916.74,8,False,-0.0,12.1456,0.107288
362032529,5014.01,3.4581,2.42929,0.0732856,6.44104,5.331,1.15484,1.51661,4.13223,0.0276706,6018.08,12,False,-0.000371002,7.66069,0.388815
29169215,5584.01,18.62991946516906,1.857437175647371,0.0709747464345757,6.40641,,0.636428,0.65307,4.60712,0.0140408,4131.26,3,False,-0.0257403,6.87172,0.295303
92992033,647.01,4.90533,2.58753,0.111189,6.40135,13.336,1.18289,4.88307,3.12422,-0.0585133,4867.31,4,False,-0.636591,6.06841,0.452418
388089437,2546.01,2.1880469065343418,1.4531402450411868,0.4521735805687711,6.35862,2.638,1.14911,1.33219,4.2385,-0.0839674,6201.6,95,False,,,
7413227,1940.01,3.447292517119553,0.6298116829648887,0.505970493616733,6.28467,3.549,1.44285,2.11695,3.93074,0.0249582,6252.43,22,False,-0.00921258,11.7598,2.69216
100921768,930.01,4.924506129422703,0.1535824351334556,0.5813574045125649,6.24443,3.35,1.64158,4.15841,3.40979,-0.500066,6416.37,29,False,-2.10401e-08,10.137,0.729977
304690618,6655.01,6.867229315466697,6.298236745549399,0.0593625387802208,6.21376,1.151,0.940327,0.926357,4.47731,0.0248772,5564.0,18,False,-8.16572e-27,8.35166,0.202104
438329568,6948.01,5.44519,0.211442,0.831652,6.17669,5.873,1.19725,1.34489,4.24374,-0.0469734,6250.0,5,False,-0.123299,7.62086,2.11308
289218489,7070.01,4.43371,1.00176,0.059028,9.00769,2.056,0.972519,0.965006,4.4547,0.0261638,5658.0,6,False,-11.5227,5.35007,0.531662
166086403,5387.01,2.80375,1.83406,0.0505464,8.98149,1.14,1.44656,1.49018,4.25115,-0.221137,7553.1,77,False,-0.80072,8.441,0.539534
231337271,2865.01,0.451613,0.415846,0.00828821,8.9503,5.648,1.0556,1.07486,4.39382,-0.407863,6368.73,45,False,-1.37483,5.3224,2.10208
8967242,1799.01,7.09947,4.66599,0.0521437,8.94577,1.463,0.972674,0.94001,4.47381,0.0109631,5658.33,6,False,-15.8654,6.67541,0.277386
259330386,6992.01,15.13904616212159,6.932060767180265,0.0572062677081276,8.94552,,0.677105,0.680039,4.60226,-0.00531854,4448.2,7,False,-3.52797,7.57903,0.397838
457337619,6541.01,5.88255,2.30361,0.0743907,8.93415,1.972,0.897235,0.878296,4.50459,0.0216514,5419.4,5,False,-11.4541,6.48168,0.357656
99989903,6673.01,19.8622,0.102587,0.860164,8.89402,1.825,1.27723,1.44437,4.20833,-0.0689479,6439.2,7,False,-0.00341967,9.68462,0.327217
72668830,4296.01,19.97068553100701,13.544197972832588,0.0356069276814081,8.87059,,0.832228,0.831274,4.5139,0.154579,5077.68,5,False,-1.22889e-11,12.5339,0.559073
115683877,6144.01,6.37409,3.77714,0.107962,8.84087,6.784,0.900714,0.881798,4.5027,0.0220662,5433.0,4,False,-14.6799,5.91635,0.372578
268456052,4764.01,1.61053,0.842438,0.339861,8.81544,6.666,0.81327,0.85625,4.47128,-0.0462484,5211.86,13,False,,,
82508808,5102.01,0.452201,0.0531348,0.0161197,8.79915,4.145,0.539065,0.560634,4.66871,-0.134271,3805.29,237,False,-0.6967,8.21364,0.698797
6764171,6685.01,10.7713,8.37358,0.226141,8.76935,2.868,1.11467,1.22104,4.30103,-0.0096077,6055.0,4,False,-3.7332,7.61615,0.323857
67782629,2454.01,8.50718,5.14317,0.127674,8.7683,1.664,0.698914,0.709887,4.57462,-0.00751408,4595.78,6,False,-14.0304,7.01568,0.228813
434116397,5955.01,0.59024,0.512937,0.0198951,8.74883,1.081,0.558276,0.588183,4.64513,-0.0121106,3844.0,86,False,-0.561132,8.57799,0.285379
46104747,6535.01,20.9051,15.0232,0.239473,8.74576,8.532,1.38925,1.53174,4.19992,-0.0914623,6838.0,3,False,-5.7081,7.07058,0.362927
303456821,5941.01,11.0715,6.45041,0.0804384,8.73547,3.177,0.737451,0.726687,4.58048,-0.0018693,4738.0,5,False,-7.47889,6.56434,0.402012
139357541,328.01,4.45246,1.413,0.65821,8.7106,4.202,1.12998,1.22673,4.30588,-0.00794228,6117.56,26,False,-0.209705,9.00628,0.99339
279769094,4047.01,4.50305,1.26883,0.0925287,8.62223,5.788,1.99267,1.50616,4.37117,-0.252957,9921.4,31,False,-0.107826,9.33502,0.922498
120487017,7361.01,8.22694,5.71485,0.0942978,8.60697,4.374,1.02759,1.06665,4.39075,0.0255671,5820.0,3,False,-19.4713,7.31335,0.141666
422618449,6836.01,9.09894,8.07519,0.0470621,14.2161,1.535,0.798345,0.781038,4.55479,0.00714114,5013.7,6,False,-0.33955,14.0949,1.13721
142171554,6540.01,4.51347,1.29914,0.0597767,8.55183,9.405,0.967382,0.958838,4.45831,0.0259585,5643.0,6,False,-4.73411,5.33183,0.780391
372068780,4305.01,183.031,25.5231,0.0865346,8.54025,5.206,1.59169,2.6853,3.77141,0.0365298,6252.38,3,False,-0.612603,6.60482,2.79089
50989813,2854.01,0.896591,0.106305,0.0775615,8.51712,12.752,2.69241,3.30492,3.81588,0.0485056,9621.4,23,False,-4.31503,6.19595,0.595415
405837291,7009.01,2.32057,0.383133,0.0224709,8.50038,4.611,0.631877,0.645078,4.61858,-0.00790369,4231.0,9,False,-2.73221,6.68746,0.624666
144401492,1803.02,6.32822,1.84863,1.07052,8.47247,2.019,0.737194,0.715898,4.59265,0.00029595,4713.62,9,False,-0.247133,8.51791,0.273133
96475638,6657.01,4.10023,2.1769,0.171815,8.47135,4.7,1.17312,1.31026,4.25895,-0.03714,6193.0,6,False,-1.85635,7.50418,0.439718
43333094,5780.01,7.32801,1.82961,0.685471,8.44345,8.248,0.868232,0.849095,4.52039,0.0181923,5306.0,3,False,-3.3351e-12,12.0158,0.529671
38510224,711.02,35.943277338905,17.233062277548015,0.0567588773239437,8.42175,1.109,0.656204,0.664182,4.61171,0.0113883,4252.48,26,False,-2.16334e-14,11.5585,0.421527
464280516,3294.01,2.55985,1.22215,0.0895421,8.41651,7.503,0.970564,1.26316,4.20869,-0.00804954,5666.3,27,False,-0.291349,8.44695,1.07734
262258341,2481.01,11.994755537053676,11.58715182243009,0.0744746919984221,8.39132,,0.87861,0.850368,4.52215,-0.050244,5426.07,4,False,-18.1108,6.46242,0.219542
456945304,5559.01,2.15884,1.5277,0.337073,8.34622,1.797,0.893396,0.915748,4.46342,0.099644,5394.53,42,False,-0.586185,8.01099,0.519349
101948569,240.01,19.472114823858643,6.004034652148892,0.0822667782193906,8.33272,,0.657152,0.669575,4.60074,-0.00384651,4269.02,6,False,-0.0745826,8.80144,0.467058
59582240,5166.01,1.7727,0.401277,0.0330046,8.30658,1.359,0.897363,0.868984,4.50947,0.0470739,5381.07,40,False,-195.51,6.84851,0.0488273
354478327,7421.01,0.348926,0.0997624,0.0158575,8.27719,2.452,0.814928,0.796746,4.54733,0.0102829,5086.7,53,False,-2.36663,7.47073,0.306915
235448190,2749.01,6.97776,3.42133,0.0828268,8.2128,11.998,1.69642,1.92286,4.0975,-0.0366497,7782.29,3,False,-5.93687,5.48004,0.578489
235078021,4747.01,5.21958,1.39087,0.0286815,8.1443,3.018,0.996102,0.96115,4.46808,0.0921948,5664.36,21,False,-0.112259,9.22133,1.4434
278198753,936.01,7.97508,0.231549,0.829796,8.11961,2.738,0.792053,1.01915,4.30756,0.144584,5081.75,64,False,-3.2069599999999998e-304,28.1434,0.53768
438260486,5084.01,5.81781,4.62609,0.849298,5.54062,0.725,0.698393,0.708625,4.5761,0.00619962,4578.06,20,False,-6.71742e-16,10.8932,0.678652
359321688,5269.01,2.73618,0.607824,0.130956,8.06781,8.076,1.59065,2.15792,3.95972,-0.000680767,6867.62,9,False,-4.37817,5.40367,0.677299
94727308,4622.01,1.29694,0.613663,0.0666286,8.05628,6.908,0.418395,0.444493,4.76356,0.191367,3438.85,83,False,-0.0410488,8.61536,0.417351
350043412,5131.01,9.481330393796428,0.2862242210565218,0.0214358182900108,8.03969,,0.637487,0.65388,4.61345,-0.0800153,4223.63,8,False,-6.48464,6.50963,0.3076
250330564,5285.01,4.41079,1.86146,0.431907,8.03134,6.368,0.637106,0.659942,4.59925,0.0364583,4152.91,10,False,-2.20352e-15,11.5215,0.451077
65737977,5902.01,4.7461,0.130996,0.182698,8.01729,6.841,1.44231,1.56997,4.19843,-0.101624,7035.0,12,False,-8.23626e-07,9.71197,0.366622
44791617,2701.01,2.16947,0.419454,0.0528062,8.00381,4.967,1.11396,1.21314,4.30979,0.0140543,6072.55,9,False,-4.83773,5.74131,0.541176
272635712,1349.01,12.7166,1.09904,0.753921,7.99678,0.902,0.992026,1.16745,4.29136,-0.0455791,5807.26,43,False,-0.303909,7.96579,3.74293
42883782,5788.02,6.31108,4.29304,0.194414,7.95688,1.119,0.974574,0.967473,4.45326,0.0262459,5664.0,18,False,-1.32156e-33,9.77693,0.152237
239823606,6061.01,8.130922647679803,3.703344651277821,0.0697059955906742,7.94195,,0.966012,0.957194,4.45927,0.0259038,5639.0,16,False,-0.140904,8.16436,0.375968
366499151,5115.01,13.8239,12.3893,0.109161,7.86082,2.457,0.712799,0.709902,4.58519,-0.338906,4993.28,8,False,-1.03416e-09,9.49739,0.279504
272167060,3495.01,8.35967,5.36442,0.7755,7.85209,2.42,1.39062,1.85479,4.03583,0.0344302,6354.08,12,False,-0.024732,8.79585,0.5917
326386495,4424.01,17.74266158416458,16.911260168463162,0.0687175043160267,7.85118,,0.755802,0.724053,4.59341,0.00729374,4781.4,6,False,-4.90869e-07,9.37693,0.322663
120896927,402.02,17.1657,0.259977,0.759375,7.83348,0.861,0.834704,0.823091,4.52579,0.0525251,5160.53,8,False,-1.72559e-75,22.217,0.78589
154762431,5951.01,3.15211,1.11966,0.19427,7.83002,1.422,1.34912,1.50283,4.20104,-0.0837763,6689.0,38,False,-0.147986,8.05117,0.397037
13883872,4322.01,13.4548,3.45469,1.12092,7.82985,1.337,1.13266,1.13063,4.38068,0.150836,5996.98,8,False,-0.000335385,8.57559,0.235524
175236511,5136.01,7.86406,3.92467,0.015902,7.82419,5.735,1.07432,1.10114,4.38411,-0.053981,6066.09,13,False,-4.38582,6.9505,0.221878
148673433,5704.01,3.72248,3.09086,0.541586,7.82074,1.351,0.706633,0.702864,4.5916,-0.00363082,4590.0,19,False,-0.000854208,9.40718,0.550134
219229644,870.01,22.037842030859544,4.861787420887914,0.0467327590937361,7.78819,,0.568338,0.600861,4.63198,0.0191442,3854.86,11,False,-5.99445e-16,9.71852,0.244306
153723304,4692.01,4.03016,2.11986,0.562819,7.99547,4.098,0.794995,0.961644,4.35791,-0.226579,5451.67,12,False,-2.1302e-09,12.7476,0.828766
334811204,2063.01,21.0418,17.4892,0.108441,7.77373,6.981,2.08407,2.20212,4.05889,-0.0740745,8937.93,10,False,-4.77517,2.39913,1.29576
144401492,1803.01,12.8628,2.63491,1.24168,7.74693,2.106,0.737194,0.715898,4.59265,0.00029595,4713.62,4,False,-0.00103522,8.51791,0.273133
441589581,4464.01,7.99975,5.41544e-06,0.312102,7.71999,7.593,1.24036,5.16958,3.09693,-0.197451,4942.31,8,False,-0.564457,6.70547,1.67707
76894548,5028.01,3.95667,1.4189,0.567749,7.71409,8.814,1.38934,1.95014,3.98029,0.0740582,6128.66,13,False,-0.816866,6.77608,0.914264
393546540,5696.02,32.3432,2.82443,1.39805,7.63049,1.818,0.859281,0.840083,4.52526,0.0171247,5271.0,3,False,-2.76089e-82,12.9759,0.279341
352764091,1287.01,9.65747,2.01231,0.368038,7.62314,0.962,1.05767,1.15696,4.32907,-0.0131509,5965.15,44,False,-2.07903e-27,15.3528,0.722016
369768787,4554.01,39.0445,24.7866,2.31993,7.61772,1.26,0.874218,0.820842,4.55088,-0.0696647,5398.47,6,False,-0.0,9.79951,0.0179732
174041208,1740.01,19.4537,15.0142,1.34975,6.69362,1.286,0.816908,0.81937,4.51936,0.0456953,5113.66,5,False,-1.903e-45,12.1794,0.390701
431514478,1475.01,8.49743,2.91585,0.135965,7.58749,2.129,1.69522,1.8658,4.12429,-0.695274,9264.35,8,False,-0.53085,5.97087,2.99286
119700084,1413.01,6.12592,4.9686,0.713753,6.58753,1.157,0.873616,0.887925,4.47453,-0.01222,5394.05,12,False,-1.27905e-19,10.5872,0.4497
37754672,6487.01,14.1452,6.5817,0.825739,5.41907,2.675,1.28856,1.45846,4.20332,-0.0720605,6466.0,6,False,-7.37113e-13,11.6307,0.892432
14165625,875.01,11.019451452406166,3.890963081649685,0.0672343257541619,7.55174,,0.698206,0.697299,4.5882,0.238624,4352.24,4,False,-4.3815,6.19237,0.345428
394492339,3490.01,9.08866,4.89112,0.215448,7.52982,5.348,0.815795,0.789505,4.55021,0.0811392,5016.83,11,False,-2.34973e-13,33.8297,3.69399
340559155,2892.01,14.877,11.6908,0.994074,7.5283,3.055,0.798318,0.775602,4.56299,-0.0208701,5071.51,19,False,-1.60887e-22,24.0997,1.72478
387974148,5551.01,2.40537,0.542581,0.0361811,7.46512,1.711,0.537379,0.555056,4.67336,-0.0496054,3753.2,45,False,-1.10465e-05,8.80755,0.331334
29191624,1777.01,14.6167,14.6115,1.04554,7.46443,1.542,0.99555,0.975344,4.45599,-0.043755,5816.55,3,False,-1.6651100000000002e-32,12.5688,0.434672
92562123,2242.01,6.43926,3.15064,0.875663,7.42659,2.596,1.49522,2.07903,3.9682,-0.0125932,6593.58,11,False,-0.0728271,8.09511,0.656823
177718896,4711.01,3.69257,2.1825,0.0870962,7.38704,15.356,1.78712,2.9561,3.73604,0.0068668,6767.36,6,False,-3.59786,5.69476,0.486544
421005422,6944.01,12.2746,3.75823,1.29632,6.18719,1.537,0.836372,0.817058,4.53768,0.0143456,5181.1,8,False,-2.1877599999999999e-38,11.543,0.417192
33091590,2495.01,7.78342,0.658063,0.0568097,6.15803,1.238,0.328834,0.353873,4.85737,-0.00792227,3343.59,9,False,-0.00410843,7.3774,0.519132
27769688,4579.01,88.5097,24.4789,1.30399,6.11319,3.327,0.951693,0.912854,4.49089,0.124994,5483.36,5,False,-2.04247e-39,9.74172,0.278687
160487753,1345.01,8.38959,6.0292,0.20866,6.10133,5.39,1.32402,4.81489,3.1719,-0.292734,5064.0,46,False,-0.377806,5.42288,3.31759
447088034,4568.01,13.9654,3.05456,1.19052,6.06718,1.049,1.09743,1.26751,4.26459,0.000243339,6008.86,10,False,-3.71503e-110,9.50703,0.15473
348099535,3717.01,10.1618,6.90073,0.0758418,6.05396,4.605,1.49514,1.60803,4.19695,-0.111741,7253.0,7,False,-0.0587723,6.70526,0.56994
274411493,7088.01,7.203227895644898,2.231127377229782,0.6852447735818302,6.04848,3.947,1.41107,1.54746,4.19931,-0.0956405,6919.0,6,False,-6.3267e-05,7.4248,0.379896
142405475,2882.01,2.04163,1.1856,0.247054,6.03456,5.094,1.19554,1.2469,4.32127,-0.221796,6591.12,11,False,-0.0412219,6.70461,0.501022
148833828,4331.01,2.87821,2.06603,0.364711,6.01209,3.686,1.39569,2.10402,3.92668,0.0206605,6158.83,18,False,-0.381794,5.49822,2.39773
307232923,6742.01,8.15767,4.97638,0.067935,6.01192,7.876,1.04079,1.09679,4.37131,0.0249686,5859.0,3,False,-6.22897e-07,7.25496,0.265606
260767135,7254.01,5.07356,1.10112,0.734795,6.00852,4.372,1.20612,1.35593,4.23981,-0.0494124,6271.0,9,False,-0.18954,6.66032,1.73603
350733403,6998.01,27.1139,20.7057,1.04967,5.94613,2.365,0.630628,0.644112,4.61903,-0.0079751,4225.0,6,False,-9.57164e-28,9.88507,0.365486
369457671,168.01,2.34191,1.55446,0.0905249,5.93958,3.301,0.695979,0.695562,4.58996,-0.103875,4602.84,10,False,-0.266131,5.9896,0.47609
409207712,4784.01,3.38029,1.60711,0.487776,5.91031,9.55,0.915229,0.864583,4.52139,0.107245,5353.79,6,False,-0.225696,5.98361,0.305833
268689126,4716.01,5.2348,3.10488,0.136511,5.88975,18.999,1.88349,2.58139,3.87744,0.0113547,7557.24,3,False,-0.187131,6.11055,0.573298
329981856,7039.01,3.32064,2.63982,0.250142,5.87481,1.424,1.01,1.02647,4.41666,0.0263652,5768.0,31,False,-5.504139999999999e-20,8.11634,0.249412
436575927,6977.01,5.10798,1.85362,0.346549,5.86524,1.496,0.624797,0.639605,4.62113,-0.00830836,4197.0,18,False,-3.21078e-53,9.32341,0.226661
396932137,5521.01,18.53,2.61244,0.401556,5.85374,2.327,1.13325,1.3218,4.24483,-0.220079,6371.79,7,False,-6.78127e-08,8.96012,0.607204
352147273,6225.01,8.56864,2.6741,1.04075,5.85029,3.774,0.558276,0.588183,4.64513,-0.0121106,3376.0,10,False,-1.1345e-10,18.349,2.01196
396356111,2056.01,10.2292,3.80049,0.556203,5.83489,1.42,1.2428,1.81388,4.01076,-0.375491,6537.12,21,False,-0.0881075,11.472,6.25195
251094370,2437.01,5.15868,3.88887,1.18055,5.78849,2.052,1.11448,1.08936,4.40969,0.114134,5995.76,9,False,,,
443616612,5523.02,3.47128,0.961694,0.556482,5.742,2.487,0.537998,0.559189,4.6685,-0.0191023,3753.6,35,False,-1.50802e-06,7.783,0.454022
164652245,5980.01,79.4952,43.7691,0.749294,5.72418,1.201,0.889972,0.870983,4.50855,0.0207851,5391.0,3,False,-9.587970000000001e-18,14.8627,1.08775
98796344,455.01,5.36804,3.83492,0.356026,5.72261,0.84,0.24897,0.27591,4.95429,-0.140243,3286.06,9,False,-7.01814e-47,14.421,0.609437
123958679,893.01,5.64092,2.99329,0.0165505,5.7145,8.268,2.96136,2.22084,4.20145,-0.0128399,11968.7,13,False,-0.0833108,6.35907,0.688404
413372087,2976.01,3.51832,2.42191,0.606714,5.69643,5.406,0.986585,1.16063,4.29466,-0.2564,6012.71,16,False,-4.57213e-11,19.3933,2.15582
445144327,1586.01,1.85315,0.951753,0.0590252,5.69568,19.962,1.29644,8.46737,2.67629,-0.0894395,4711.33,24,False,-0.00241403,6.72927,0.40693
356916207,6044.01,2.25714,2.12583,0.0377104,5.66716,0.791,1.07667,1.1625,4.33249,0.0118828,5957.0,411,False,-0.934173,4.25816,1.18071
154563411,5578.01,13.4181,3.40477,1.17206,5.65909,1.677,0.655433,0.666073,4.6029,-0.000502925,4241.08,16,False,-3.64972e-34,9.89851,0.351475
349986198,5165.01,3.57751,1.74136,0.0239291,5.56469,2.628,0.777024,0.75372,4.57271,0.135193,4817.92,20,False,-5.9128e-09,7.75573,0.394187
366443426,4304.03,31.745,17.1547,0.205987,5.56294,1.404,1.1732,1.27846,4.28869,-0.0755989,6337.47,6,False,-4.89851e-06,10.0535,1.05961
73228647,755.02,6.75127,3.51648,0.741013,5.55206,1.068,1.01399,0.969477,4.46496,0.0809347,5705.88,12,False,-5.29417e-34,7.79453,0.186389
361344753,6595.01,7.51289,2.46459,0.0368644,5.53556,1.949,0.826809,0.807999,4.54198,0.0125337,5139.0,12,False,-3.50237e-10,12.013,1.07373
29054413,1631.01,15.2304,4.84868,0.0337814,5.512,1.886,0.913029,0.900478,4.48164,0.171547,5335.92,10,False,-7.9366e-10,10.529,0.850469
6499453,5549.01,7.49022,3.82328,0.363812,5.46019,2.238,0.872194,1.05776,4.31526,-0.444142,5863.75,13,False,-0.0,8.81702,0.0653122
342449055,6704.02,6.82738,6.46584,0.0609081,16.934,,1.01406,1.03574,4.41068,0.026181,5780.0,44,False,-6.72035,13.041,0.766592
117979850,428.01,0.633332,0.294743,0.014102,5.39897,3.557,1.24341,2.3019,3.78824,-0.236216,5797.17,77,False,-0.0,10.7655,0.129581
460205581,837.01,8.324916768433484,3.522254670278705,0.0285495685116098,-18.175,,1.05293,1.01317,4.44416,-0.0309794,5943.7,23,False,-0.0,15.2549,0.127778
149745822,3413.01,4.711416181527879,2.66277791709654,0.0238597869134146,-18.5625,,1.4433,1.3306,4.34472,-0.318446,7810.76,11,False,-0.0,7.58024,0.333445
21130820,4548.01,4.60038407461334,2.4683850499197275,0.0354821435078413,-19.0786,,1.08189,1.17054,4.32814,0.00891401,5970.5,17,False,-0.0,8.59115,0.105511
157081737,6095.01,2.161318431057948,1.3086600939297963,0.0300676592103936,-20.5457,,0.856468,0.83725,4.5268,0.0167891,5260.0,67,False,-0.0,8.08606,0.533297
316769613,314.01,10.181297219720182,1.4406964709019698,0.098315780089643,-25.5721,,0.773878,0.745013,4.57839,0.0784225,4820.73,10,False,-0.0,10.0732,0.192448
105840719,2123.01,10.308763569722055,7.176544934424111,0.0755929243296185,-46.5974,,0.878473,0.846559,4.52756,0.0400838,5331.15,7,False,-0.0,16.0292,0.452835
351603103,1103.01,2.942023194229192,1.3645077098921536,0.0720007872870655,-70.4723,,0.674773,0.678236,4.6031,-0.00545185,4437.0,7,False,-0.0,5.82055,0.672724
425561347,2215.01,5.777573713701209,2.371100678004018,0.0074039091388405,-74.7775,,0.737328,0.721593,4.58989,0.00526315,4746.58,21,False,-0.0,12.0437,0.22033
384984325,6109.02,5.6952408572881605,5.270798589216017,0.01538355364503,-328.057,,0.896391,0.877446,4.50505,0.0215507,5416.1,12,False,-0.0,9.66308,0.57149
384984325,6109.01,8.538672948412788,7.39806432955841,0.0489747516256045,-389.462,,0.896391,0.877446,4.50505,0.0215507,5416.1,9,False,-0.0,9.66308,0.57149
391903064,3353.02,8.817629745693313,8.416711421342972,0.0677918520891673,-607.228,,1.01239,0.987143,4.45082,0.0875109,5721.41,123,False,-0.0,14.0951,0.497085
2507547,6458.01,9.78319208375347,0.9408488275822008,0.0779302385469818,9.58482,,1.17648,1.31539,4.25653,-0.0387221,6200.93,23,False,-7.860690000000001e-47,13.9109,0.303267
7561203,991.01,2.4843644471835176,0.6655274742178726,0.0437019371939957,20.401,,2.08514,2.0865,4.11354,-0.226734,9599.29,32,False,-51.1646,9.99282,0.688779
9989136,5734.01,6.184192229466861,6.169069788366231,0.0554231659460809,18.1339,,0.718085,0.711717,4.58747,-0.0029762,4645.0,13,False,-1243.01,10.6201,0.0994024
20318757,1027.01,3.28346,2.68247,0.0315701,36.2016,,0.637808,0.65647,4.60712,-0.00412419,4171.1,30,False,-5430.2,7.55153,0.181217
20318757,1027.02,11.028674055826835,10.19042859914252,0.0554172412672312,27.5545,,0.637808,0.65647,4.60712,-0.00412419,4171.1,11,False,-2648.17,7.55153,0.181217
20318757,1027.03,5.011317699299027,4.726763087990634,0.0246083133521652,21.5942,,0.637808,0.65647,4.60712,-0.00412419,4171.1,22,False,-1306.22,7.55153,0.181217
20897611,2383.01,3.135349785266378,1.9670839254953147,0.0271961157004993,40.3426,,0.957175,0.98533,4.42559,0.0011344,5669.71,23,False,-598.086,9.66836,0.585517
34077285,880.01,6.38725,2.8293,0.0516593,75.564,,0.817234,0.788132,4.55441,0.198887,4938.51,10,False,-1062.1,12.2557,0.906179
34077285,880.02,2.5735704164922257,0.3047369437847769,0.0407257610721971,8.62714,,0.817234,0.788132,4.55441,0.198887,4938.51,30,False,-1.35104e-05,12.2557,0.906179
36724087,732.01,0.7683776293060508,0.2134659506033998,0.0149995499996202,27.6675,,0.358318,0.37891,4.83387,0.04141,3369.66,117,False,-107811.0,15.4855,0.017289
37168957,545.01,1.900091954892868,1.8864945057295373,0.0417216753118811,53.6757,,0.891219,0.877151,4.49647,-0.14066,5566.42,37,False,-12529.9,6.93379,0.194607
41995709,4192.01,4.23060386312773,0.5444820794481658,0.0445354378714053,8.65335,,1.14898,1.22984,4.31059,-0.182623,6370.38,21,False,-0.122823,11.1227,3.59933
47094691,3638.01,4.927679847608253,0.8589759351661765,0.0249603908296343,38.8852,,0.910527,1.02544,4.36435,0.015079,5529.74,18,False,-1372.54,7.67518,0.392892
47319867,5423.01,5.720093525185993,3.942010603219777,0.042861974431771,10.1488,,0.795205,0.763555,4.57237,0.11264,4905.32,7,False,-12.9309,6.69389,0.471499
47319867,5423.02,3.3920529906334376,2.604000594370161,0.0452352226939214,9.51646,,0.795205,0.763555,4.57237,0.11264,4905.32,14,False,-8.96946,6.69389,0.471499
47720259,2519.01,6.955108551480641,0.1631765598551425,0.0413842959554351,12.0109,,0.736144,0.724672,4.58337,-0.000777926,4743.08,11,False,-1.67134,7.80915,2.07254
53498154,5624.01,13.73147253300527,12.740404201712987,0.0761346344981017,37.5422,,0.87556,0.829332,4.53985,0.115183,5209.02,7,False,-1281.67,9.06802,0.370961
53498154,5624.02,3.3903593,2.280484081836221,0.0451666666666666,26.4474,,0.87556,0.829332,4.53985,0.115183,5209.02,32,False,-478.684,9.06802,0.370961
53498154,5624.03,7.88540486895015,0.8394929163303939,0.0627952537234438,26.5792,,0.87556,0.829332,4.53985,0.115183,5209.02,16,False,-485.943,9.06802,0.370961
53498154,5624.04,21.490455420189008,2.497233641086784,0.0796104015575576,24.1735,,0.87556,0.829332,4.53985,0.115183,5209.02,6,False,-362.063,9.06802,0.370961
54238138,6529.01,7.447615452596616,1.4873846633006895,0.0471174662340342,15.5023,,0.693306,0.692562,4.59641,-0.00439256,4526.0,15,False,-161.338,7.00694,0.313452
59351345,5106.01,2.4361030785543054,1.291116563583951,0.0190136068771008,26.8891,,1.84103,2.36286,3.94162,0.00721483,7582.48,76,False,-12.0449,8.43102,2.61858
63082902,6936.01,10.298561905815651,4.228182563290022,0.0409912897035834,16.9695,,0.625755,0.640345,4.62079,-0.00825361,4201.6,8,False,-203.833,6.0797,0.357089
64282927,5949.01,1.8825993366903628,0.2718517985453075,0.0364097253805368,29.1847,,0.794324,0.77723,4.5566,0.00637937,4996.0,105,False,-233.651,10.6963,0.565951
76545118,5428.01,3.03503,0.674587,0.037972,18.5071,,1.49514,1.60803,4.19695,-0.111741,8415.0,16,False,-75.0239,5.72428,0.695467
79748331,1064.01,6.443891190609269,5.118571278768799,0.0355789843923099,26.0001,,0.736957,0.718579,4.58631,0.04841,4673.52,14,False,-293.819,8.02472,0.490311
79748331,1064.02,12.226561284076588,6.497109598479558,0.0442430528275992,21.7395,,0.736957,0.718579,4.58631,0.04841,4673.52,8,False,-171.745,8.02472,0.490311
80224448,6965.01,5.96930314778433,4.945551136893001,0.0696751816938811,12.7636,,1.096,1.19229,4.31641,0.000887238,6007.0,18,False,-89.9534,7.48805,0.261692
392027961,6602.01,1.58405,0.228339,0.0160186,5.33849,2.355,0.838053,0.81871,4.53683,0.0145929,5188.0,45,False,-0.000308123,6.64159,0.408384
459102737,6352.01,7.48346,5.58669,0.625566,5.2684,3.286,1.02827,1.0682,4.38975,0.0255364,5822.0,6,False,-6.08049e-06,14.0578,2.09814
247906954,5125.01,5.87666,1.03891,0.578638,5.25496,1.795,1.13365,1.49763,4.13447,-0.452725,6525.04,25,False,-5.19863e-10,7.71265,0.411775
169081296,7458.01,16.3067,7.83045,1.31714,5.23967,1.75,1.00053,1.00484,4.43062,0.0267949,5740.0,10,False,-2.0179e-37,8.22438,0.235674
19612445,4837.01,4.47253,0.577141,0.558919,5.08062,3.047,1.03513,1.53831,4.07219,-1.10386,7042.26,13,False,-3.79302e-20,11.6003,0.722154
75589027,5130.01,2.23755,0.441039,0.0372058,4.92093,1.094,1.07518,1.16025,4.33157,-0.186034,6175.49,49,False,-2.48281e-189,10.1769,0.179405
154716798,1239.01,12.639692589793754,10.680914236765814,0.0678979000108054,4.8576,,0.836559,0.79172,4.55898,0.0685986,5082.61,20,False,-8.5223e-90,8.24706,0.16933
125735470,1606.01,4.70526,1.21279,0.616228,4.5707,2.568,1.06747,1.43849,4.14404,0.0571589,5818.53,17,False,-6.73022e-06,11.999,1.78306
68074302,3916.01,3.43368,1.23723,0.514852,4.48179,3.015,0.972145,1.03573,4.39306,-0.196945,5957.31,20,False,-1.08587e-22,11.2805,0.704658
142908390,6405.01,6.71499,2.51529,0.806481,4.10505,7.345,0.699761,0.697552,4.59408,-0.00402359,4557.0,4,False,-0.023415,9.98318,3.62579
219769290,4912.01,7.56252,0.646131,0.791784,3.97782,5.017,0.891972,0.856486,4.51897,-0.143011,5559.91,4,False,-3.31467e-14,6.32966,0.318469
260128333,1338.01,94.985,69.4136,0.363333,3.87273,3.644,1.15611,1.26986,4.28682,-0.00902767,6176.33,12,True,-9.55122e-18,31.227,3.25578
243550555,6571.01,11.6142,8.71743,1.67358,3.85051,2.225,1.03267,1.07824,4.38327,0.0253369,5835.0,6,False,-1.89223e-43,7.43851,0.261686
366298702,5580.01,5.27752,0.528071,0.0266451,3.80716,3.684,1.03195,1.2016,4.28345,-0.0581991,5919.22,14,False,-4.36623e-29,8.32005,0.40812
102840239,815.02,734.497,7.1176,1.86159,3.74148,0.885,0.775713,0.748718,4.57464,-0.0307757,4929.82,4,False,-4.51223e-13,12.5334,1.25078
153077621,454.01,18.0549,14.0208,1.14192,3.67957,0.996,0.7326,0.712667,4.59645,-0.114289,4812.48,9,False,-4.98767e-46,25.1988,1.52236
192790476,2459.01,19.10480133899055,14.33334539150592,0.0656785829209435,3.54598,,0.618398,0.647557,4.60935,-0.0159249,4108.22,8,False,-1.70288e-25,7.99716,0.432586
366409685,5522.01,1.3833,0.483193,0.228835,3.50547,2.345,1.24592,1.44834,4.20212,0.0170369,6303.65,134,False,-1.21757e-95,18.1824,0.709827
3027681,3723.01,3.89088,0.25613,0.142308,3.48854,4.836,1.17274,1.23749,4.3193,-0.158481,6455.57,23,False,-6.609910000000001e-163,16.3262,0.47296
349088467,1987.01,2.5891,1.12714,0.393885,3.4773,2.466,1.39214,2.16234,3.89975,0.021141,6019.51,54,False,-9.9532e-16,12.2306,1.1168
87827371,5465.01,4.35136,0.983726,0.564034,3.45518,5.11,1.02866,1.16783,4.306,0.0903816,5784.52,12,False,-2.93211e-12,16.2102,1.88596
18310799,5087.01,17.232,8.94714,1.15422,3.26271,1.471,0.713804,0.693002,4.59992,0.281498,4341.19,4,False,-2.99097e-60,10.9896,0.474636
367900542,6746.01,1.18741,0.334037,0.250525,3.1188,3.887,0.626255,0.640732,4.62061,-0.00822505,4204.0,20,False,,,
360630575,1097.01,9.18843400749286,5.820856833484775,0.0550223105603958,3.03205,1.219,1.01393,0.978522,4.45705,-0.0724595,5872.69,10,False,-8.24597e-27,8.67669,0.533656
468329664,3978.01,3.59554,0.0,0.265769,2.93482,3.572,1.19147,1.64435,4.07958,0.178215,5882.55,51,False,-3.27997e-13,13.8255,1.53964
350861689,6851.01,12.0087,10.0632,0.152685,2.7742,0.744,0.598977,0.619645,4.63045,-0.00978423,4073.0,42,False,-1.51523e-12,14.7274,1.74293
70513361,262.01,11.145286450719256,3.897279934399674,0.0280338714162643,2.74569,,0.876151,0.862107,4.50749,0.197108,5206.56,10,False,-3.02046e-63,10.0483,0.437375
175193677,5140.01,15.589,12.0314,0.829199,2.59584,1.129,1.1367,1.17,4.35254,0.0313187,6120.89,6,False,-4.2907800000000005e-24,11.6543,0.908185
299798795,1224.02,17.9099,4.75188,0.24081,2.48885,0.999,0.368984,0.382958,4.83435,-0.157531,3440.47,14,False,-1.15678e-12,24.7383,3.22616
110738386,5208.01,12.1535,3.35647,0.39124,2.26883,4.937,1.16084,1.29151,4.26779,-0.0313542,6164.0,3,False,-5.87439e-84,11.9666,0.501555
91287873,5554.01,26.6683,3.21921,0.816435,2.20118,1.102,0.588811,0.62159,4.61818,-0.0348159,3963.3,4,False,-1.2006599999999999e-90,10.5587,0.415501
207277638,989.01,3.1211272148026645,2.37357901265765,0.5992003681895389,2.02812,1.149,1.63671,1.6386,4.21149,-0.137903,8006.16,40,False,,,
240849748,5154.01,17.7598,6.01835,0.580135,1.79118,1.701,1.19263,1.50814,4.14761,0.024893,6096.53,9,False,-1.0767e-17,15.59,1.64513
117843365,4693.01,1.90333,0.729993,0.348648,1.70709,2.498,0.735952,0.82484,4.45697,-0.11586,4978.22,13,False,-2.22943e-109,4.2511,0.11485
416739490,5697.01,6.2183321642551,0.9711634959094226,0.0540806447489979,1.41927,,0.937043,0.922414,4.47962,0.024746,5554.41,25,False,-0.0,12.8888,0.028352
293435336,2403.01,1.82007,4.6981e-06,0.180313,0.91878,1.538,1.39691,1.7626,4.0836,0.141536,6385.49,62,False,-6.14422e-47,15.5665,1.0256
156215204,4122.01,2.43077,0.957412,0.493705,0.716889,2.384,1.64534,2.86255,3.72988,0.0365643,6278.23,39,False,,,
29781292,282.03,84.0291,11.4861,0.342394,0.0537263,0.379,1.24167,1.37012,4.25028,0.0177686,6362.8,14,False,-0.0,14.5019,0.212931
309849817,3956.01,2.6686312050294565,1.5349172058762155,0.0235420068683495,-0.00433352,,0.892456,0.857841,4.51453,0.195063,5213.33,38,False,-0.0,10.9864,0.231473
86273567,3858.01,16.596712436113044,0.4999705984029435,0.0971605271654222,-0.103934,,1.17841,1.16866,4.37475,-0.0100292,6285.52,6,False,-1.05752e-132,6.66828,0.276967
168405330,2984.01,9.162273936895389,7.477821262294459,0.0448948019506189,-0.268604,,0.776277,0.770453,4.55657,0.0310059,4954.71,11,False,-1.86261e-46,9.32985,0.675728
277447970,1361.01,2.2374228550144792,2.1946238193801872,0.0663350330651218,-0.607874,,1.59466,1.55931,4.25258,-0.0314053,7799.24,82,False,-7.59651e-49,11.7599,0.847978
64837857,6650.03,8.996516717683598,7.125139346903703,0.0624464822331751,-1.0314,,1.29838,1.46627,4.20247,-0.0740579,6500.6,15,False,-0.0,9.8166,0.250093
468979441,5493.03,14.564094622464625,3.877542478340271,0.0844966441727942,-1.42896,,1.03786,1.03234,4.42491,-0.0894892,5999.73,13,False,-2.17553e-92,7.74363,0.451579
383390264,1098.01,10.182698719353574,1.8365081861889463,0.0585853653814187,-1.44423,,1.15731,1.15258,4.3752,-0.0757699,6309.9,18,False,-0.0,8.60611,0.165525
59744366,5546.01,9.848142811403417,4.549331466042478,0.035721692605057,-1.80753,,1.494,2.51835,3.80191,-0.310501,6664.47,8,False,-3.827000000000001e-155,8.60158,0.393131
128449971,1938.01,12.705948615524983,8.841536191035999,0.0401249320970541,-2.08526,,1.13571,1.21491,4.32052,-0.168086,6348.46,5,False,-0.0,7.07475,0.209041
366443576,5103.01,4.98987,0.61,0.022,25.6405,,1.24301,1.56209,4.14104,-0.0536594,6314.06,38,False,-1892.97,7.37128,0.195793
46631742,5358.01,2.66012,2.42053,0.00513006,-2.14733,,0.778022,0.738571,4.59195,-0.0243085,4928.36,54,False,-1.67899e-58,11.3916,0.844534
360630575,1097.02,13.902988155647996,8.84776229525698,0.0513663153109235,-2.27781,,1.01393,0.978522,4.45705,-0.0724595,5872.69,9,False,-2.66856e-94,8.67669,0.533656
9216075,6903.01,4.967664231908723,3.4821370248969665,0.0179312748487046,-2.31248,,1.42513,1.55759,4.19891,-0.0983332,6971.2,19,False,-7.11021e-116,7.44253,0.427575
220459826,872.02,4.972823810890816,1.487439560424436,0.0068026903930519,-2.34163,,0.776995,0.755982,4.57244,0.157123,4818.5,168,False,-3.95999e-54,11.574,0.904023
304690618,6655.02,12.958676478128472,5.185278477224959,0.071123459226151,-2.63235,,0.940327,0.926357,4.47731,0.0248772,5564.0,8,False,-0.0,8.35166,0.202104
238086647,510.01,1.35239,1.3,0.011,35.1633,,0.953399,1.24848,4.21405,-0.36798,5991.77,176,False,-2505.38,8.10699,0.252011
251039147,4537.01,6.662970110553462,3.137531746772548,0.0265362171427516,-4.73862,,1.07872,1.06709,4.41199,0.0886916,5918.05,11,False,-5.0306e-76,8.8615,0.740375
620780629,3620.01,4.88936,2.87,0.058,30.4943,,1.01118,1.38378,4.14928,-0.17915,5918.69,9,False,-382.337,7.71761,0.544246
380886534,6840.01,8.9000334200511,0.0295255025848746,0.0386301601948812,-5.06155,,1.0391,1.09292,4.3738,0.0250453,5854.0,8,False,,,
299176311,4194.01,1.0432875612656871,0.0796936328711186,0.0276736360154985,-5.67901,,0.909338,1.20304,4.22792,-0.389264,5934.57,76,False,-2.92532e-115,17.1245,1.00223
31852980,487.01,24.3321784,5.608240316067146,0.1087291666666666,-6.07266,,1.0118,1.20203,4.27374,0.0270546,5788.37,33,False,-1.9130499999999999e-177,21.9698,0.989215
381360750,5335.01,3.613840336638317,0.7471283942111024,0.0436485836140066,-6.49739,,0.913748,0.873723,4.51584,-0.0324659,5526.83,34,False,-0.0,7.49043,0.0695235
406726743,5036.01,17.7481897,10.837060167591993,0.0524166666666666,-6.69362,,1.0137,1.30292,4.20342,0.0430708,5742.57,8,False,-2.39272e-57,10.3849,1.07647
118327533,346.01,16.56308,15.940562151492458,0.0482708333333333,-6.84387,,1.05272,1.32413,4.20637,-0.352806,6228.37,4,False,-0.0,15.6469,0.322842
467158766,5714.01,7.77851912556765,0.7930639611419151,0.0488141910620095,-7.49663,,0.956149,0.945353,4.4662,0.0255096,5610.2,12,False,-0.0,8.6108,0.317011
364186197,1408.02,2.222228200338934,0.3906530586305104,0.0526404266820898,-7.51497,,1.28526,1.44288,4.21404,0.130824,6253.02,191,False,-6.895790000000001e-100,9.21375,0.791204
324116813,3462.01,6.388568393490195,2.6543060209753904,0.0350407816350291,-7.52959,,0.851308,0.92841,4.42709,-0.15631,5547.78,11,False,-0.0,6.7574,0.331375
462162948,684.01,19.850736962708183,2.466477638557893,0.0485246343715468,-7.59863,,1.49514,1.60803,4.19695,-0.111741,9488.0,11,False,-0.0,7.94274,0.363437
272768631,6659.01,7.312047621352737,2.516246366100049,0.038787169085066,-7.87706,,0.831352,0.812302,4.53994,0.0133945,5159.0,7,False,-0.0,9.69275,0.18936
352229268,4419.01,16.155141897322117,0.493308849577367,0.0732427494504429,-8.34884,,1.03394,0.9853,4.46041,0.148023,5708.3,12,False,-0.0,10.3388,0.111698
241225337,1727.01,1.8308781612557,0.2719441293738782,0.0328435531347583,-8.98205,,0.977366,0.948712,4.47067,0.215366,5517.46,34,False,-2.64463e-283,7.56276,0.46053
18019350,5397.01,9.647747984262477,6.567985184579004,0.0674617519876131,-9.19822,,0.97544,0.936099,4.48357,0.208868,5511.55,5,False,-0.0,6.76805,0.272032
5882269,5083.01,4.7948642,0.8037226974696363,0.0467708333333333,-9.35468,,0.589005,0.613413,4.62789,-0.118723,3970.41,21,False,-0.0,6.96738,0.311921
366754985,5364.01,1.446671585425121,0.5839667201699337,0.0227088403292396,-10.4887,,1.9937,3.49841,3.63726,0.00722498,7084.24,109,False,-5.94797e-205,7.60226,0.593178
9151337,5572.01,5.858708212295237,5.058719658697994,0.0442139409455161,-11.6549,,0.696688,0.692554,4.59202,-0.0509078,4541.88,14,False,-0.0,7.1011,0.393718
126737992,4180.01,1.5954289643967663,0.5264277309379273,0.0223897671890664,-12.1266,,1.39719,1.93447,4.00758,-0.475546,7229.7,126,False,-1.05033e-303,9.97264,0.593918
306485267,4637.01,14.354050332990289,3.915200518128323,0.051809453734742,-13.2716,,0.835047,0.801453,4.54935,0.0896132,5085.67,5,False,-0.0,7.65738,0.338576
253864764,6678.01,3.426959697905451,2.62508038404059,0.0231740840218533,-14.621,,0.749112,0.735701,4.57627,-0.00120278,4794.0,14,False,-0.0,8.79581,0.22458
354944123,4342.02,10.688608350669,5.42040146375075,0.0555671768290562,20.8354,,0.578753,0.602139,4.63505,-0.0319089,3890.38,15,False,-207.386,8.69364,0.394689
356867115,1301.01,6.096426765373416,2.737541126167592,0.0484525709030975,64.3446,,0.734897,0.716905,4.58629,-0.0723279,4759.79,166,False,-2253.31,10.0197,0.533578
359357695,1880.01,1.7263749790130711,1.4274040292279335,0.0367583563689178,50.8916,,0.49848,0.527995,4.6883,0.397272,3572.27,79,False,-113971.0,11.3754,0.0545459
364192929,5922.01,5.20831,1.02095,0.0173645,-1.97166,,0.842171,0.822856,4.53458,0.015084,5204.1,10,False,-2.2328300000000002e-44,7.32867,0.670764
369477998,5307.01,5.298010865595884,0.8813098394033541,0.0324152567269375,23.8458,,0.569424,0.594659,4.6436,-0.210173,3942.97,13,False,-546.436,7.09338,0.334596
389421473,2190.01,5.316064770445838,3.5206451862727253,0.0797343849024937,84.377,,1.0541,1.36586,4.1803,-0.00235042,5848.71,21,False,-13542.5,9.18258,0.301133
391949880,128.01,4.94047367193883,2.8251952876966024,0.0411948133509359,63.27,,1.0986,1.11413,4.38224,-0.0297354,6092.97,109,False,-11349.3,9.59763,0.234799
392319808,5649.01,4.751810924791722,0.8409532435042522,0.0526881585942139,52.9909,,1.05912,1.46453,4.12161,0.0553427,5781.05,18,False,-1289.06,9.78292,0.561294
397362481,6276.01,6.203172486817775,2.738913161232233,0.0319469350812538,11.6622,,0.715768,0.709926,4.58831,-0.00310867,4633.87,14,False,-10.2672,8.77643,0.447049
397362481,6276.02,4.4660679656069,0.4706214573234319,0.0350996495972791,17.7774,,0.715768,0.709926,4.58831,-0.00310867,4633.87,19,False,-89.7325,8.77643,0.447049
397362481,6276.03,7.8708660530943,4.1958534573204815,0.03407478747625,6.78979,,0.715768,0.709926,4.58831,-0.00310867,4633.87,11,False,-1.91836e-06,8.77643,0.447049
417931300,2068.01,7.769126507572668,0.0586617906531662,0.0479587146430389,14.5209,,0.519099,0.540875,4.6859,-0.031779,3716.83,24,False,-4.99091,11.1364,0.794443
419878932,5948.01,7.9054121225280145,7.631504299265495,0.0196867194158892,29.5372,,1.21585,1.36802,4.23551,-0.0520838,6294.0,7,False,-603.006,6.73773,0.433417
426032475,6729.01,7.83746,4.10786,0.107005,19.3148,,1.21403,1.36576,4.23631,-0.0515843,6289.7,40,False,-121.006,7.79105,0.491775
426032475,6729.02,3.8637984299405215,1.8902126471006253,0.0725122790287364,7.86735,,1.21403,1.36576,4.23631,-0.0515843,6289.7,89,False,-0.358178,7.79105,0.491775
426904354,6613.01,2.500802245468303,1.358022410960537,0.0261483126152729,17.8483,,1.15829,1.28764,4.26962,-0.0301571,6158.0,10,False,-122.496,5.30688,0.531897
433144048,3648.01,2.92343,0.618,0.072417,26.9288,,1.28597,2.07734,3.91172,-0.024384,6008.07,18,False,-331.088,7.72609,0.493261
434496663,2674.01,7.297213986848855,2.9226658488756176,0.0166338519846458,28.6416,,1.38911,1.94774,3.99193,-0.164765,6570.66,16,False,-161.944,9.74029,0.696081
438368981,4731.01,1.4553919810448102,1.420541244217505,0.0244143669448187,86.9876,,1.23537,1.29049,4.30604,-0.160572,6600.12,44,False,-9291.83,6.4892,0.389204
440636649,6190.01,3.559524210856879,2.9991152315572487,0.0217075530375773,26.3055,,0.976286,0.969528,4.45206,0.0263144,5669.0,24,False,-3116.65,8.67647,0.147209
440887364,836.01,8.595445439816242,0.2198824819464643,0.0491505149003127,25.0952,,0.636502,0.655774,4.60541,-0.0204469,4169.71,8,False,-28.7395,10.4346,1.30782
440887364,836.02,3.816716710813431,0.4493986752827891,0.0324709021015015,21.8126,,0.636502,0.655774,4.60541,-0.0204469,4169.71,18,False,-17.7799,10.4346,1.30782
441763252,4468.01,2.77086,1.84757,0.0421741,365.581,,0.815127,0.776965,4.56572,0.090398,4988.14,197,False,-7959.22,4.80801,1.88473
441763252,4468.02,7.0140009547232,4.236610947176814,0.0618361135262583,19.701,,0.815127,0.776965,4.56572,0.090398,4988.14,100,False,-14.8623,4.80801,1.88473
445522339,6493.01,3.0667073,1.8551790563992911,0.0309583333333333,20.2265,,0.558276,0.588183,4.64513,-0.0121106,3808.0,26,False,-478.068,7.94171,0.262387
453387619,1703.01,1.1997023872588697,1.164610585040938,0.1674381264816117,3.07309,,1.03662,1.04008,4.41456,0.30264,5645.68,57,False,-2.21908e-15,6.53532,0.447519
455947620,6022.01,1.92811,1.46323,0.0215789,275.654,,0.558276,0.588183,4.64513,-0.0121106,3264.0,84,False,-65020.3,8.93412,0.487437
455947620,6022.02,1.54546,0.971,0.067808,11.8517,,0.558276,0.588183,4.64513,-0.0121106,3264.0,107,False,-8.96727,8.93412,0.487437
462372373,5860.01,5.250028908760992,4.44352160638906,0.0350358486777704,23.562,,1.08866,1.18097,4.32252,0.00506556,5988.0,10,False,-52.0735,9.99395,0.889805
468765355,6139.01,10.33,2.72251,0.076375,-1.73444,,1.29445,1.46343,4.20258,-0.0733048,6486.0,6,False,-5.93147e-54,10.0042,0.763894
1989628303,2244.01,2.73065,0.269534,0.0228843,15.7768,,0.99788,1.81241,3.91276,-0.817124,6292.61,9,False,-3.35882,12.497,0.985581
230075227,2077.01,6.115571267543446,1.3284923486373,0.0433778524599698,25.5579,,0.857857,0.833234,4.53113,0.0667356,5237.84,176,False,-693.469,11.7689,0.244383
232568235,2260.01,0.3524597,0.179554561040898,0.0120416666666666,22.6466,,0.934771,0.884582,4.51011,0.190064,5354.92,349,False,-146.866,8.52687,0.546309
233071926,1748.01,1.8318622553509,0.8760046917568891,0.0296066079926416,33.6309,,0.77594,0.753211,4.57451,0.0997316,4847.81,471,False,-310.125,9.45008,0.6419
233211762,1252.01,1.1219676112039692,0.3300561437359544,0.0174559854234048,107.511,,0.677937,0.713748,4.54962,0.14258,4401.35,768,False,-4112.35,24.3997,0.604124
237924601,252.01,1.0021867845390822,0.5980382111516396,0.0125171268295075,74.6899,,0.83798,0.955796,4.38767,0.0557129,5284.01,472,False,-8116.07,14.8283,0.309688
237928815,703.01,8.6729682507875,2.800698405597359,0.0616643446725624,42.9286,,0.917562,0.872943,4.51801,0.156229,5348.79,47,False,-9488.5,12.8898,0.143722
237928815,703.02,22.56815930652671,16.188137762691508,0.0892402466511146,31.8121,,0.917562,0.872943,4.51801,0.156229,5348.79,20,False,-3766.57,12.8898,0.143722
239628993,3553.01,1.9412057590080063,0.5042750500812038,0.0278746835341943,103.479,,1.29746,1.46561,4.20249,-0.0738825,6497.2,40,False,-20682.2,7.19033,0.312021
243030574,6966.01,2.165955740334543,2.017112851427794,0.0317546319642416,10.7069,,1.17377,1.31126,4.25848,-0.0374472,6194.54,49,False,-4.1021,8.42286,0.604565
245099574,4880.01,3.47157,0.178324,0.074949,-9.93653,,1.44639,1.3631,4.32293,-0.159859,7421.46,8,False,-9.62293e-222,7.12006,0.537393
253434221,4338.01,7.4997177107277935,0.759443348589941,0.0346938936897813,30.1789,,0.992413,1.7377,3.93781,0.0111201,5310.43,15,False,-237.844,9.15301,0.637886
257605131,451.01,16.36473897901291,5.722872632819462,0.0827226459713292,17.5065,,0.913588,0.858647,4.52617,0.0796511,5363.81,4,False,-458.323,7.09929,0.227041
257605131,451.02,1.858670161797876,0.0850387634179227,0.0408462941750054,12.7757,,0.913588,0.858647,4.52617,0.0796511,5363.81,38,False,-137.533,7.09929,0.227041
257605131,451.03,9.19126562240868,0.8843077510433206,0.0670932424086746,7.41215,,0.913588,0.858647,4.52617,0.0796511,5363.81,8,False,-1.07519,7.09929,0.227041
259172391,1445.01,9.813095037318856,4.2233822587914265,0.083637811908717,35.7897,,1.07307,1.06434,4.4104,0.0231287,5959.66,105,False,-846.067,9.15021,0.427331
259172391,1445.02,4.7842093,0.1611165607091154,0.0613958333333333,28.5035,,1.07307,1.06434,4.4104,0.0231287,5959.66,202,False,-447.44,9.15021,0.427331
264173803,4099.01,4.395395382394382,0.1220304590916192,0.0463611913504018,31.3053,,0.755938,0.727314,4.5907,0.0487069,4757.54,237,False,-15.709,9.01437,2.73799
278683844,119.01,5.54111,2.31003,0.0537826,104.758,,0.856501,0.813034,4.54731,0.156313,5102.33,178,False,-127137.0,15.3135,0.116896
278683844,119.02,10.691724899080045,2.741429051951434,0.0621518437116075,68.4618,,0.856501,0.813034,4.54731,0.156313,5102.33,112,False,-44891.4,15.3135,0.116896
281710229,308.01,8.309233692620467,0.8498317271297631,0.0330374792941558,78.792,,0.750632,0.736876,4.57573,-0.0011159,4801.3,9,False,-24369.3,6.88124,0.214672
283884522,6652.01,3.83884493289892,3.37066023311779,0.057117766018106,14.1997,,1.00222,1.0087,4.42813,0.0267182,5745.0,19,False,-54.7295,7.72059,0.414195
285466025,6032.01,7.372388496225008,5.579290386881883,0.1538800591123328,10.2452,,1.12653,1.23914,4.29249,-0.015194,6083.0,10,False,-3.67177,8.77785,0.416444
287444302,7330.01,2.840586200655628,1.3460800804127664,0.0279250970538975,15.6838,,1.02117,1.05197,4.40022,0.0258587,5801.0,7,False,-65.2863,4.66221,0.643746
287776397,1205.01,2.3922702805907,2.086552164670918,0.1876113025188437,14.3245,,1.89272,3.85614,3.54159,4.83641e-05,6492.03,195,False,-12.3289,8.69721,0.788208
288631580,1659.01,5.8775547796858,4.284657190037532,0.0604742516242604,23.1658,,1.03528,1.003,4.44593,0.00717108,5858.22,93,False,-173.29,10.9419,0.43504
288631580,1659.02,3.3985706925605568,0.4971192491670165,0.0462282136051815,8.11335,,1.03528,1.003,4.44593,0.00717108,5858.22,153,False,-1.7232e-11,10.9419,0.43504
290348383,1099.01,6.4410109060378495,4.861441373866138,0.0367331557804006,42.7837,,0.774145,0.757583,4.56031,0.0111136,4890.98,17,False,-6992.67,9.5653,0.185147
292852583,6318.01,5.831047508700504,5.245949260578974,0.0181612816009682,13.2173,,0.958649,0.948354,4.46445,0.0256095,5617.5,15,False,-0.397518,12.9102,1.21701
293954617,1430.01,7.4341456,7.41505503478127,0.0504999999999999,44.5107,,0.793634,0.771202,4.55987,-0.0277785,5033.2,45,False,-1230.48,10.6781,0.449859
298981199,2470.01,7.185305896479543,7.036836597236732,0.0509575590723686,12.572,,0.713696,0.706521,4.5847,0.0420025,4569.55,8,False,-16.5782,8.53541,0.48168
299158887,1554.01,9.43413133856066,6.808872129662267,0.0563579841962599,89.5292,,0.93973,0.905649,4.49666,0.14083,5454.25,35,False,-5440.83,9.67751,0.504583
300812741,2322.01,20.22545483899813,4.20446030552311,0.0382073796973482,21.7211,,0.695303,0.686849,4.59731,0.0294766,4440.29,49,False,-18.8533,15.2344,0.722658
301624989,5545.01,1.9613283347606472,1.8803451528078896,0.0269282523147532,7.88654,,0.718976,0.80736,4.47131,-0.144346,4956.54,37,False,-23.071,6.66854,0.121931
303204165,4647.01,8.834349375249865,3.855149396895447,0.0703125534360366,20.582,,1.01152,0.970113,4.46606,0.0254994,5771.64,16,False,-831.149,9.76607,0.175055
303204165,4647.02,11.069947139400885,3.673536746693433,0.0706673332842873,16.5632,,1.01152,0.970113,4.46606,0.0254994,5771.64,13,False,-329.372,9.76607,0.175055
304100538,1116.01,5.010068601552357,0.35899547839389,0.0376178097601201,16.4742,,0.915767,0.886088,4.50311,-0.0197267,5522.72,47,False,-47.4102,10.2734,0.426747
307366709,2899.01,4.0874138,1.5195042636302958,0.0429374999999999,51.9642,,1.24578,1.75661,4.04004,-0.00353248,6129.08,54,False,-1601.02,7.48915,0.518337
317546777,2780.01,4.906096982968358,4.422634961495965,0.0301304453836679,15.1161,,1.47841,1.59597,4.19742,-0.108537,7169.0,5,False,-70.3255,5.64247,0.532714
319473643,2739.01,3.14748,2.17783,0.0169572,66.1058,,0.775791,0.756499,4.56976,0.024121,4915.92,85,False,-313.391,14.7231,1.35683
331691841,5947.01,6.934135813844399,3.7427145706820513,0.0417176330516349,8.13408,,0.905317,0.886433,4.50019,0.0226153,5451.0,8,False,-2.55546e-94,10.509,0.115684
332022997,5123.01,3.281055692698297,0.779275175221622,0.0369924259091616,15.2506,,0.734855,0.718755,4.58971,-0.0279697,4749.46,31,False,-199.206,7.56397,0.254988
332022997,5123.02,8.439015056614867,4.993297091990359,0.0500477234350644,7.51691,,0.734855,0.718755,4.58971,-0.0279697,4749.46,12,False,-0.241685,7.56397,0.254988
339961200,724.01,3.2126425987489435,0.1371463859773525,0.011336862174161,37.858,,0.915391,0.872915,4.51989,0.169407,5346.44,232,False,-154.554,21.7496,0.607388
345143460,1533.01,3.645795778913388,0.9863738981614836,0.0410385057095804,39.7462,,0.855784,0.830828,4.52861,0.272974,5059.26,43,False,-1437.36,8.72953,0.381539
345143460,1533.02,8.063779032268824,0.5533687365551415,0.0171523185302873,32.0912,,0.855784,0.830828,4.52861,0.272974,5059.26,23,False,-816.298,8.72953,0.381539
350293646,2548.01,8.5235,6.13552,0.0473266,173.338,,0.872128,0.829974,4.53624,0.169109,5154.41,9,False,-7006.91,11.3156,0.902134
350293646,2548.02,1.4468860459009896,0.9566614629196118,0.0189463267637764,10.7976,,0.872128,0.829974,4.53624,0.169109,5154.41,50,False,-0.144431,11.3156,0.902134
352413427,1473.01,5.254485468972895,5.090435654053671,0.0624520574496998,31.4735,,0.996763,0.985775,4.44867,-0.111283,5907.32,14,False,-1036.18,8.39988,0.334383
354944123,4342.01,5.538324648884073,0.60129338975869,0.039261972373637,22.4013,,0.578753,0.602139,4.63505,-0.0319089,3890.38,29,False,-263.862,8.69364,0.394689
80224448,6965.02,28.06962708281261,7.758356350105111,0.1192722024709377,9.70574,,1.096,1.19229,4.31641,0.000887238,6007.0,3,False,-16.9277,7.48805,0.261692
99896567,6074.01,12.132450643432,7.173275537323207,0.0328161106756854,7.81889,,1.04282,1.10142,4.36832,0.0248765,5865.0,15,False,-1.38706e-09,9.01143,0.205388
100990000,411.01,9.57307,0.247884,0.0756795,37.2243,,1.07455,1.10607,4.37829,-0.142416,6152.22,12,False,-93.236,16.4777,1.01055
100990000,411.02,4.040396470317875,3.826743038197998,0.0684541692353633,22.5061,,1.07455,1.10607,4.37829,-0.142416,6152.22,39,False,-8.91375,16.4777,1.01055
101011575,560.01,6.398042200724913,6.163228563432453,0.042511214839943,45.0092,,0.67697,0.681551,4.59669,-0.0765084,4452.23,18,False,-465.286,10.977,0.736839
101011575,560.02,18.879185901517992,15.715207810859123,0.0720320459890366,17.2755,,0.67697,0.681551,4.59669,-0.0765084,4452.23,5,False,-17.2033,10.977,0.736839
115899725,6372.01,6.5586832272375615,3.47548462518926,0.0436574471035198,20.3956,,0.65395,0.66214,4.61061,-0.00664206,4337.0,20,False,-403.883,6.6475,0.319586
118573065,4673.01,4.866601469264448,4.232182670007311,0.0197466330735727,16.8658,,0.810018,0.917147,4.41033,-0.407667,5663.0,11,False,-101.724,7.0619,0.456871
119584412,1801.01,10.643941812552956,3.6229369514680334,0.0525743579175477,17.3526,,0.517957,0.53472,4.69391,-0.247763,3797.63,4,False,-101.834,7.46484,0.460526
120183168,4499.01,3.49025,1.17001,0.0661548,16.7113,,1.06859,1.07979,4.39497,-0.00742935,5981.1,71,False,-111.464,8.69645,0.35657
120183168,4499.02,5.53873,1.32402,0.0715446,19.016,,1.06859,1.07979,4.39497,-0.00742935,5981.1,45,False,-183.742,8.69645,0.35657
130181866,1726.01,7.107920344149576,2.858322449764297,0.0700631159755493,27.0542,,0.93659,0.903557,4.49306,-0.0396828,5600.23,23,False,-6368.66,9.59788,0.101952
130181866,1726.02,20.543751013921288,1.5443152693675053,0.0818961030686501,28.7269,,0.93659,0.903557,4.49306,-0.0396828,5600.23,9,False,-7647.16,9.59788,0.101952
134404603,609.01,4.969982703456487,0.0991754029017112,0.0245874102739094,231.754,,0.975312,1.09544,4.33984,-0.198352,5946.1,42,False,-1183880.0,19.1697,0.0910447
142019343,4413.01,4.4719937,4.415172625050545,0.0545625,17.9197,,0.915781,0.876984,4.51524,0.144159,5369.0,241,False,-934.698,13.7548,0.0635567
143842198,6710.01,2.06712,0.0691406,0.516565,18.2168,,0.82097,0.802469,4.54461,0.0114277,5113.3,97,False,-74.0724,12.0248,0.339084
144297844,2394.01,3.4976879183301435,0.1680906177414591,0.0322428386528414,11.43,,0.875029,0.816414,4.55144,0.0413829,5243.44,35,False,-264.259,9.47521,0.0562423
149788158,727.01,4.72441,4.55827,0.0430482,10.7417,,0.488175,0.50148,4.72123,-0.0568277,3635.42,18,False,-16.4905,8.59576,0.256801
149788158,727.02,0.74997111499344,0.7381762340295781,0.0220334570285916,13.2302,,0.488175,0.50148,4.72123,-0.0568277,3635.42,115,False,-72.379,8.59576,0.256801
150063444,6847.01,1.3939452172107425,1.1101425274527676,0.0199960150533096,59.3558,,1.15067,1.276,4.27511,-0.026566,6140.0,163,False,,,
150151262,712.01,9.53137,9.13729,0.0348542,52.3174,,0.69639,0.690836,4.59656,-0.00105945,4509.96,88,False,-293687.0,14.0668,0.0328909
150151262,712.02,51.6991,43.4681,0.0910625,51.1107,,0.69639,0.690836,4.59656,-0.00105945,4509.96,15,False,-275449.0,14.0668,0.0328909
150151262,712.04,84.83869,0.0903632050275859,0.1082083333333333,26.7896,,0.69639,0.690836,4.59656,-0.00105945,4509.96,10,False,-32494.4,14.0668,0.0328909
150428703,1225.01,13.896450667308184,5.357267550607231,0.0713368242670008,22.4646,,0.915371,0.862546,4.52953,-0.00772816,5495.36,73,False,-79.5145,15.2708,0.379964
150428703,1225.02,8.1212628342876,8.003677987268391,0.0794341532006386,18.4499,,0.915371,0.862546,4.52953,-0.00772816,5495.36,128,False,-16.5288,15.2708,0.379964
153065527,406.01,13.1757,2.62413,0.0427525,38.689,,0.368376,0.384632,4.82633,0.0442337,3375.7,12,False,-8497.13,12.7675,0.13106
153065527,406.02,6.6149110161123,6.06029647406015,0.0201137598278422,14.8819,,0.368376,0.384632,4.82633,0.0442337,3375.7,25,False,-58.1267,12.7675,0.13106
160045097,1782.01,4.9877069717227664,4.717426333028279,0.0475584039720909,29.5743,,0.65908,0.669271,4.60897,0.09399,4234.64,63,False,-958.107,8.3843,0.319378
160045097,1782.02,1.82903,0.194149,0.0292268,25.6146,,0.65908,0.669271,4.60897,0.09399,4234.64,156,False,-634.15,8.3843,0.319378
160045097,1782.03,18.756053823917924,3.901454477568346,0.0507179124777984,17.2244,,0.65908,0.669271,4.60897,0.09399,4234.64,19,False,-168.206,8.3843,0.319378
160618074,4119.01,5.22645,0.912737,0.99339,52.4688,,0.795908,0.981719,4.34689,-0.139983,5361.97,131,False,-3256.65,10.0346,0.346636
173612049,1537.01,6.50775,0.388089,1.4415,14.6102,,0.955558,0.966866,4.44489,-0.00210993,5672.06,15,False,-14.2616,9.97438,0.599897
177494632,7412.01,1.7639828977121252,0.6031747478581403,0.0291762413323958,12.1002,,1.17651,1.31544,4.25651,-0.038736,6201.0,10,False,-30.144,5.73053,0.554236
198153540,1798.01,8.02147,2.94704,0.0668493,27.0938,,0.816547,0.785611,4.55652,0.0284164,5066.88,18,False,-1033.85,10.9985,0.233517
198153540,1798.02,0.437809,0.418727,0.0257022,33.6698,,0.816547,0.785611,4.55652,0.0284164,5066.88,318,False,-2049.16,10.9985,0.233517
198187049,2069.01,5.921421778879444,5.115632879533047,0.0543623172090289,18.0024,,0.852048,0.817668,4.53923,0.0318929,5204.97,184,False,-0.000487673,26.8511,2.8957
219175972,2441.01,12.890089931189,10.201461063232273,0.052944226732275,38.5117,,0.438178,0.457653,4.75835,-0.0537018,3531.06,35,False,-123.445,9.45136,1.22768
219508169,2016.01,6.81612,1.81836,0.0560509,23.4413,,0.856811,0.818265,4.5407,0.135215,5123.9,22,False,-821.052,7.27267,0.263296
219508169,2016.02,2.45904,1.94537,0.0387917,27.9022,,0.856811,0.818265,4.5407,0.135215,5123.9,58,False,-1335.34,7.27267,0.263296
219852882,1346.01,5.502594385149784,4.3605908641687385,0.0574124501212141,39.8533,,0.797223,0.767423,4.56869,0.112907,4916.33,197,False,-227.553,12.8366,0.838101
219852882,1346.02,1.76225,1.17439,0.0146345,34.6514,,0.797223,0.767423,4.56869,0.112907,4916.33,523,False,-148.933,12.8366,0.838101
224298134,2079.01,1.49231,0.600113,0.0177337,18.8015,,0.468545,0.483468,4.73577,-0.0110162,3582.79,86,False,-224.257,9.00456,0.306159
224298134,2079.02,9.317414625161613,9.188057105941596,0.0353369071288649,20.3495,,0.468545,0.483468,4.73577,-0.0110162,3582.79,20,False,-300.139,9.00456,0.306159
229747848,1347.01,0.847422,0.203738,0.0172056,50.2505,,0.876399,0.84091,4.5312,0.0233499,5329.77,1029,False,-2039.43,8.19295,0.434231
229747848,1347.02,4.842034953417705,4.812280299701,0.0463100386270306,20.9024,,0.876399,0.84091,4.5312,0.0233499,5329.77,210,False,-187.889,8.19295,0.434231
14344979,1927.01,4.11174,4.10327,0.0289257,40.4082,6.271,0.87833,0.841262,4.53302,-0.157089,5547.48,24,False,,,
55092869,664.01,4.7362,4.68424,0.140321,47.6652,2.593,1.27411,2.91722,3.59126,-0.110609,5146.6,16,False,-23.9088,30.3126,1.70479
237015185,5604.01,11.1801,11.1601,0.087799,1.6698,0.978,1.39604,1.36262,4.3044,-0.16896,7120.96,43,False,-4.960890000000001e-18,16.685,1.77101
231071138,2393.01,18.8419,1.78052,0.0587113,73.7652,8.942,1.01081,1.03749,4.40459,0.113528,5722.06,10,False,-23.004,12.2312,6.16947
421455387,2233.01,2.5087,0.0678103,0.0185296,3.52684,1.853,0.836173,1.0022,4.34671,-0.107849,5460.0,48,False,-4.62198e-05,20.3562,4.54446
275722992,1381.01,6.56018,3.91665,0.0641195,48.9495,10.835,2.19208,2.58331,3.95238,0.017747,8920.06,31,False,-29.2219,32.0897,1.49098
151920165,4270.01,3.46786,0.0212857,0.0481363,8.83442,3.072,1.29457,1.46513,4.21411,0.251288,6261.36,37,False,-0.42849,7.94838,2.73158
76706043,6612.01,2.32069,2.31148,0.0354519,5.2097,2.344,0.664986,0.670671,4.60663,-0.00601125,4390.0,20,False,,,
281196902,3755.01,5.54371,0.473008,0.0542714,5.82323,3.089,1.03615,1.00192,4.45294,0.0363255,5856.66,14,False,-9.29384e-11,18.4284,2.01894
186470510,3371.01,3.5069,3.45356,0.0657322,2.27804,2.279,1.49514,1.60803,4.19695,-0.111741,7462.0,21,False,-1.40109e-19,13.8804,1.30599
149302744,699.01,14.8011,7.2644,0.0725903,34.4374,2.562,1.19496,1.25687,4.31324,-0.114588,6458.63,54,False,,,
328933398,1873.03,7.00575,3.593,0.065233,37.6545,2.825,0.977121,0.944583,4.47604,0.186293,5538.53,53,False,-1125.81,8.49561,0.405369
369376388,2486.01,1.54114,1.77362e-06,0.0288844,37.7498,2.955,0.693137,0.699455,4.57487,0.238916,4324.17,43,False,-662.123,7.54438,0.547893
6404965,3346.01,4.86465,4.84902,0.040793,12.6126,3.291,0.676918,0.679421,4.6028,0.174778,4275.26,14,False,,,
407126408,913.01,11.0993,9.13884,0.0644404,33.5601,2.606,0.757241,0.733565,4.58797,-0.108895,4958.63,11,False,,,
177254988,4405.02,1.09289,0.00693916,0.0289087,27.6708,1.31,0.675943,0.677152,4.60645,0.129254,4300.47,840,False,,,
232624234,5611.01,11.3629,3.46526,0.0581813,21.7643,2.049,0.731961,0.715727,4.59095,-0.083666,4783.74,82,False,-6.01418,8.91306,2.69983
101569583,5452.01,0.990715,0.953757,0.0208438,4.05325,3.822,1.20731,1.3574,4.23929,-0.0497376,6273.8,45,False,-0.143918,5.07284,1.76797
263179590,2498.01,3.73824,3.41196,0.0571362,22.7798,5.013,1.11476,1.21852,4.30815,0.185762,5927.51,24,False,-1506.34,10.3753,0.149049
197598125,6825.01,16.4546,1.84601,0.101607,4.37255,2.846,1.02962,1.07129,4.38776,0.025475,5826.0,4,False,-1.6914e-12,12.4991,1.18768
260647166,1233.02,19.5901,15.4926,0.0803172,34.0182,3.203,0.913363,0.869174,4.519,-0.175551,5681.13,4,False,-20542.1,7.66386,0.0856914
98662211,3112.01,4.28421,2.12924,0.0229096,42.4785,7.763,0.774804,0.961437,4.35446,-0.112152,5283.99,34,False,,,
324609476,5041.01,0.733901,0.0,0.0145134,40.0423,1.941,0.458203,0.476235,4.73884,0.0886318,3538.58,121,False,,,
67300566,3756.01,4.42345,1.017,0.0224989,36.4432,3.21,1.0372,1.10446,4.36131,-0.0757346,5979.3,15,False,-673.658,7.49336,0.52059
201793781,248.01,5.99108,0.714061,0.0693458,30.2118,0.85,1.05478,1.04112,4.42394,0.0709023,5871.83,34,False,,,
236934268,2292.01,7.07673,2.75679,0.055832,4.65007,1.93,0.97546,0.989534,4.43377,0.034999,5698.95,69,False,-6.1014199999999996e-117,18.5978,0.608489
120051913,6155.01,1.60298,0.576874,0.0210315,25.3105,2.778,1.11224,1.21731,4.30291,-0.00834905,6049.0,29,False,,,
29781292,282.04,22.8913,19.4979,0.0529862,31.28,2.637,1.24167,1.37012,4.25028,0.0177686,6362.8,41,False,-1350.52,14.5019,0.212931
306996324,776.02,8.24659,0.219765,0.0481153,33.7176,1.882,0.518384,0.536349,4.69135,-0.0763492,3723.51,14,False,-3246.72,8.47778,0.206494
352438619,6793.01,6.5516,0.614183,0.0193203,2.63866,1.459,0.759295,0.744051,4.57236,-0.000256997,4841.8,13,False,-1.66609e-08,14.406,2.18941
373017793,6256.01,7.99246,4.27081,0.0953847,22.4414,1.066,1.12865,1.24238,4.29096,-0.0161915,6088.0,30,False,-25.49,10.5068,1.13369
405559035,2037.02,5.54704,0.486109,0.0712594,23.7723,3.005,1.15517,1.18308,4.35048,-0.0396403,6237.22,32,False,-484.128,8.81801,0.317391
48353358,6004.01,9.87873,2.40972,0.0355182,17.3558,1.384,0.558276,0.588183,4.64513,-0.0121106,3759.27,33,False,-94.02,9.62717,0.374857
158241252,4443.02,10.3088,1.55373,0.0464204,17.0394,0.599,1.0129,0.998366,4.44227,0.0135619,5809.97,10,False,-2.32421,14.8482,0.844643
430930679,7030.01,2.56043,1.32638,0.0301084,6.78042,0.73,0.725165,0.71719,4.58492,-0.00257153,4679.0,64,False,,,
2685481,5113.01,4.1364,1.41276,0.0508401,1.7741,1.774,1.18608,1.27066,4.29848,0.0732034,6156.21,41,False,-5.12923e-14,11.0979,1.27261
367630162,2104.02,5.90441,5.0972,0.0524749,23.8687,1.573,0.751507,0.724532,4.58923,-0.0658217,4838.49,36,False,-168.856,9.25457,0.526957
149577217,1850.01,7.3918,0.627913,0.0225918,14.358,3.221,0.895596,1.02819,4.35597,0.0900067,5429.36,3,False,-86.1157,5.92529,0.427681
165337974,7084.01,21.8151,0.312471,0.0838625,14.1359,3.357,0.892018,0.873043,4.50743,0.0210291,5399.0,2,False,,,
348297468,6440.01,3.81237,1.13155,0.0294402,4.06568,3.13,1.25178,1.41272,4.2196,-0.061956,6379.0,12,False,-6.03082e-05,6.21295,0.59068
90767677,5359.01,1.68153,1.19468,0.0186034,5.26485,2.913,0.457647,0.485041,4.72649,0.293965,3513.53,41,False,-4.0973900000000003e-113,10.36,0.2261
469810663,7060.01,5.84978,3.06943,0.0742388,15.3105,3.075,1.09701,1.19384,4.31557,0.000315468,6009.6,20,False,-109.862,8.58992,0.301192
405689470,7288.01,7.98718,1.63194,0.0496842,7.27965,2.007,0.636667,0.64878,4.61685,-0.00762994,4254.0,16,False,-1.77484e-08,8.97349,0.315823
456260074,6249.02,15.581,1.61331,0.0629986,13.4289,1.886,0.753068,0.738759,4.57485,-0.000976643,4813.0,4,False,,,
400515645,5443.01,1.67612,0.471117,0.0451463,12.2955,,1.34568,1.58707,4.16123,-0.221936,7007.81,22,False,-0.290328,12.4143,3.79878
321578632,6059.01,6.36677,4.61753,0.0577,11.6208,1.608,0.895778,0.876828,4.50539,0.0214775,5413.7,14,False,-2.54419,10.9993,0.224869
344130921,5024.01,14.7723,9.99986,0.1006,11.5588,15.829,1.23762,1.34189,4.26048,-0.0794311,6427.51,2,False,,,
4070275,4364.01,5.42404,1.34826,0.0311,11.536,0.84,0.448634,0.464302,4.7512,-0.0107497,3530.26,10,False,-30.8181,7.52165,0.345291
336961891,4642.01,3.60214,1.42867,0.0156,11.4881,0.753,0.198573,0.221588,5.04139,-0.252426,3252.9,24,False,-8.44487e-07,14.3514,0.620134
251848941,178.05,15.2319,10.7916,0.0497,14.9189,2.229,0.637303,0.655298,4.60972,-0.0270008,4188.43,5,False,-23.3055,11.9833,0.292313
268643535,4259.01,8.96173,2.07081,0.0301,63.5338,2.142,1.03648,1.1202,4.34805,-0.480996,6404.11,27,False,-50.1471,23.341,2.68742
420174131,5623.01,3.66377,2.52939,0.0289,32.3515,4.102,1.02421,1.10112,4.35527,0.0797089,5784.65,108,False,,,
312862941,1638.01,0.915061,0.48227,0.0117,30.2006,2.389,0.616344,0.651538,4.59365,0.0488743,4050.05,73,False,-170.763,8.10817,0.792104
265350422,4792.01,8.44823,7.89893,0.0322,30.0504,2.03,1.01427,0.991478,4.44657,-0.0930005,5907.16,11,False,-1.98943,19.919,4.37226
127530399,822.02,7.1335,2.82575,0.0571425,41.5531,1.707,0.794158,0.754387,4.57772,0.244809,4773.29,69,False,-23.0538,11.9343,2.96623
234345288,213.02,23.5199,18.0298,0.0698755,32.78,0.891,0.695728,0.694803,4.58773,0.0709491,4453.87,32,False,-312.661,11.4545,0.56379
91555165,2345.02,21.0641,18.1505,0.091947,24.7864,2.682,0.716396,0.716127,4.57977,-0.0060289,4667.62,3,False,-6.45508,13.8649,2.20148
399724238,5312.01,23.0975,2.55026,0.0714419,24.6848,8.952,0.915867,0.872431,4.51547,0.0726368,5405.9,2,False,,,
398736713,2677.01,6.4971,1.34051,0.0277946,27.2553,3.47,0.779315,1.00235,4.32255,-0.257143,5471.08,8,False,-221.433,7.24541,0.629323
399954349,4593.01,7.83445,6.21968,0.0573716,25.9881,2.892,0.757505,0.739022,4.5801,0.126286,4746.42,40,False,-412.916,12.9384,0.3
10837041,2411.01,0.782707,0.556093,0.0228375,25.9542,0.48,0.636068,0.655896,4.60272,0.0527269,4121.62,102,False,,,
72556406,2521.01,5.56306,2.3597,0.0985429,25.922,8.844,1.01583,1.58789,4.02991,-0.142809,5753.25,14,False,-118.181,7.17388,0.809707
465933345,6274.01,1.11083,0.958329,0.0428418,25.1426,2.318,1.29784,1.46588,4.20248,-0.0739547,6498.6,115,False,,,
310009611,740.01,2.13122,0.444442,0.0640493,23.5324,0.38,1.01567,0.976651,4.46371,-0.0283428,5850.34,61,False,-567.189,9.84079,0.268396
55266835,5175.01,6.85474,1.08806,0.0215103,23.3311,2.58,0.777892,0.911132,4.40287,0.0936593,5071.47,11,False,-15.0839,19.1736,0.521954
44621795,6200.01,3.19238,2.21327,0.0587685,23.1561,4.514,1.09446,1.18991,4.3177,0.00176688,6003.0,21,False,-152.414,8.88802,0.541801
339207847,3727.01,13.4026,4.49303,0.0836045,22.979,9.519,1.29457,1.3538,4.28331,-0.0564646,6650.63,2,False,,,
79971247,5462.01,3.55308,2.19345,0.037533,22.4733,2.022,1.17094,1.232,4.31859,-0.0524335,6286.99,32,False,-18.5079,11.1285,1.27639
428703516,5761.01,19.5422,7.25144,0.0657887,22.0734,1.404,0.846493,0.827208,4.53223,0.0155995,5221.0,9,False,-9.29758,16.9731,0.835
274545328,3767.01,2.3906,0.9648,0.0787227,21.8682,16.394,1.24223,1.52099,4.15967,-0.0328714,6327.46,27,False,,,
80611440,5422.01,5.37726,5.22189,0.0933106,21.6722,9.315,1.29567,1.32822,4.2902,0.187702,6309.88,15,False,-146.318,6.99993,0.568762
8005485,4956.01,5.10723,2.48987,0.0170568,21.2527,,0.97282,0.932043,4.4849,-0.072221,5760.89,11,False,-6.13173,13.7255,1.56349
269849065,6708.01,4.22911,0.846985,0.0353382,20.404,1.935,0.558276,0.588183,4.64513,-0.0121106,3264.0,71,False,-9.57616,17.1138,0.529845
36724087,732.02,12.2523,2.37499,0.0285838,19.9993,,0.358318,0.37891,4.83387,0.04141,3369.66,9,False,-14804.1,15.4855,0.017289
341405597,6699.01,5.31999,4.36073,0.042353,19.2282,,0.73287,0.723146,4.58214,-0.00213115,4716.0,20,False,-17.5333,10.8761,0.967205
253054954,6892.01,17.8899,17.5483,0.107203,19.0883,8.011,1.00978,1.02595,4.417,0.0263755,5767.33,2,False,,,
461635621,4460.01,28.6649,12.4374,0.0837516,18.7426,0.877,0.717058,0.701758,4.60004,-0.107613,4723.1,11,False,-36.4027,13.716,0.396508
58472992,4625.01,2.19136,1.45988,0.0340488,18.5654,1.976,0.655087,0.681577,4.58323,-0.303818,4524.11,41,False,,,
407658979,3575.01,8.08046,5.17198,0.044772,17.6054,4.555,1.03213,1.30804,4.20659,-0.294074,6115.27,10,False,-270.352,8.59186,0.256375
121560868,6566.01,7.58167,7.01912,0.0445819,16.7492,2.587,1.28475,1.45373,4.205,-0.0710152,6457.0,9,False,-9.85195,9.72286,1.11374
48274889,4864.01,5.24106,0.948311,0.0227755,16.6783,2.849,1.03295,1.1118,4.35746,-0.384435,6310.86,10,False,,,
68893269,5544.01,4.20542,3.29181,0.0211053,16.5144,1.558,0.876046,0.831877,4.53323,0.284376,5077.77,16,False,-2.7892,14.1572,0.800928
198178859,7392.01,7.30503,0.458331,0.0617985,16.2046,0.542,0.88767,0.868665,4.5098,0.0205105,5382.0,84,False,-2.44629,13.2553,1.09662
306990399,5034.01,8.70396,0.166667,0.0578727,15.9114,,0.813991,0.77896,4.56532,0.0735802,5016.19,16,False,-33.1817,11.8909,0.33277
231912935,215.01,26.2848,9.10413,0.055674,15.7118,1.74,0.994971,0.952884,4.47547,0.102241,5648.66,8,False,-50.1001,10.4373,0.35284
252469648,5605.01,5.91343,2.28401,0.0473097,15.1465,1.457,0.678612,0.681269,4.59945,0.0174534,4406.03,12,False,-9.15718,10.9582,0.691558
193023697,6266.01,2.78956,1.70309,0.0456054,14.9616,0.971,0.804092,0.786482,4.5522,0.00822998,5039.0,46,False,-14.1575,10.4174,0.590376
298070500,5395.01,6.58117,4.98673,0.0609933,14.6637,1.095,1.13079,1.15212,4.36354,-0.0281756,6166.54,48,False,-12.6858,9.91679,0.654614
115182469,4071.01,6.51776,6.40274,0.0486896,14.3765,,0.775353,0.7423,4.58348,0.112699,4798.31,24,False,-17.0345,8.81348,0.65424
93862917,6460.01,4.40443,4.04489,0.0571244,14.2568,2.037,1.00527,1.01565,4.42364,0.0265801,5754.0,18,False,-2.1136,11.8495,0.993559
295312916,4990.01,5.63857,1.48698,0.0579817,14.0956,8.53,0.932484,1.36268,4.13049,-0.126296,5676.78,9,False,,,
307716123,4560.01,3.76348,0.437498,0.0430848,13.9847,1.05,1.39583,1.84576,4.04419,-0.0182087,6489.23,135,False,,,
276250096,6243.01,3.56531,3.07637,0.0369188,13.7601,2.119,0.992039,0.988442,4.44099,0.026944,5715.0,28,False,,,
112115898,6716.01,4.7186,3.51969,0.0223223,13.3976,1.897,0.558276,0.588183,4.64513,-0.0121106,3190.0,26,False,-58.277,7.80938,0.345925
122881136,6357.01,5.19408,1.23901,0.0302337,13.316,10.385,1.12763,1.24083,4.2917,-0.0157127,6085.6,7,False,-15.0422,9.80043,0.442022
147821208,6393.01,9.53166,0.438578,0.0620293,13.3109,,0.80023,0.782824,4.55394,0.00749835,5022.0,18,False,-74.8173,8.35032,0.270267
243187830,2009.01,14.0371,9.31245,0.043465,12.502,3.832,0.717689,0.726987,4.56026,0.0248192,4647.79,2,False,,,
192415680,6041.01,20.2605,5.36254,0.070091,27.0044,5.385,0.881788,0.862743,4.51301,0.019809,5359.0,2,False,,,
188668950,5731.01,90.1017,5.20966,0.113533,21.5917,2.68,0.677116,0.680047,4.60225,-0.00531795,4448.25,2,False,,,
346673534,4084.01,7.81798,7.80629,0.0585225,21.5322,12.131,0.934299,0.911873,4.48497,-0.225139,5820.71,2,False,,,
119131709,5633.01,5.76231,2.49306,0.0749007,20.5288,5.213,1.05487,1.10965,4.36092,0.181702,5782.61,2,False,,,
27491137,2076.01,21.0153,10.0349,0.0795705,20.5191,2.908,0.794886,0.77169,4.56285,-0.0718848,5098.78,8,False,-0.708483,19.1433,1.60499
48506505,4467.01,3.89714,0.859917,0.0141843,19.5453,2.041,0.918824,0.869782,4.52473,-0.0315609,5545.77,38,False,-0.651986,18.9024,0.843035
100757807,811.01,12.5874,6.68854,0.0838565,19.3178,14.653,1.17401,1.18909,4.35127,0.196818,6066.71,2,False,,,
335540507,5526.01,10.8647,6.07542,0.0636401,17.0849,1.421,0.754687,0.731253,4.58241,0.0415647,4759.13,8,False,-1.96917,14.4076,1.16425
92443533,6812.01,6.31495,3.37378,0.0725151,17.0034,12.629,1.07435,1.15892,4.33441,0.0132023,5951.0,2,False,,,
347051112,3720.01,2.36913,0.295142,0.0236741,15.5263,2.218,1.74732,2.16929,3.99675,0.00896277,7560.8,14,False,-5.57174,8.86652,1.46365
46020827,7471.01,4.69522,0.134506,0.080515,14.8993,8.275,0.989642,0.985563,4.44268,0.0268482,5708.0,2,False,,,
67395329,6873.01,9.41283,1.19092,0.0316487,14.8298,3.08,0.905062,0.886175,4.50033,0.0225848,5450.0,2,False,,,
65446983,3662.01,4.99383,4.94539,0.0687941,14.7782,12.515,1.49514,1.60803,4.19695,-0.111741,7934.0,2,False,,,
280865159,1894.01,369.591,61.8407,0.325217,13.9564,12.653,1.34103,1.96902,3.96341,0.020914,6101.69,2,False,,,
406684949,5442.01,4.23574,2.49259,0.0223428,12.8425,12.808,0.950863,1.25999,4.20844,-0.392616,6033.11,2,False,,,
161477033,553.03,20.4451,5.4844,0.0811723,12.2111,2.482,0.89772,0.858925,4.52085,0.19521,5245.21,2,False,-857.199,7.69443,0.07198
156514476,6884.01,4.81646,0.90808,0.0502017,11.6618,7.017,1.10371,1.20417,4.31,-0.0034978,6026.94,2,False,,,
405425498,2227.02,23.0942,21.3034,0.0276773,11.0801,1.636,1.11566,1.10206,4.39931,0.14679,5969.23,16,False,-0.0459962,12.2243,0.894788
381591826,6337.01,3.43873,0.892363,0.0170442,10.8341,14.283,0.582318,0.606768,4.63646,-0.0107364,3993.0,4,False,,,
277039287,7040.01,10.5302,1.63888,0.082197,9.7223,17.481,0.886135,0.86712,4.51064,0.0203275,5376.0,1,False,,,
142276270,1136.03,26.3176,11.8329,0.1,11.8322,7.569,0.978522,0.960636,4.4617,-0.0170737,5737.38,7,False,-2.03721e-44,23.4808,0.839729
142276270,1136.04,18.885,11.679,1.366,69.9233,3.902,0.978522,0.960636,4.4617,-0.0170737,5737.38,9,False,-666.355,23.4808,0.839729
161687211,7394.01,1.2542992733599927,0.1656092466280494,0.271464358039399,53.4068,8.88,0.558276,0.588183,4.64513,-0.0121106,3722.0,61,False,,,
181208298,6479.01,2.9217,1.6,0.03,25.0409,18.671,1.1076,1.21016,4.30676,-0.00571011,6037.0,20,True,-3.53555,18.1158,2.01339
47316976,288.01,14.5255,10.3,0.12,17.9525,9.666,1.39285,1.94759,3.99489,-0.082893,6469.29,2,False,,,
335661164,7008.01,0.840687,2.48266e-06,0.0387376,42.8227,4.035,0.833851,0.814669,4.53881,0.0138679,5170.0,146,False,-8.28224,11.7047,5.43699
456260074,6249.01,49.6357,11.0,0.11,20.9439,3.615,0.753068,0.738759,4.57485,-0.000976643,4813.0,2,False,,,
376847633,5975.01,186.538,165.5,0.31,23.2118,9.44,1.30037,1.4677,4.20241,-0.0744396,6508.0,2,False,,,
399571743,6845.01,4.744340401698796,0.0,0.0212219353603127,30.2329,5.202,0.897414,0.878476,4.50449,0.0216727,5420.1,31,False,,,
408824640,5317.01,8.66075,7.15,0.068,26.3293,11.494,1.11445,1.1531,4.35348,-0.00708535,6083.26,9,False,-8.711,16.6322,1.64671
244161191,278.01,0.2990345790160851,0.0481404045575113,0.0554156036852729,27.7932,2.634,0.238509,0.269371,4.95439,0.201893,3183.95,206,False,-13.9276,6.4078,2.80311
162631539,5724.01,36.7045,12.0,0.11,11.9722,3.667,1.11702,1.22462,4.29934,-0.010713,6060.54,2,False,,,
141527965,1216.01,4.55423,0.0986247,0.145845,23.3277,1.039,0.656597,0.669358,4.60551,0.186221,4167.59,215,False,-8.64206,5.66264,3.01324
176797879,4353.01,51.3,16.1,0.062,14.1498,,0.418021,0.432703,4.7835,-0.112365,3515.58,1,False,,,
303586471,4326.01,17.56,9.65,0.085,21.4142,3.475,1.03575,1.07195,4.38884,-0.0937467,5995.88,2,False,,,
149989864,6690.01,152.3,2.5,0.14,13.7754,,0.952372,0.940818,4.46885,0.0253586,5599.17,1,False,,,
144006874,6058.01,2.367,0.1,0.025,17.0572,1.598,0.667693,0.672764,4.60565,-0.00585652,4403.0,40,False,-24.8691,8.74635,0.799755
381897917,4565.01,19.79,19.4,0.055,23.2444,2.92,0.509255,0.525582,4.69912,-0.00645955,3673.09,1,False,,,
456171328,6295.01,10.02,8.75,0.06,12.2083,14.721,1.17566,1.31414,4.25712,-0.038337,6199.0,1,False,,,
361154154,6510.01,1.7009057497810662,1.4305936306374607,0.0265611386803189,6.09344,12.637,1.08672,1.17799,4.32413,0.00616512,5983.0,1,False,,,
238606535,5560.01,19.51,9.4,0.041,11.6802,10.276,1.39564,1.68907,4.12284,-0.0423968,6741.7,2,False,,,
443823169,6981.01,60.78,34.15,0.059,13.1839,5.118,0.558276,0.588183,4.64513,-0.0121106,3261.0,1,False,,,
457649900,4958.01,26.74,7.7,0.068,13.3477,11.389,1.63778,1.90929,4.08232,-0.193116,7778.78,1,False,,,
287152495,6253.01,4.617397313659922,2.88193015,0.0211848968048335,8.69405,0.885,0.77297,0.757004,4.5662,0.00233386,4902.0,117,False,-0.000116506,10.8943,0.635569
32498058,4347.01,35.36,11.0,0.15,11.7345,4.831,1.54858,1.54439,4.2502,-0.0231457,7606.67,4,False,-28.1261,8.18284,0.320424
373196394,7378.01,7.081,1.95,0.041,7.38662,2.347,0.588773,0.611758,4.63413,-0.0103674,4024.0,8,False,-6.49475e-08,8.56457,0.229888
167905035,4191.01,22.51,4.4,0.12,14.5172,2.658,0.974382,1.05576,4.37399,-0.124754,5873.43,2,False,,,
115242351,297.01,2.83739178041877,1.7480410612497976,0.0290602058819139,15.4728,5.364,0.795013,0.916747,4.39875,-0.0514565,5215.66,18,False,-25.525,10.5409,0.468153
27064468,5126.02,5.459,2.5,0.073,24.3049,4.218,1.15713,1.21105,4.32869,0.04147,6142.86,4,False,-350.64,13.2392,0.276165
176082442,6412.01,3.979,1.95,0.036,8.95043,7.426,1.08982,1.18276,4.32155,0.00440582,5991.0,7,False,-5.05198,6.40941,0.5921
50379036,4350.01,4.875953672312658,3.113767256654398,0.1260974771064432,12.7102,1.208,1.11716,1.11414,4.38863,0.196197,5929.45,47,False,-65.5792,9.57729,0.182568
392681545,6054.02,12.500026591611965,7.348392942136596,0.5093246391356085,10.9773,1.754,1.13867,1.25768,4.28375,-0.0209139,6111.67,7,False,-6.47033,9.72083,0.252923
124491883,2512.01,2.3933087,2.32422811581328,0.103209285509947,7.67932,2.049,1.239,1.67368,4.07121,-0.199341,6350.49,27,False,-0.96536,6.98434,0.562462
160075684,7390.01,81.37,5.6,0.088,11.071,1.576,0.558276,0.588183,4.64513,-0.0121106,3861.0,6,False,-3.32848,9.7952,0.38564
376867898,7064.01,61.50684300619172,59.67381095401532,0.547000744010774,10.9834,1.508,1.21754,1.37013,4.23476,-0.0525483,6298.0,15,False,-0.881959,7.20665,3.37034
303317324,4310.01,29.57,11.0,0.11,16.5179,1.634,0.588543,0.626247,4.60882,-0.439035,4210.3,2,False,,,
192943720,6712.01,1.8987894582534035,1.898750593033196,0.0718256017366208,10.9308,1.029,1.09959,1.19782,4.31343,-0.00115354,6016.28,65,False,-27.4276,10.1701,0.0695379
97588014,6444.01,12.292523606535266,0.74999628,0.1071812775836143,11.5679,7.184,1.10064,1.19944,4.31255,-0.0017517,6019.0,5,False,-223.461,9.66642,0.0595287
273985865,1208.03,10.96,5.8,0.067,20.1745,1.42,0.897151,0.841835,4.54089,0.0595816,5346.86,19,False,-183.819,11.853,0.287471
147892178,5207.01,11.19,6.1,0.048,7.98949,5.589,0.557023,0.576822,4.65548,0.00234746,3795.93,2,False,,,
431810418,5968.02,9.215,8.1,0.079,11.3918,2.708,1.0701,1.15237,4.33795,0.0156213,5940.0,7,False,,,
279871772,7423.01,2.8900153885415256,1.3288609940074854,0.0703793657219761,9.44947,2.109,1.07358,1.15773,4.33506,0.0136421,5949.0,30,False,-3.34016,8.28316,0.351744
313889049,4349.01,46.82,1.5,0.11,11.6135,1.654,0.539691,0.566481,4.66264,-0.0291472,3773.37,2,False,,,
367630162,2104.05,9.53995759546132,8.554915683668838,0.8825247702262015,13.131,0.775,0.751507,0.724532,4.58923,-0.0658217,4838.49,25,False,-13.0242,9.25457,0.526957
287139872,1752.02,32.70162309223317,25.15269231315836,0.5917077221890268,10.2544,1.141,0.508071,0.52576,4.69887,-0.0154054,3680.26,31,False,-4.10054,4.36323,1.55971
32460142,4382.01,10.6882,2.0,0.073,13.7898,2.146,1.23753,1.40093,4.22081,-0.11835,6422.01,8,False,-1.011e-11,14.8197,0.156483
426956677,7184.01,1.2228378058804077,0.945548838939737,0.2320175129046906,5.44789,1.081,0.952279,0.940707,4.46892,0.0253549,5598.9,21,False,-0.281818,5.48885,0.722181
248092710,1217.01,5.185773524064305,3.791507284756128,0.1114766170186827,7.31656,9.266,1.7449,3.38224,3.61707,-0.0971725,6460.06,2,False,,,
267414551,1972.01,4.76081,1.0,0.041,7.59757,2.312,1.07452,1.40829,4.1674,-0.297196,6239.66,25,False,-0.148529,8.09298,0.893599
143410850,2229.01,4.98629,1.4,0.05,12.1593,2.215,1.19811,1.58549,4.11534,-0.00374355,6132.91,15,False,-7.06098,9.65521,0.479217
335681838,5234.01,15.05094969905242,10.57716918275433,0.6868375360274943,7.98062,1.471,1.15531,1.20171,4.33857,-0.153915,6393.31,18,False,-0.00716499,9.14706,0.54623
264979636,518.01,8.93854,4.0,0.043,9.8333,2.105,1.01452,1.0068,4.43909,0.0325192,5816.19,6,False,-22.6083,8.68524,0.116164
454918388,3124.01,2.25462,2.22,0.014,34.6631,3.424,0.996774,1.12228,4.32647,0.00706405,5784.51,68,False,,,
410214986,200.01,8.13821,7.0,0.061,41.1765,1.324,0.893837,0.877855,4.49969,-0.105441,5550.88,21,False,-24.0008,24.6451,1.62083
219041246,5713.01,10.442,7.0,0.037,8.92217,2.558,0.558276,0.588183,4.64513,-0.0121106,3271.0,11,False,-1.24069e-15,12.2731,0.42905
9030119,4549.01,3.313760041193654,2.033517549069172,0.4198785845495289,13.1554,1.474,0.934827,0.922706,4.47701,-0.0341923,5624.16,34,False,-4.6181,10.6274,0.622009
200296137,4303.01,8.61096,0.3,0.049,9.92729,2.26,1.29312,1.70368,4.0786,-0.483205,6987.91,6,False,-6.2376,7.8511,0.426952
80384677,6537.01,3.64523,1.25,0.053,6.71186,3.57,0.796459,0.779253,4.55564,0.00678393,5005.4,8,False,-0.000437514,7.83252,0.362886
144645881,4333.01,8.90207,4.65,0.058,9.19835,2.511,1.03849,2.03792,3.82788,-1.17806,6631.82,8,False,-6.12301,6.12907,0.638058
122375047,6088.01,9.28708,0.4,0.072,10.8676,1.254,0.922177,0.904566,4.49006,0.0241518,5511.0,18,False,-110.365,8.4372,0.10867
404713783,4649.01,15.0759,2.0,0.083,12.8487,1.27,1.01155,0.977514,4.45805,0.131926,5670.96,6,False,-39.2841,7.82398,0.38103
463365347,4895.01,4.482138959911076,2.1677950661839978,0.0334740921046241,14.0777,3.678,1.33731,1.69223,4.09125,0.216687,6061.03,10,False,-29.9101,8.82817,0.458631
303385111,4989.01,1.7146213755316613,0.0177035823025041,0.0318097911893001,21.8364,4.481,1.24124,1.71531,4.05514,0.0070601,6080.24,15,False,-206.445,6.43697,0.501733
248434780,2462.01,12.790499660782466,2.6295710630273774,0.4408547621146235,8.97008,4.464,1.11207,1.60086,4.07509,0.0405488,5864.38,4,False,-0.000104806,12.91,1.12884
51768374,7177.01,6.83674,6.1,0.079,9.64496,1.207,1.11679,1.22427,4.2995,-0.0106052,6060.0,4,False,-0.0226095,10.7776,0.691548
29918916,852.01,4.94561,1.2,0.059,28.1857,,1.07382,1.59623,4.05661,0.104838,5713.37,19,False,-69.1484,11.3219,0.956479
146520535,942.01,4.32418,3.4,0.072,8.91153,,0.834096,0.827984,4.51301,0.167321,5042.64,13,False,-2.94032,7.28997,0.531801
319684122,5783.01,5.4464,1.55,0.052,12.1378,,0.913502,0.894673,4.49573,0.0235914,5483.0,10,False,-277.143,6.71732,0.152264
64282927,5949.02,1.883,0.26,0.035,25.7432,,0.794324,0.77723,4.5566,0.00637937,4996.0,60,False,-155.318,10.6963,0.565951
460950389,6715.01,2.8626,1.35,0.044,18.039,,0.738492,0.727492,4.58011,-0.00180979,4743.0,46,False,-164.293,9.48472,0.312746
300812741,2322.02,20.23,4.17,0.042,30.103,,0.695303,0.686849,4.59731,0.0294766,4440.29,101,False,-93.6374,15.2344,0.722658
219175972,2441.02,12.890089931189,10.201461063232273,0.052944226732275,26.3436,,0.438178,0.457653,4.75835,-0.0537018,3531.06,71,False,-42.651,9.45136,1.22768
396234347,6026.01,1.2758473184190269,0.66666336,0.0285121293455545,12.6565,0.83,0.696304,0.69488,4.59533,-0.00422117,4540.4,52,False,-1.24153,5.80821,4.34126
407126408,913.02,11.1,9.15,0.064,25.5071,2.006,0.757241,0.733565,4.58797,-0.108895,4958.63,1,False,,,
282576340,2494.02,8.376,5.32,0.033,37.9712,1.537,0.912966,0.878741,4.5066,0.175102,5317.98,26,False,-91.4085,8.54702,1.44772
220139435,2597.01,1.8019665967332408,1.5678807612530157,0.0902474540407123,14.2923,3.042,1.45443,1.5787,4.19809,-0.103946,7080.0,19,False,-72.8119,7.8967,0.353313
176314383,2719.01,3.3309692319176656,0.0741393805905051,0.3933076893789888,12.9432,2.123,1.19368,1.58878,4.10717,0.158915,5923.29,16,False,,,
279922257,6007.01,4.364981473549452,3.915801462146538,0.0332638586605191,7.36427,2.667,0.558276,0.588183,4.64513,-0.0121106,3500.0,1,False,,,
439942982,6025.01,0.3764121690696945,0.1527770200026439,0.0474981560030403,5.65328,2.499,1.49514,1.60803,4.19695,-0.111741,8448.0,43,False,,,
372077289,7307.01,2.865,2.37,0.04,6.29891,5.875,1.32758,1.4873,4.20165,-0.0796496,6609.0,2,False,,,
248769312,7063.01,3.75,2.0,0.053,7.36405,0.812,0.857235,0.838023,4.52638,0.0168806,5263.0,5,False,-1.42056,6.65314,0.400571
